postal_code,city,gmina,powiat,wojewodztwo
07-405,Aleksandrowo,Troszyn,ostrołęcki,mazowieckie
09-440,Aleksandrowo,Staroźreby,płocki,mazowieckie
06-330,Aleksandrowo,Chorzele,przasnyski,mazowieckie
16-503,Aleksandrowo,Krasnopol,sejneński,podlaskie
17-315,Aleksandrowo,Grodzisk,siemiatycki,podlaskie
16-423,Aleksandrowo,Bakałarzewo,suwalski,podlaskie
12-250,Aleksandrowo,Orzysz,piski,warmińsko-mazurskie
63-800,Aleksandrowo,Gostyń,gostyński,wielkopolskie
64-308,Aleksandrowo,Rakoniewice,grodziski,wielkopolskie
64-400,Aleksandrowo,Międzychód,międzychodzki,wielkopolskie
64-510,Aleksandrowo,Wronki,szamotulski,wielkopolskie
62-120,Aleksandrowo,Wapno,wągrowiecki,wielkopolskie
06-445,Aleksandrowo,Strzegowo,mławski,mazowieckie
23-408,Aleksandrów,Aleksandrów,biłgorajski,lubelskie
23-275,Aleksandrów,Gościeradów,kraśnicki,lubelskie
21-400,Aleksandrów,Łuków,łukowski,lubelskie
21-421,Aleksandrów,Stanin,łukowski,lubelskie
97-438,Aleksandrów,Rusiec,bełchatowski,łódzkie
99-307,Aleksandrów,Strzelce,kutnowski,łódzkie
99-319,Aleksandrów,Żychlin,kutnowski,łódzkie
26-337,Aleksandrów,Aleksandrów,piotrkowski,łódzkie
97-360,Aleksandrów,Kamieńsk,radomszczański,łódzkie
96-230,Aleksandrów,Rawska,rawski,łódzkie
97-225,Aleksandrów,Ujazd,tomaszowski,łódzkie
26-811,Aleksandrów,Wyśmierzyce,białobrzeski,mazowieckie
08-450,Aleksandrów,Łaskarzew,garwoliński,mazowieckie
09-540,Aleksandrów,Sanniki,gostyniński,mazowieckie
05-652,Aleksandrów,Pniewy,grójecki,mazowieckie
26-910,Aleksandrów,Magnuszew,kozienicki,mazowieckie
05-126,Aleksandrów,Nieporęt,legionowski,mazowieckie
27-350,Aleksandrów,Sienno,lipski,mazowieckie
05-306,Aleksandrów,Jakubów,miński,mazowieckie
05-152,Aleksandrów,Czosnów,nowodworski,mazowieckie
05-530,Aleksandrów,Kalwaria,piaseczyński,mazowieckie
26-630,Aleksandrów,Jedlnia-Letnisko,radomski,mazowieckie
96-521,Aleksandrów,Iłów,sochaczewski,mazowieckie
96-514,Aleksandrów,Rybno,sochaczewski,mazowieckie
26-510,Aleksandrów,Chlewiska,szydłowiecki,mazowieckie
96-317,Aleksandrów,Wiskitki,żyrardowski,mazowieckie
46-320,Aleksandrów,Praszka,oleski,opolskie
42-230,Aleksandrów,Koniecpol,częstochowski,śląskie
42-140,Aleksandrów,Panki,kłobucki,śląskie
28-340,Aleksandrów,Sędziszów,jędrzejowski,świętokrzyskie
28-425,Aleksandrów,Pińczów,pińczowski,świętokrzyskie
62-831,Aleksandrów,Mycielin,kaliski,wielkopolskie
62-652,Aleksandrów,Chodów,kolski,wielkopolskie
63-040,Aleksandrów,Wartą,średzki,wielkopolskie
62-731,Aleksandrów,Przykona,turecki,wielkopolskie
87-700,Aleksandrów,Kujawski,aleksandrowski,kujawsko-pomorskie
95-070,Aleksandrów,Łódzki,zgierski,łódzkie
98-100,Aleksandrówek,Łask,łaski,łódzkie
99-150,Aleksandrówek,Grabów,łęczycki,łódzkie
99-200,Aleksandrówek,Poddębice,poddębicki,łódzkie
62-580,Aleksandrówek,Grodziec,koniński,wielkopolskie
21-570,Aleksandrówka,Drelów,bialski,lubelskie
22-107,Aleksandrówka,Sawin,chełmski,lubelskie
23-320,Aleksandrówka,Batorz,janowski,lubelskie
21-140,Aleksandrówka,Michów,lubartowski,lubelskie
21-450,Aleksandrówka,Łukowski,łukowski,lubelskie
99-321,Aleksandrówka,Żychlin,kutnowski,łódzkie
05-622,Aleksandrówka,Duży,grójecki,mazowieckie
26-900,Aleksandrówka,Kozienice,kozienicki,mazowieckie
05-311,Aleksandrówka,Wielkie,miński,mazowieckie
07-110,Aleksandrówka,Grębków,węgrowski,mazowieckie
26-720,Aleksandrówka,Policzna,zwoleński,mazowieckie
16-411,Aleksandrówka,Szypliszki,suwalski,podlaskie
42-248,Aleksandrówka,Przyrów,częstochowski,śląskie
62-600,Aleksandrówka,Koło,kolski,wielkopolskie
09-500,Aleksandrynów,Gostynin,gostyniński,mazowieckie
16-060,Aleksicze,Zabłudów,białostocki,podlaskie
16-506,Aleksiejówka,Giby,sejneński,podlaskie
05-604,Alfonsowo,Jasieniec,grójecki,mazowieckie
98-105,Alfonsów,Wodzierady,łaski,łódzkie
26-333,Alfonsów,Paradyż,opoczyński,łódzkie
99-232,Alfonsów,Zadzim,poddębicki,łódzkie
09-533,Alfonsów,Słubice,płocki,mazowieckie
39-460,Alfredówka,Dęba,tarnobrzeski,podkarpackie
62-540,Alinowo,Kleczew,koniński,wielkopolskie
22-122,Alojzów,Leśniowice,chełmski,lubelskie
22-550,Alojzów,Werbkowice,hrubieszowski,lubelskie
27-100,Alojzów,Iłża,radomski,mazowieckie
88-210,Altana,Dobre,radziejowski,kujawsko-pomorskie
96-500,Altanka,Sochaczew,sochaczewski,mazowieckie
66-439,Altona,Krzeszyce,sulęciński,lubuskie
32-566,Alwernia,Alwernia,chrzanowski,małopolskie
83-320,Amalka,Sulęczyno,kartuski,pomorskie
47-494,Amandów,Wielkie,raciborski,śląskie
99-122,Ambrożew,Małgorzaty,łęczycki,łódzkie
27-225,Ambrożów,Pawłów,starachowicki,świętokrzyskie
21-132,Amelin,Kamionka,lubartowski,lubelskie
21-220,Amelin,Siemień,parczewski,lubelskie
97-500,Amelin,Radomsko,radomszczański,łódzkie
06-212,Amelin,Krasnosielc,makowski,mazowieckie
26-001,Ameliówka,Masłów,kielecki,świętokrzyskie
89-200,Ameryczka,Szubin,nakielski,kujawsko-pomorskie
22-530,Ameryka,Mircze,hrubieszowski,lubelskie
46-300,Ameryka,Olesno,oleski,opolskie
83-323,Ameryka,Sierakowice,kartuski,pomorskie
11-015,Ameryka,Olsztynek,olsztyński,warmińsko-mazurskie
95-045,Anastazew,Parzęczew,zgierski,łódzkie
07-230,Anastazew,Zabrodzie,wyszkowski,mazowieckie
62-436,Anastazewo,Powidz,słupecki,wielkopolskie
97-400,Anastazów,Bełchatów,bełchatowski,łódzkie
09-541,Anatolin,Pacyna,gostyniński,mazowieckie
17-210,Ancuty,Narew,hajnowski,podlaskie
95-020,Andrespol,łódzki,wschodni,łódzkie
27-650,Andruszkowice,Samborzec,sandomierski,świętokrzyskie
34-120,Andrychów,Andrychów,wadowicki,małopolskie
18-507,Andrychy,Grabowo,kolneński,podlaskie
17-111,Andryjanki,Boćki,bielski,podlaskie
07-305,Andrzejewo,Andrzejewo,ostrowski,mazowieckie
18-400,Andrzejki,Łomża,łomżyński,podlaskie
07-407,Andrzejki-Tyszki,Czerwin,ostrołęcki,mazowieckie
22-113,Andrzejów,Kamień,chełmski,lubelskie
23-302,Andrzejów,Godziszów,janowski,lubelskie
22-234,Andrzejów,Urszulin,włodawski,lubelskie
98-432,Andrzejów,Łubnice,wieruszowski,łódzkie
98-220,Andrzejów,Wola,zduńskowolski,łódzkie
09-550,Andrzejów,Kościelny,gostyniński,mazowieckie
05-088,Andrzejów,Brochów,sochaczewski,mazowieckie
26-704,Andrzejów,Przyłęk,zwoleński,mazowieckie
23-400,Andrzejówka,Biłgoraj,biłgorajski,lubelskie
33-370,Andrzejówka,Muszyna,nowosądecki,małopolskie
05-192,Andzin,Nasielsk,nowodworski,mazowieckie
14-400,Anglity,Pasłęk,elbląski,warmińsko-mazurskie
89-620,Angowice,Chojnice,chojnicki,pomorskie
05-300,Anielew,Mazowiecki,miński,mazowieckie
62-510,Anielew,Kramsk,koniński,wielkopolskie
87-327,Anielewo,Bobrowo,brodnicki,kujawsko-pomorskie
62-530,Anielewo,Biskupi,koniński,wielkopolskie
62-410,Anielewo,Zagórów,słupecki,wielkopolskie
87-851,Anielin,Boniewo,włocławski,kujawsko-pomorskie
23-235,Anielin,Annopol,kraśnicki,lubelskie
24-100,Anielin,Puławy,puławski,lubelskie
99-306,Anielin,Łanięta,kutnowski,łódzkie
26-315,Anielin,Poświętne,opoczyński,łódzkie
97-525,Anielin,Wielgomłyny,radomszczański,łódzkie
98-313,Anielin,Konopnica,wieluński,łódzkie
95-010,Anielin,Stryków,zgierski,łódzkie
06-420,Anielin,Gołymin-Ośrodek,ciechanowski,mazowieckie
26-930,Anielin,Garbatka-Letnisko,kozienicki,mazowieckie
26-914,Anielin,Magnuszew,kozienicki,mazowieckie
09-120,Anielin,Miasto,płoński,mazowieckie
26-640,Anielin,Skaryszew,radomski,mazowieckie
62-817,Anielin,Żelazków,kaliski,wielkopolskie
64-965,Anielin,Okonek,złotowski,wielkopolskie
72-211,Anielino,Dobra,łobeski,zachodniopomorskie
89-110,Anieliny,Sadki,nakielski,kujawsko-pomorskie
98-338,Anielów,Sulmierzyce,pajęczański,łódzkie
08-460,Anielów,Sobolew,garwoliński,mazowieckie
22-310,Anielpol,Kraśniczyn,krasnostawski,lubelskie
63-620,Aniołka,Trzcinica,kępiński,wielkopolskie
63-500,Aniołki,Ostrzeszów,ostrzeszowski,wielkopolskie
82-440,Ankamaty,Dzierzgoń,sztumski,pomorskie
63-200,Annapol,Jarocin,jarociński,wielkopolskie
99-311,Annetów,Bedlno,kutnowski,łódzkie
21-100,Annobór,Lubartów,lubartowski,lubelskie
64-520,Annogóra,Obrzycko,szamotulski,wielkopolskie
42-110,Annolesie,Popów,kłobucki,śląskie
22-114,Annopol,Żmudź,chełmski,lubelskie
22-500,Annopol,Hrubieszów,hrubieszowski,lubelskie
21-150,Annopol,Kock,lubartowski,lubelskie
05-620,Annopol,Błędów,grójecki,mazowieckie
06-300,Annopol,Przasnysz,przasnyski,mazowieckie
05-282,Annopol,Strachówka,wołomiński,mazowieckie
62-850,Annopol,Lisków,kaliski,wielkopolskie
63-910,Annopol,Górka,rawicki,wielkopolskie
97-216,Annopol,Czerniewice,tomaszowski,łódzkie
63-022,Annopole,Wielkopolska,średzki,wielkopolskie
77-416,Annopole,Tarnówka,złotowski,wielkopolskie
96-232,Annosław,Regnów,rawski,łódzkie
86-330,Annowo,Gruta,grudziądzki,kujawsko-pomorskie
87-890,Annowo,Lubraniec,włocławski,kujawsko-pomorskie
88-410,Annowo,Gąsawa,żniński,kujawsko-pomorskie
89-210,Annowo,Łabiszyn,żniński,kujawsko-pomorskie
62-005,Annowo,Czerwonak,poznański,wielkopolskie
23-155,Annów,Zakrzew,lubelski,lubelskie
63-820,Anteczków,Piaski,gostyński,wielkopolskie
21-543,Antolin,Konstantynów,bialski,lubelskie
23-310,Antolin,Modliborzyce,janowski,lubelskie
97-212,Antolin,Budziszewice,tomaszowski,łódzkie
32-210,Antolka,Wielki,miechowski,małopolskie
42-320,Antolka,Niegowa,myszkowski,śląskie
19-520,Antomieszki,Mazurskie,gołdapski,warmińsko-mazurskie
07-438,Antonia,Łyse,ostrołęcki,mazowieckie
12-114,Antonia,Rozogi,szczycieński,warmińsko-mazurskie
07-410,Antonie,Olszewo-Borki,ostrołęcki,mazowieckie
97-352,Antonielów,Szlacheckie,piotrkowski,łódzkie
26-070,Antonielów,Łopuszno,kielecki,świętokrzyskie
95-083,Antoniew,Lutomiersk,pabianicki,łódzkie
95-015,Antoniew,Głowno,zgierski,łódzkie
96-513,Antoniew,Sucha,sochaczewski,mazowieckie
96-315,Antoniew,Wiskitki,żyrardowski,mazowieckie
74-510,Antoniewice,Trzcińsko-Zdrój,gryfiński,zachodniopomorskie
73-234,Antoniewko,Bierzwnik,choszczeński,zachodniopomorskie
87-704,Antoniewo,Bądkowo,aleksandrowski,kujawsko-pomorskie
87-400,Antoniewo,Golub-Dobrzyń,golubsko-dobrzyński,kujawsko-pomorskie
87-840,Antoniewo,Kujawski,włocławski,kujawsko-pomorskie
07-310,Antoniewo,Mazowiecka,ostrowski,mazowieckie
09-213,Antoniewo,Gozdowo,sierpecki,mazowieckie
09-135,Antoniewo,Siemiątkowo,żuromiński,mazowieckie
89-632,Antoniewo,Brusy,chojnicki,pomorskie
14-300,Antoniewo,Morąg,ostródzki,warmińsko-mazurskie
64-720,Antoniewo,Lubasz,czarnkowsko-,wielkopolskie
62-085,Antoniewo,Skoki,wągrowiecki,wielkopolskie
37-600,Antoniki,Lubaczów,lubaczowski,podkarpackie
98-260,Antonin,Burzenin,sieradzki,łódzkie
98-240,Antonin,Szadek,zduńskowolski,łódzkie
18-230,Antonin,Ciechanowiec,wysokomazowiecki,podlaskie
82-550,Antonin,Prabuty,kwidzyński,pomorskie
63-210,Antonin,Żerków,jarociński,wielkopolskie
62-862,Antonin,Szczytniki,kaliski,wielkopolskie
64-600,Antonin,Oborniki,obornicki,wielkopolskie
63-421,Antonin,Przygodzice,ostrowski,wielkopolskie
62-025,Antonin,Kostrzyn,poznański,wielkopolskie
98-337,Antonina,Wielkie,pajęczański,łódzkie
05-307,Antonina,Dobre,miński,mazowieckie
05-340,Antoninek,Kołbiel,otwocki,mazowieckie
62-060,Antoninek,Stęszew,poznański,wielkopolskie
26-332,Antoninów,Sławno,opoczyński,łódzkie
96-200,Antoninów,Rawska,rawski,łódzkie
09-520,Antoninów,Gostynin,gostyniński,mazowieckie
05-504,Antoninów,Piaseczno,piaseczyński,mazowieckie
58-512,Antoniów,Kamienica,karkonoski,dolnośląskie
21-020,Antoniów,Milejów,łęczyński,lubelskie
26-300,Antoniów,Opoczno,opoczyński,łódzkie
26-330,Antoniów,Żarnów,opoczyński,łódzkie
97-512,Antoniów,Kodrąb,radomszczański,łódzkie
27-310,Antoniów,Ciepielów,lipski,mazowieckie
26-434,Antoniów,Gielniów,przysuski,mazowieckie
46-040,Antoniów,Ozimek,opolski,opolskie
37-455,Antoniów,Sanem,stalowowolski,podkarpackie
42-233,Antoniów,Mykanów,częstochowski,śląskie
27-423,Antoniów,Bałtów,ostrowiecki,świętokrzyskie
22-315,Antoniówka,Gorzków,krasnostawski,lubelskie
21-102,Antoniówka,Ostrówek,lubartowski,lubelskie
23-110,Antoniówka,Krzczonów,lubelski,lubelskie
23-145,Antoniówka,Wysokie,lubelski,lubelskie
22-610,Antoniówka,Krynice,tomaszowski,lubelskie
22-435,Antoniówka,Komarów-Osada,zamojski,lubelskie
97-410,Antoniówka,Kleszczów,bełchatowski,łódzkie
37-470,Antoniówka,Zaklików,stalowowolski,podkarpackie
08-480,Antoniówka,Maciejowice,garwoliński,mazowieckie
07-306,Antonowo,Brok,ostrowski,mazowieckie
17-106,Antonowo,Orla,bielski,podlaskie
11-500,Antonowo,Giżycko,giżycki,warmińsko-mazurskie
42-141,Antonów,Przystajń,kłobucki,śląskie
24-350,Antonówka,Chodel,opolski,lubelskie
21-222,Antopol,Podedwórze,parczewski,lubelskie
16-405,Antosin,Wiżajny,suwalski,podlaskie
88-230,Anusin,Kujawski,radziejowski,kujawsko-pomorskie
22-130,Anusin,Siedliszcze,chełmski,lubelskie
99-335,Anusin,Witonia,łęczycki,łódzkie
17-330,Anusin,Nurzec-Stacja,siemiatycki,podlaskie
17-300,Anusin,Siemiatycze,siemiatycki,podlaskie
89-300,Anusin,Wyrzysk,pilski,wielkopolskie
12-200,Anuszewo,Pisz,piski,warmińsko-mazurskie
83-136,Aplinki,Gniew,tczewski,pomorskie
97-320,Apolonka,Wolbórz,piotrkowski,łódzkie
42-253,Apolonka,Janów,częstochowski,śląskie
11-410,Aptynty,Barciany,kętrzyński,warmińsko-mazurskie
17-312,Arbasy,Drohiczyn,siemiatycki,podlaskie
09-100,Arcelin,Płońsk,płoński,mazowieckie
09-454,Archutowo,Bodzanów,płocki,mazowieckie
09-470,Archutówko,Bodzanów,płocki,mazowieckie
96-520,Arciechów,Iłów,sochaczewski,mazowieckie
05-255,Arciechów,Radzymin,wołomiński,mazowieckie
83-010,Arciszewo,Gdański,gdański,pomorskie
62-220,Arcugowo,Niechanowo,gnieźnieński,wielkopolskie
11-200,Ardapy,Bartoszyce,bartoszycki,warmińsko-mazurskie
89-350,Arentowo,Krajeńskie,pilski,wielkopolskie
87-731,Ariany,Waganiec,aleksandrowski,kujawsko-pomorskie
99-416,Arkadia,Nieborów,łowicki,łódzkie
62-635,Arkuszewo,Przedecz,kolski,wielkopolskie
38-712,Arłamów,Dolne,bieszczadzki,podkarpackie
88-150,Arturowo,Kruszwica,inowrocławski,kujawsko-pomorskie
95-001,Astachowice,Zgierz,zgierski,łódzkie
26-700,Atalin,Zwoleń,zwoleński,mazowieckie
64-820,Atanazyn,Szamocin,chodzieski,wielkopolskie
16-304,Ateny,Nowinka,augustowski,podlaskie
11-220,Augamy,Iławeckie,bartoszycki,warmińsko-mazurskie
99-352,Augustopol,Dąbrowice,kutnowski,łódzkie
87-313,Augustowo,Brzozie,brodnicki,kujawsko-pomorskie
86-022,Augustowo,Dobrcz,bydgoski,kujawsko-pomorskie
88-190,Augustowo,Barcin,żniński,kujawsko-pomorskie
07-210,Augustowo,Długosiodło,wyszkowski,mazowieckie
17-100,Augustowo,Podlaski,bielski,podlaskie
12-120,Augustowo,Dźwierzuty,szczycieński,warmińsko-mazurskie
64-050,Augustowo,Wielichowo,grodziski,wielkopolskie
64-130,Augustowo,Rydzyna,leszczyński,wielkopolskie
64-423,Augustowo,Kwilcz,międzychodzki,wielkopolskie
77-430,Augustowo,Krajenka,złotowski,wielkopolskie
26-340,Augustów,Drzewica,opoczyński,łódzkie
98-332,Augustów,Rząśnia,pajęczański,łódzkie
26-902,Augustów,Pilicą,kozienicki,mazowieckie
06-408,Augustów,Krasne,przasnyski,mazowieckie
26-624,Augustów,Kowala,radomski,mazowieckie
26-670,Augustów,Pionki,radomski,mazowieckie
16-300,Augustów,Augustów,augustowski,podlaskie
08-445,Augustówka,Osieck,otwocki,mazowieckie
87-865,Augustynowo,Kujawska,włocławski,kujawsko-pomorskie
98-290,Augustynów,Warta,sieradzki,łódzkie
98-360,Augustynów,Lututów,wieruszowski,łódzkie
62-660,Augustynów,Dąbie,kolski,wielkopolskie
11-130,Augustyny,Orneta,lidzbarski,warmińsko-mazurskie
16-140,Aulakowszczyzna,Korycin,sokólski,podlaskie
22-510,Aurelin,Uchanie,hrubieszowski,lubelskie
88-300,Baba,Mogilno,mogileński,kujawsko-pomorskie
87-510,Baba,Skrwilno,rypiński,kujawsko-pomorskie
07-436,Baba,Łyse,ostrołęcki,mazowieckie
13-334,Babalice,Biskupiec,nowomiejski,warmińsko-mazurskie
16-500,Babańce,Sejny,sejneński,podlaskie
97-524,Babczów,Wielkie,radomszczański,łódzkie
83-330,Babi,Żukowo,kartuski,pomorskie
62-586,Babia,Rzgów,koniński,wielkopolskie
11-100,Babiak,Warmiński,lidzbarski,warmińsko-mazurskie
62-620,Babiak,Babiak,kolski,wielkopolskie
21-200,Babianka,Parczew,parczewski,lubelskie
34-103,Babica,Wadowice,wadowicki,małopolskie
38-120,Babica,Czudec,strzyżowski,podkarpackie
23-413,Babice,Obsza,biłgorajski,lubelskie
32-551,Babice,Babice,chrzanowski,małopolskie
32-600,Babice,Oświęcim,oświęcimski,małopolskie
08-455,Babice,Trojanów,garwoliński,mazowieckie
48-120,Babice,Baborów,głubczycki,opolskie
37-754,Babice,Krzywcza,przemyski,podkarpackie
47-440,Babice,Nędza,raciborski,śląskie
05-082,Babice,warszawski,zachodni,mazowieckie
39-307,Babicha,Narodowy,mielecki,podkarpackie
95-030,Babichy,łódzki,wschodni,łódzkie
83-050,Babidół,Kolbudy,gdański,pomorskie
87-630,Babie,Skępe,lipnowski,kujawsko-pomorskie
09-200,Babiec,Rościszewo,sierpecki,mazowieckie
09-204,Babiec,Rościszewo,sierpecki,mazowieckie
42-287,Babienica,Woźniki,lubliniecki,śląskie
42-283,Babienica,Woźniki,lubliniecki,śląskie
11-430,Babieniec,Korsze,kętrzyński,warmińsko-mazurskie
11-710,Babięta,Piecki,mrągowski,warmińsko-mazurskie
14-240,Babięty,Susz,iławski,warmińsko-mazurskie
72-122,Babigoszcz,Przybiernów,goleniowski,zachodniopomorskie
16-113,Babiki,Szudziałowo,sokólski,podlaskie
27-300,Babilon,Lipsko,lipski,mazowieckie
89-608,Babilon,Chojnice,chojnicki,pomorskie
66-110,Babimost,Babimost,zielonogórski,lubuskie
59-223,Babin,Krotoszyce,legnicki,dolnośląskie
24-200,Babin,Bełżyce,lubelski,lubelskie
62-420,Babin,Strzałkowo,słupecki,wielkopolskie
63-011,Babin,Wielkopolska,średzki,wielkopolskie
74-202,Babin,Bielice,pyrzycki,zachodniopomorskie
74-111,Babinek,Banie,gryfiński,zachodniopomorskie
16-080,Babino,Choroszcz,białostocki,podlaskie
19-506,Babki,Gołdap,gołdapski,warmińsko-mazurskie
61-160,Babki,Mosina,poznański,wielkopolskie
19-400,Babki,Olecko,olecki,warmińsko-mazurskie
63-830,Babkowice,Pępowo,gostyński,wielkopolskie
64-514,Baborowo,Szamotuły,szamotulski,wielkopolskie
64-500,Baborówko,Szamotuły,szamotulski,wielkopolskie
09-130,Baboszewo,Baboszewo,płoński,mazowieckie
39-340,Babule,Narodowa,mielecki,podkarpackie
97-310,Baby,Moszczenica,piotrkowski,łódzkie
06-400,Baby,Ciechanów,ciechanowski,mazowieckie
83-240,Baby,Lubichowo,starogardzki,pomorskie
42-282,Baby,Kruszyna,częstochowski,śląskie
63-430,Baby,Odolanów,ostrowski,wielkopolskie
16-404,Bachanowo,Jeleniewo,suwalski,podlaskie
38-604,Bachlawa,Lesko,leski,podkarpackie
16-150,Bachmackie,Suchowola,sokólski,podlaskie
16-100,Bachmatówka,Sokółka,sokólski,podlaskie
87-706,Bachorza,Zakrzewo,aleksandrowski,kujawsko-pomorskie
08-206,Bachorza,Huszlew,łosicki,mazowieckie
08-300,Bachorza,Podlaski,sokołowski,mazowieckie
11-520,Bachorza,Ryn,giżycki,warmińsko-mazurskie
89-606,Bachorze,Chojnice,chojnicki,pomorskie
87-610,Bachorzewo,Wisłą,lipnowski,kujawsko-pomorskie
98-113,Bachorzyn,Buczek,łaski,łódzkie
87-312,Bachotek,Zbiczno,brodnicki,kujawsko-pomorskie
34-116,Bachowice,Spytkowice,wadowicki,małopolskie
36-068,Bachórz,Dynów,rzeszowski,podkarpackie
37-752,Bachórzec,Dubiecko,przemyski,podkarpackie
16-050,Bachury,Michałowo,białostocki,podlaskie
18-106,Baciuty,Kościelna,białostocki,podlaskie
06-406,Bacze,Górna,ciechanowski,mazowieckie
18-300,Bacze,Zambrów,zambrowski,podlaskie
08-307,Baczki,Repki,sokołowski,mazowieckie
07-130,Baczki,Łochów,węgrowski,mazowieckie
21-426,Baczków,Mysłowska,łukowski,lubelskie
32-708,Baczków,Bochnia,bocheński,małopolskie
34-211,Baczyn,Budzów,suski,małopolskie
73-200,Baczyn,Choszczno,choszczeński,zachodniopomorskie
66-432,Baczyna,Lubiszyn,gorzowski,lubuskie
26-200,Baczyna,Końskie,konecki,świętokrzyskie
72-410,Baczysław,Golczewo,kamieński,zachodniopomorskie
27-552,Baćkowice,Baćkowice,opatowski,świętokrzyskie
96-320,Badowo-Dańki,Mszczonów,żyrardowski,mazowieckie
28-136,Badrzychowice,Korczyn,buski,świętokrzyskie
26-425,Badulki,Odrzywół,przysuski,mazowieckie
63-410,Bagatela,Wielkopolski,ostrowski,wielkopolskie
07-311,Bagatele,Wąsewo,ostrowski,mazowieckie
98-420,Bagatelka,Sokolniki,wieruszowski,łódzkie
62-320,Bagatelka,Miłosław,wrzesiński,wielkopolskie
78-111,Bagicz,Morskie,kołobrzeski,zachodniopomorskie
89-520,Bagienica,Gostycyn,tucholski,kujawsko-pomorskie
19-222,Bagienice,Wąsosz,grajewski,podlaskie
18-423,Bagienice,Przytuły,łomżyński,podlaskie
11-700,Bagienice,Mrągowo,mrągowski,warmińsko-mazurskie
09-310,Bagienice,Kuczbork-Osada,żuromiński,mazowieckie
58-100,Bagieniec,Śląska,świdnicki,dolnośląskie
07-221,Bagienko,Brańszczyk,wyszkowski,mazowieckie
14-140,Bagieńsko,Miłomłyn,ostródzki,warmińsko-mazurskie
89-650,Bagna,Czersk,chojnicki,pomorskie
83-424,Bagna,Lipusz,kościerski,pomorskie
72-212,Bagna,Maszewo,goleniowski,zachodniopomorskie
77-304,Bagnica,Rzeczenica,człuchowski,pomorskie
76-012,Bagnica,Polanów,koszaliński,zachodniopomorskie
86-120,Bagniewko,Pruszcz,świecki,kujawsko-pomorskie
78-426,Bagniewko,Bór,szczecinecki,zachodniopomorskie
66-535,Bagniewo,Drezdenko,strzelecko-drezdenecki,lubuskie
14-330,Bagnity,Małdyty,ostródzki,warmińsko-mazurskie
55-120,Bagno,Śląskie,trzebnicki,dolnośląskie
22-470,Bagno,Zwierzyniec,zamojski,lubelskie
67-410,Bagno,Sława,wschowski,lubuskie
97-340,Bagno,Rozprza,piotrkowski,łódzkie
05-110,Bagno,Jabłonna,legionowski,mazowieckie
19-124,Bagno,Jaświły,moniecki,podlaskie
13-332,Bagno,Bratian,nowomiejski,warmińsko-mazurskie
76-024,Bagno,Świeszyno,koszaliński,zachodniopomorskie
16-200,Bagny,Białostocka,sokólski,podlaskie
63-012,Bagrowo,Dominowo,średzki,wielkopolskie
38-471,Bajdy,Wojaszówka,krośnieński,podkarpackie
14-230,Bajdy,Zalewo,iławski,warmińsko-mazurskie
86-253,Bajerze,Królewskie,chełmiński,kujawsko-pomorskie
19-111,Bajki-Zalesie,Krypno,moniecki,podlaskie
11-420,Bajorski,Srokowo,kętrzyński,warmińsko-mazurskie
19-321,Bajtkowo,Ełk,ełcki,warmińsko-mazurskie
16-420,Bakaniuk,Raczki,suwalski,podlaskie
06-320,Bakuła,Baranowo,ostrołęcki,mazowieckie
22-150,Bakus-Wanda,Wierzbica,chełmski,lubelskie
27-500,Balbinów,Opatów,opatowski,świętokrzyskie
47-134,Balcarzowice,Ujazd,strzelecki,opolskie
96-100,Balcerów,Skierniewice,skierniewicki,łódzkie
05-240,Balcery,Tłuszcz,wołomiński,mazowieckie
88-110,Balczewo,Inowrocław,inowrocławski,kujawsko-pomorskie
82-500,Baldram,Kwidzyn,kwidzyński,pomorskie
57-211,Baldwinowice,Ciepłowody,ząbkowicki,dolnośląskie
46-142,Baldwinowice,Namysłów,namysłowski,opolskie
08-124,Bale,Mokobody,siedlecki,mazowieckie
82-433,Balewko,Pomorskie,sztumski,pomorskie
82-325,Balewo,Markusy,elbląski,warmińsko-mazurskie
88-160,Balice,Janikowo,inowrocławski,kujawsko-pomorskie
32-083,Balice,Zabierzów,krakowski,małopolskie
28-114,Balice,Gnojno,buski,świętokrzyskie
38-606,Baligród,Baligród,leski,podkarpackie
18-414,Baliki,Nowogród,łomżyński,podlaskie
99-320,Balików,Żychlin,kutnowski,łódzkie
87-500,Balin,Rypin,rypiński,kujawsko-pomorskie
32-500,Balin,Chrzanów,chrzanowski,małopolskie
16-310,Balinka,Sztabin,augustowski,podlaskie
99-120,Balków,Piątek,łęczycki,łódzkie
38-543,Balnica,Komańcza,sanocki,podkarpackie
76-211,Bałamątek,Ustka,słupski,pomorskie
19-330,Bałamutowo,Juchy,ełcki,warmińsko-mazurskie
34-600,Bałażówka,Limanowa,limanowski,małopolskie
11-042,Bałąg,Jonkowo,olsztyński,warmińsko-mazurskie
14-100,Bałcyny,Ostróda,ostródzki,warmińsko-mazurskie
62-872,Bałdoń,Wielkie,kaliski,wielkopolskie
63-507,Bałdowice,Góra,ostrzeszowski,wielkopolskie
87-603,Bałdowo,Wielgie,lipnowski,kujawsko-pomorskie
83-110,Bałdowo,Tczew,tczewski,pomorskie
10-687,Bałdy,Purda,olsztyński,warmińsko-mazurskie
29-135,Bałków,Radków,włoszczowski,świętokrzyskie
11-400,Bałowo,Kętrzyn,kętrzyński,warmińsko-mazurskie
11-731,Bałowo,Sorkwity,mrągowski,warmińsko-mazurskie
24-103,Bałtów,Żyrzyn,puławski,lubelskie
38-481,Bałucianka,Rymanów,krośnieński,podkarpackie
19-500,Bałupiany,Gołdap,gołdapski,warmińsko-mazurskie
37-413,Banachy,Harasiuki,niżański,podkarpackie
63-630,Bandlów,Rychtal,kępiński,wielkopolskie
38-700,Bandrów,Dolne,bieszczadzki,podkarpackie
07-431,Bandysie,Czarnia,ostrołęcki,mazowieckie
26-234,Bania,Konecka,konecki,świętokrzyskie
38-315,Banica,Gorlickie,gorlicki,małopolskie
74-110,Banie,Banie,gryfiński,zachodniopomorskie
80-297,Banino,Żukowo,kartuski,pomorskie
05-532,Baniocha,Kalwaria,piaseczyński,mazowieckie
22-360,Bańkowszczyzna,Rejowiec,chełmski,lubelskie
34-424,Bańska,Szaflary,nowotarski,małopolskie
21-002,Barak,Jastków,lubelski,lubelskie
26-500,Barak,Szydłowiec,szydłowiecki,mazowieckie
22-304,Baraki,Różana,krasnostawski,lubelskie
09-110,Baraki,Sochocin,płoński,mazowieckie
06-452,Baraki,Ciechanów,ciechanowski,mazowieckie
21-136,Baran,Firlej,lubartowski,lubelskie
26-080,Baran,Mniów,kielecki,świętokrzyskie
06-456,Baraniec,Ojrzeń,ciechanowski,mazowieckie
06-425,Baraniec,Karniewo,makowski,mazowieckie
62-312,Baraniec,Pyzdry,wrzesiński,wielkopolskie
16-061,Baranki,Kościelny,białostocki,podlaskie
56-210,Baranowice,Wąsosz,górowski,dolnośląskie
56-300,Baranowice,Milicz,milicki,dolnośląskie
55-080,Baranowice,Wrocławskie,wrocławski,dolnośląskie
66-431,Baranowice,Santok,gorzowski,lubuskie
16-406,Baranowo,Rutka-Tartak,suwalski,podlaskie
77-124,Baranowo,Parchowo,bytowski,pomorskie
11-730,Baranowo,Mikołajki,mrągowski,warmińsko-mazurskie
12-160,Baranowo,Wielbark,szczycieński,warmińsko-mazurskie
62-260,Baranowo,Łubowo,gnieźnieński,wielkopolskie
62-050,Baranowo,Mosina,poznański,wielkopolskie
62-081,Baranowo,Podgórne,poznański,wielkopolskie
24-105,Baranów,Baranów,puławski,lubelskie
96-314,Baranów,Baranów,grodziski,mazowieckie
27-312,Baranów,Chotcza,lipski,mazowieckie
28-100,Baranów,Busko-Zdrój,buski,świętokrzyskie
28-530,Baranów,Skalbmierz,kazimierski,świętokrzyskie
63-604,Baranów,Baranów,kępiński,wielkopolskie
39-450,Baranów,Sandomierski,tarnobrzeski,podkarpackie
63-300,Baranówek,Pleszew,pleszewski,wielkopolskie
32-010,Baranówka,Kocmyrzów-Luborzyca,krakowski,małopolskie
14-530,Baranówka,Frombork,braniewski,warmińsko-mazurskie
87-600,Barany,Lipno,lipnowski,kujawsko-pomorskie
98-330,Barany,Pajęczno,pajęczański,łódzkie
19-300,Barany,Ełk,ełcki,warmińsko-mazurskie
19-411,Barany,Świętajno,olecki,warmińsko-mazurskie
32-046,Barbarka,Skała,krakowski,małopolskie
62-590,Barbarka,Golina,koniński,wielkopolskie
22-175,Barbarówka,Dorohusk,chełmski,lubelskie
62-511,Barce,Kramsk,koniński,wielkopolskie
22-437,Barchaczów,Łabunie,zamojski,lubelskie
64-234,Barchlin,Przemęt,wolsztyński,wielkopolskie
83-211,Barchnowy,Gdański,starogardzki,pomorskie
33-342,Barcice,Sącz,nowosądecki,małopolskie
07-203,Barcice,Somianka,wyszkowski,mazowieckie
82-420,Barcice,Ryjewo,kwidzyński,pomorskie
05-651,Barcice,Chynów,grójecki,mazowieckie
05-650,Barcice,Chynów,grójecki,mazowieckie
19-504,Barcie,Dubeninki,gołdapski,warmińsko-mazurskie
74-520,Barcie,Cedynia,gryfiński,zachodniopomorskie
87-732,Barcikowo,Lubanie,włocławski,kujawsko-pomorskie
09-472,Barcikowo,Słupno,płocki,mazowieckie
11-040,Barcikowo,Miasto,olsztyński,warmińsko-mazurskie
77-230,Barcino,Kępice,słupski,pomorskie
26-050,Barcza,Zagnańsk,kielecki,świętokrzyskie
98-275,Barczew,Brzeźnio,sieradzki,łódzkie
11-010,Barczewko,Barczewo,olsztyński,warmińsko-mazurskie
32-813,Barczków,Szczurowa,brzeski,małopolskie
62-571,Barczygłów,Miasto,koniński,wielkopolskie
62-330,Barczyzna,Nekla,wrzesiński,wielkopolskie
57-256,Bardo,Bardo,ząbkowicki,dolnośląskie
26-035,Bardo,Raków,kielecki,świętokrzyskie
62-300,Bardo,Września,wrzesiński,wielkopolskie
14-133,Barduń,Gietrzwałd,olsztyński,warmińsko-mazurskie
78-113,Bardy,Dygowo,kołobrzeski,zachodniopomorskie
14-405,Bardyny,Wilczęta,braniewski,warmińsko-mazurskie
99-340,Bardzinek,Krośniewice,kutnowski,łódzkie
76-023,Bardzlino,Świeszyno,koszaliński,zachodniopomorskie
99-205,Bardzynin,Dalików,poddębicki,łódzkie
84-352,Bargędzino,Wicko,lęborski,pomorskie
16-320,Bargłów,Kościelny,augustowski,podlaskie
44-153,Bargłówka,Sośnicowice,gliwicki,śląskie
42-262,Bargły,Poczesna,częstochowski,śląskie
66-235,Bargów,Torzym,sulęciński,lubuskie
83-250,Barka,Skarszewy,starogardzki,pomorskie
21-070,Barki,Cyców,łęczyński,lubelskie
77-140,Barkocin,Kołczygłowy,bytowski,pomorskie
97-330,Barkowice,Sulejów,piotrkowski,łódzkie
55-140,Barkowo,Żmigród,trzebnicki,dolnośląskie
77-300,Barkowo,Człuchów,człuchowski,pomorskie
72-310,Barkowo,Gryfice,gryficki,zachodniopomorskie
11-001,Barkweda,Dywity,olsztyński,warmińsko-mazurskie
82-400,Barlewice,Sztum,sztumski,pomorskie
74-320,Barlinek,Barlinek,myśliborski,zachodniopomorskie
89-504,Barłogi,Tuchola,tucholski,kujawsko-pomorskie
24-170,Barłogi,Kurów,puławski,lubelskie
66-627,Barłogi,Bobrowice,krośnieński,lubuskie
62-640,Barłogi,Grzegorzew,kolski,wielkopolskie
84-242,Barłomino,Luzino,wejherowski,pomorskie
64-200,Barłożnia,Wolsztyn,wolsztyński,wielkopolskie
83-225,Barłożno,Skórcz,starogardzki,pomorskie
80-299,Barniewice,Żukowo,kartuski,pomorskie
74-201,Barnim,Warnice,pyrzycki,zachodniopomorskie
73-220,Barnimie,Drawno,choszczeński,zachodniopomorskie
72-001,Barnisław,Kołbaskowo,policki,zachodniopomorskie
74-500,Barnkowo,Chojna,gryfiński,zachodniopomorskie
33-336,Barnowiec,Łabowa,nowosądecki,małopolskie
74-311,Barnówko,Dębno,myśliborski,zachodniopomorskie
16-070,Barszczewo,Choroszcz,białostocki,podlaskie
83-260,Bartel,Kaliska,starogardzki,pomorskie
18-420,Bartki,Jedwabne,łomżyński,podlaskie
14-521,Bartki,Lelkowo,braniewski,warmińsko-mazurskie
13-124,Bartki,Kozłowo,nidzicki,warmińsko-mazurskie
14-120,Bartki,Dąbrówno,ostródzki,warmińsko-mazurskie
33-318,Bartkowa-Posadowa,Dunajcem,nowosądecki,małopolskie
42-270,Bartkowice,Kłomnice,częstochowski,śląskie
18-413,Bartkowizna,Miastkowo,łomżyński,podlaskie
74-100,Bartkowo,Gryfino,gryfiński,zachodniopomorskie
19-404,Bartkowski,Wieliczki,olecki,warmińsko-mazurskie
56-410,Bartków,Dobroszyce,oleśnicki,dolnośląskie
86-230,Bartlewo,Lisewo,chełmiński,kujawsko-pomorskie
12-220,Bartlewo,Ruciane-Nida,piski,warmińsko-mazurskie
88-220,Bartłomiejowice,Osięciny,radziejowski,kujawsko-pomorskie
24-160,Bartłomiejowice,Wąwolnica,puławski,lubelskie
38-307,Bartne,Sękowa,gorlicki,małopolskie
82-450,Bartne,Dzierzgoń,sztumski,pomorskie
16-424,Bartnia,Filipów,suwalski,podlaskie
57-451,Bartnica,Ruda,kłodzki,dolnośląskie
87-321,Bartniczka,Bartniczka,brodnicki,kujawsko-pomorskie
87-301,Bartniki,Brodnica,brodnicki,kujawsko-pomorskie
96-332,Bartniki,Mariańska,żyrardowski,mazowieckie
16-316,Bartniki,Lipsk,augustowski,podlaskie
11-106,Bartniki,Kiwity,lidzbarski,warmińsko-mazurskie
56-215,Bartodzieje,Niechlów,górowski,dolnośląskie
97-515,Bartodzieje,Masłowice,radomszczański,łódzkie
07-215,Bartodzieje,Obryte,pułtuski,mazowieckie
26-631,Bartodzieje,Jastrzębia,radomski,mazowieckie
26-706,Bartodzieje,Tczów,zwoleński,mazowieckie
62-100,Bartodzieje,Wągrowiec,wągrowiecki,wielkopolskie
76-142,Bartolino,Malechowo,sławieński,zachodniopomorskie
87-214,Bartoszewice,Płużnica,wąbrzeski,kujawsko-pomorskie
63-930,Bartoszewice,Jutrosin,rawicki,wielkopolskie
72-004,Bartoszewo,Police,policki,zachodniopomorskie
13-100,Bartoszki,Nidzica,nidzicki,warmińsko-mazurskie
57-160,Bartoszowa,Borów,strzeliński,dolnośląskie
26-006,Bartoszowiny,Słupia,kielecki,świętokrzyskie
59-241,Bartoszów,Pole,legnicki,dolnośląskie
58-120,Bartoszówek,Strzegom,świdnicki,dolnośląskie
59-820,Bartoszówka,Leśna,lubański,dolnośląskie
97-220,Bartoszówka,Rzeczyca,tomaszowski,łódzkie
96-321,Bartoszówka,Wola,grodziski,mazowieckie
83-430,Bartoszylas,Kiszewa,kościerski,pomorskie
87-821,Baruchowo,Baruchowo,włocławski,kujawsko-pomorskie
47-133,Barut,Jemielnica,strzelecki,opolskie
34-124,Barwałd,Wadowice,wadowicki,małopolskie
34-130,Barwałd,Zebrzydowska,wadowicki,małopolskie
78-460,Barwice,Barwice,szczecinecki,zachodniopomorskie
83-305,Barwik,Przodkowo,kartuski,pomorskie
19-213,Barwiki,Radziłów,grajewski,podlaskie
38-454,Barwinek,Dukla,krośnieński,podkarpackie
11-036,Barwiny,Gietrzwałd,olsztyński,warmińsko-mazurskie
59-407,Barycz,Mściwojów,jaworski,dolnośląskie
95-082,Barycz,Dobroń,pabianicki,łódzkie
97-532,Barycz,Żytno,radomszczański,łódzkie
36-230,Barycz,Domaradz,brzozowski,podkarpackie
37-723,Barycz,Stubno,przemyski,podkarpackie
38-115,Baryczka,Niebylec,strzyżowski,podkarpackie
73-134,Barzkowice,Stargard,stargardzki,zachodniopomorskie
76-150,Barzowice,Darłowo,sławieński,zachodniopomorskie
18-520,Barzykowo,Stawiski,kolneński,podlaskie
46-166,Barzyna,Namysłów,namysłowski,opolskie
14-411,Barzyna,Rychliki,elbląski,warmińsko-mazurskie
24-340,Basonia,Wisłą,opolski,lubelskie
72-300,Baszewice,Gryfice,gryficki,zachodniopomorskie
21-003,Baszki,Niemce,lubelski,lubelskie
63-760,Baszków,Zduny,krotoszyński,wielkopolskie
05-503,Baszkówka,Piaseczno,piaseczyński,mazowieckie
37-621,Basznia,Lubaczów,lubaczowski,podkarpackie
56-160,Baszyn,Wińsko,wołowski,dolnośląskie
63-714,Baszyny,Krotoszyn,krotoszyński,wielkopolskie
06-216,Batogowo,Sypniewo,makowski,mazowieckie
82-300,Batorowo,Elbląg,elbląski,warmińsko-mazurskie
77-420,Batorowo,Lipka,złotowski,wielkopolskie
32-086,Batowice,Zielonki,krakowski,małopolskie
74-230,Batowo,Lipiany,pyrzycki,zachodniopomorskie
37-713,Batycze,Żurawica,przemyski,podkarpackie
78-331,Batyń,Rąbino,świdwiński,zachodniopomorskie
21-065,Bazar,Rybczewice,świdnicki,lubelskie
06-200,Bazar,Szelków,makowski,mazowieckie
27-670,Bazów,Łoniów,sandomierski,świętokrzyskie
43-440,Bażanowice,Goleszów,cieszyński,śląskie
38-530,Bażanówka,Zarszyn,sanocki,podkarpackie
46-243,Bażany,Kluczbork,kluczborski,opolskie
64-607,Bąblin,Oborniki,obornicki,wielkopolskie
88-140,Bąbolin,Gniewkowo,inowrocławski,kujawsko-pomorskie
83-334,Bącka,Sierakowice,kartuski,pomorskie
83-329,Bącz,Kartuzy,kartuski,pomorskie
33-335,Bącza-Kunina,Nawojowa,nowosądecki,małopolskie
38-242,Bączal,Skołyszyn,jasielski,podkarpackie
39-232,Bączałka,Brzostek,dębicki,podkarpackie
72-131,Bącznik,Goleniów,goleniowski,zachodniopomorskie
63-805,Bączylas,Poniec,gostyński,wielkopolskie
89-320,Bądecz,Wysoka,pilski,wielkopolskie
82-520,Bądki,Gardeja,kwidzyński,pomorskie
06-430,Bądkowo,Sońsk,ciechanowski,mazowieckie
09-414,Bądkowo,Duży,płocki,mazowieckie
05-610,Bądków,Goszczyn,grójecki,mazowieckie
67-222,Bądzów,Jerzmanowa,głogowski,dolnośląskie
09-304,Bądzyn,Lubowidz,żuromiński,mazowieckie
95-080,Bądzyń,łódzki,wschodni,łódzkie
89-240,Bąk,Kcynia,nakielski,kujawsko-pomorskie
83-440,Bąk,Karsin,kościerski,pomorskie
83-432,Bąk,Kiszewa,kościerski,pomorskie
55-040,Bąki,Kobierzyce,wrocławski,dolnośląskie
06-513,Bąki,Kościelna,mławski,mazowieckie
46-375,Bąki,Dobrodzień,oleski,opolskie
97-510,Bąkowa,Ręczno,piotrkowski,łódzkie
46-112,Bąkowice,Świerczów,namysłowski,opolskie
97-306,Bąkowiec,Grabica,piotrkowski,łódzkie
88-133,Bąkowo,Biskupia,inowrocławski,kujawsko-pomorskie
86-160,Bąkowo,Warlubie,świecki,kujawsko-pomorskie
77-235,Bąkowo,Trzebielino,bytowski,pomorskie
89-333,Bąkowo,Wyrzysk,pilski,wielkopolskie
56-513,Bąków,Międzybórz,oleśnicki,dolnośląskie
55-095,Bąków,Długołęka,wrocławski,dolnośląskie
26-411,Bąków,Rusinów,przysuski,mazowieckie
26-505,Bąków,Orońsko,szydłowiecki,mazowieckie
49-200,Bąków,Grodków,brzeski,opolskie
46-233,Bąków,Kluczbork,kluczborski,opolskie
43-246,Bąków,Strumień,cieszyński,śląskie
99-440,Bąków,Zduny,łowicki,łódzkie
84-351,Bąsewice,Lęborska,lęborski,pomorskie
29-100,Bebelno-Kolonia,Włoszczowa,włoszczowski,świętokrzyskie
86-140,Bedlenki,Drzycim,świecki,kujawsko-pomorskie
21-300,Bedlno,Podlaski,radzyński,lubelskie
78-311,Bedlno,Świdwin,świdwiński,zachodniopomorskie
38-305,Bednarka,Lipinki,gorlicki,małopolskie
96-330,Bednary,Mariańska,żyrardowski,mazowieckie
62-010,Bednary,Pobiedziska,poznański,wielkopolskie
97-420,Bednarze,Szczerców,bełchatowski,łódzkie
07-120,Bednarze,Korytnica,węgrowski,mazowieckie
21-211,Bednarzówka,Kłoda,parczewski,lubelskie
06-126,Begno,Gzy,pułtuski,mazowieckie
08-207,Bejdy,Olszanka,łosicki,mazowieckie
28-512,Bejsce,Bejsce,kazimierski,świętokrzyskie
98-161,Beleń,Zapolice,zduńskowolski,łódzkie
64-231,Belęcin,Siedlec,wolsztyński,wielkopolskie
83-425,Belfort,Dziemiany,kościerski,pomorskie
86-131,Belno,Jeżewo,świecki,kujawsko-pomorskie
26-004,Belno,Bieliny,kielecki,świętokrzyskie
62-610,Belny,Sompolno,koniński,wielkopolskie
99-418,Bełchów,Nieborów,łowicki,łódzkie
21-306,Bełcząc,Czemierniki,radzyński,lubelskie
12-230,Bełcząc,Piska,piski,warmińsko-mazurskie
66-130,Bełcze,Bojadła,zielonogórski,lubuskie
73-153,Bełczna,Łobez,łobeski,zachodniopomorskie
59-610,Bełczyna,Wleń,lwówecki,dolnośląskie
19-206,Bełda,Rajgród,grajewski,podlaskie
32-731,Bełdno,Żegocina,bocheński,małopolskie
26-420,Bełek,Pilicą,grójecki,mazowieckie
44-237,Bełk,Czerwionka-Leszczyny,rybnicki,śląskie
28-313,Bełk,Imielno,jędrzejowski,świętokrzyskie
13-230,Bełk,Lidzbark,działdowski,warmińsko-mazurskie
44-362,Bełsznica,Gorzyce,wodzisławski,śląskie
78-312,Bełtno,Świdwin,świdwiński,zachodniopomorskie
37-700,Bełwin,Przemyśl,przemyski,podkarpackie
22-670,Bełżec,Bełżec,tomaszowski,lubelskie
14-500,Bemowizna,Braniewo,braniewski,warmińsko-mazurskie
09-214,Bendorzyn,Mochowo,sierpecki,mazowieckie
96-300,Benenard,Radziejowice,żyrardowski,mazowieckie
62-310,Benewicze,Pyzdry,wrzesiński,wielkopolskie
63-700,Benice,Krotoszyn,krotoszyński,wielkopolskie
72-400,Benice,Pomorski,kamieński,zachodniopomorskie
62-400,Benignowo,Słupca,słupecki,wielkopolskie
38-713,Beniowa,Lutowiska,bieszczadzki,podkarpackie
27-640,Beradz,Klimontów,sandomierski,świętokrzyskie
64-113,Berdychowo,Osieczna,leszczyński,wielkopolskie
63-740,Berdychów,Kobylin,krotoszyński,wielkopolskie
21-104,Berejów,Niedźwiada,lubartowski,lubelskie
98-358,Beresie,Kiełczygłów,pajęczański,łódzkie
33-380,Berest,Krynica-Zdrój,nowosądecki,małopolskie
22-425,Bereść,Grabowiec,zamojski,lubelskie
21-560,Bereza,Podlaski,bialski,lubelskie
38-610,Berezka,Solina,leski,podkarpackie
21-512,Berezówka,Zalesie,bialski,lubelskie
17-240,Berezyszcze,Czeremcha,hajnowski,podlaskie
22-523,Bereżnica,Horodło,hrubieszowski,lubelskie
11-510,Berkowo,Wydminy,giżycki,warmińsko-mazurskie
62-265,Berkowo,Kiszkowo,gnieźnieński,wielkopolskie
88-324,Berlinek,Wielkie,mogileński,kujawsko-pomorskie
48-100,Bernacice,Głubczyce,głubczycki,opolskie
17-220,Bernacki,Narewka,hajnowski,podlaskie
87-640,Bernardowo,Czernikowo,toruński,kujawsko-pomorskie
26-225,Bernów,Gowarczów,konecki,świętokrzyskie
38-524,Besko,Besko,sanocki,podkarpackie
32-711,Bessów,Bochnia,bocheński,małopolskie
43-512,Bestwina,Bestwina,bielski,śląskie
05-332,Bestwiny,Siennica,miński,mazowieckie
28-232,Beszowa,Łubnice,staszowski,świętokrzyskie
27-660,Beszyce,Koprzywnica,sandomierski,świętokrzyskie
09-152,Beszyno,Naruszewo,płoński,mazowieckie
64-020,Betkowo,Czempiń,kościański,wielkopolskie
83-322,Betlejem,Stężyca,kartuski,pomorskie
11-440,Bezławecki,Reszel,kętrzyński,warmińsko-mazurskie
38-600,Bezmiechowa,Lesko,leski,podkarpackie
72-315,Bezmoście,Resko,łobeski,zachodniopomorskie
62-834,Beznatka,Ceków-Kolonia,kaliski,wielkopolskie
62-710,Beznazwa,Władysławów,turecki,wielkopolskie
78-122,Bezpraw,Kołobrzeg,kołobrzeski,zachodniopomorskie
71-220,Bezrzecze,(Szczecińska),policki,zachodniopomorskie
71-234,Bezrzecze,(Szczecińska),policki,zachodniopomorskie
72-003,Bezrzecze,(Szczecińska),policki,zachodniopomorskie
71-216,Bezrzecze,(Szczecińska),policki,zachodniopomorskie
71-235,Bezrzecze,(Szczecińska),policki,zachodniopomorskie
71-232,Bezrzecze,(Szczecińska),policki,zachodniopomorskie
71-221,Bezrzecze,(Szczecińska),policki,zachodniopomorskie
71-218,Bezrzecze,(Szczecińska),policki,zachodniopomorskie
71-237,Bezrzecze,(Szczecińska),policki,zachodniopomorskie
71-219,Bezrzecze,(Szczecińska),policki,zachodniopomorskie
71-238,Bezrzecze,(Szczecińska),policki,zachodniopomorskie
71-217,Bezrzecze,(Szczecińska),policki,zachodniopomorskie
71-236,Bezrzecze,(Szczecińska),policki,zachodniopomorskie
71-230,Bezrzecze,(Szczecińska),policki,zachodniopomorskie
21-310,Bezwola,Wohyń,radzyński,lubelskie
26-400,Beźnik,Przysucha,przysuski,mazowieckie
32-089,Bębło,Wieś,krakowski,małopolskie
64-603,Bębnikąt,Oborniki,obornicki,wielkopolskie
78-124,Bębnikąt,Rymań,kołobrzeski,zachodniopomorskie
06-540,Bębnowo,Radzanów,mławski,mazowieckie
32-444,Bęczarka,Myślenice,myślenicki,małopolskie
26-008,Bęczków,Górno,kielecki,świętokrzyskie
23-250,Bęczyn,Urzędów,kraśnicki,lubelskie
34-113,Bęczyn,Brzeźnica,wadowicki,małopolskie
19-230,Bęćkowo,Szczuczyn,grajewski,podlaskie
73-261,Będargowiec,Pełczyce,choszczeński,zachodniopomorskie
84-217,Będargowo,Szemud,wejherowski,pomorskie
72-005,Będargowo,Kołbaskowo,policki,zachodniopomorskie
55-050,Będkowice,Sobótka,wrocławski,dolnośląskie
55-100,Będkowo,Trzebnica,trzebnicki,dolnośląskie
97-319,Będków,Będków,tomaszowski,łódzkie
62-061,Będlewo,Stęszew,poznański,wielkopolskie
78-530,Będlino,Wierzchowo,drawski,zachodniopomorskie
83-422,Będomin,Karczma,kościerski,pomorskie
66-112,Będów,Czerwieńsk,zielonogórski,lubuskie
95-040,Będzelin,łódzki,wschodni,łódzkie
28-506,Będziaki,Czarnocin,kazimierski,świętokrzyskie
76-220,Będziechowo,Główczyce,słupski,pomorskie
62-704,Będziechów,Kawęczyn,turecki,wielkopolskie
39-127,Będziemyśl,Małopolski,ropczycko-,podkarpackie
39-124,Będzienica,Iwierzyce,ropczycko-,podkarpackie
72-405,Będzieszewo,Świerzno,kamieński,zachodniopomorskie
83-000,Będzieszyn,Gdański,gdański,pomorskie
63-450,Będzieszyn,Wielkopolski,ostrowski,wielkopolskie
32-860,Będzieszyna,Czchów,brzeski,małopolskie
56-416,Będzin,Twardogóra,oleśnicki,dolnośląskie
42-500,Będzin,Będzin,będziński,śląskie
42-506,Będzin,Będzin,będziński,śląskie
42-504,Będzin,Będzin,będziński,śląskie
76-037,Będzinko,Będzino,koszaliński,zachodniopomorskie
88-180,Będzitowo,Kujawskie,inowrocławski,kujawsko-pomorskie
09-300,Będzymin,Żuromin,żuromiński,mazowieckie
89-652,Będźmierowice,Czersk,chojnicki,pomorskie
11-311,Bęsia,Kolno,olsztyński,warmińsko-mazurskie
46-022,Biadacz,Łubniany,opolski,opolskie
56-330,Biadaszka,Cieszków,milicki,dolnośląskie
98-405,Biadaszki,Galewice,wieruszowski,łódzkie
63-645,Biadaszki,Opatowska,kępiński,wielkopolskie
32-828,Biadoliny,Wojnicz,tarnowski,małopolskie
18-500,Bialiki,Kolno,kolneński,podlaskie
59-225,Biała,Chojnów,legnicki,dolnośląskie
58-123,Biała,Marcinowice,świdnicki,dolnośląskie
33-100,Biała,Tarnów,tarnowski,małopolskie
09-411,Biała,Biała,płocki,mazowieckie
48-210,Biała,Biała,prudnicki,opolskie
77-222,Biała,Miastko,bytowski,pomorskie
84-215,Biała,Wejherowo,wejherowski,pomorskie
42-125,Biała,Kłobuck,kłobucki,śląskie
64-904,Biała,Trzcianka,czarnkowsko-,wielkopolskie
64-730,Biała,Wieleń,czarnkowsko-,wielkopolskie
73-130,Biała,Dobrzany,stargardzki,zachodniopomorskie
78-421,Biała,Bór,szczecinecki,zachodniopomorskie
42-427,Biała,Kroczyce,zawierciański,śląskie
23-300,Biała,Lubelski,janowski,lubelskie
98-350,Biała,Biała,wieluński,łódzkie
99-220,Biała,Wartkowice,poddębicki,łódzkie
97-505,Biała,Dobryszyce,radomszczański,łódzkie
26-804,Biała,Stromiec,białobrzeski,mazowieckie
14-260,Biała,Lubawa,iławski,warmińsko-mazurskie
82-340,Biała,Tolkmicko,elbląski,warmińsko-mazurskie
33-330,Biała,Grybów,nowosądecki,małopolskie
48-303,Biała,Nysa,nyski,opolskie
62-574,Biała,Rychwał,koniński,wielkopolskie
21-500,Biała,Biała,Podlaska,lubelskie
17-250,Biała,Kleszczele,hajnowski,podlaskie
42-235,Biała,Lelów,częstochowski,śląskie
62-065,Biała,Wielkopolski,grodziski,wielkopolskie
57-512,Biała,Kłodzka,kłodzki,dolnośląskie
16-402,Biała,Suwałki,suwalski,podlaskie
11-135,Biała,Lubomino,lidzbarski,warmińsko-mazurskie
83-210,Białachowo,Zblewo,starogardzki,pomorskie
26-307,Białaczów,Białaczów,opoczyński,łódzkie
09-227,Białasy,Szczutowo,sierpecki,mazowieckie
19-200,Białaszewo,Grajewo,grajewski,podlaskie
24-224,Białawoda,Borzechów,lubelski,lubelskie
33-312,Białawoda,Dolna,nowosądecki,małopolskie
66-460,Białcz,Witnica,gorzowski,lubuskie
64-412,Białcz,Wielkie,międzychodzki,wielkopolskie
14-520,Białczyn,Pieniężno,braniewski,warmińsko-mazurskie
86-010,Białe,Koronowo,bydgoski,kujawsko-pomorskie
09-504,Białe,Gostynin,gostyniński,mazowieckie
78-400,Białe,Szczecinek,szczecinecki,zachodniopomorskie
86-005,Białe,Błota,bydgoski,kujawsko-pomorskie
87-617,Białe,Bobrowniki,lipnowski,kujawsko-pomorskie
88-306,Białe,Dąbrowa,mogileński,kujawsko-pomorskie
06-120,Białe,Winnica,pułtuski,mazowieckie
89-641,Białe,Chojnice,chojnicki,pomorskie
07-325,Białe-Giezki,Boguty-Pianki,ostrowski,mazowieckie
97-350,Białek,Gorzkowice,piotrkowski,łódzkie
76-129,Białęciniec,Malechowo,sławieński,zachodniopomorskie
62-095,Białęgi,Goślina,poznański,wielkopolskie
64-700,Białężyn,Czarnków,czarnkowsko-,wielkopolskie
22-300,Białka,Krasnystaw,krasnostawski,lubelskie
34-220,Białka,Podhalański,suski,małopolskie
36-030,Białka,Błażowa,rzeszowski,podkarpackie
14-105,Białka,Łukta,ostródzki,warmińsko-mazurskie
34-405,Białka,Tatrzańska,tatrzański,małopolskie
34-530,Białka,Tatrzańska,tatrzański,małopolskie
08-110,Białki,Siedlce,siedlecki,mazowieckie
82-522,Białki,Sadlinki,kwidzyński,pomorskie
08-504,Białki,Ułęż,rycki,lubelskie
09-442,Białkowo,Radzanowo,płocki,mazowieckie
55-330,Białków,Miękinia,średzki,dolnośląskie
69-108,Białków,Cybinka,słubicki,lubuskie
68-300,Białków,Lubsko,żarski,lubuskie
62-604,Białków,Kościelec,kolski,wielkopolskie
07-402,Białobiel,Lelis,ostrołęcki,mazowieckie
66-425,Białobłocie,Deszczno,gorzowski,lubuskie
16-123,Białobłockie,Kuźnica,sokólski,podlaskie
86-341,Białobłoty,Osą,grudziądzki,kujawsko-pomorskie
63-308,Białobłoty,Gizałki,pleszewski,wielkopolskie
37-207,Białoboki,Gać,przeworski,podkarpackie
28-130,Białoborze,Stopnica,buski,świętokrzyskie
62-311,Białobrzeg,Pyzdry,wrzesiński,wielkopolskie
07-415,Białobrzeg,Olszewo-Borki,ostrołęcki,mazowieckie
07-416,Białobrzeg,Olszewo-Borki,ostrołęcki,mazowieckie
22-400,Białobrzegi,Zamość,zamojski,lubelskie
26-800,Białobrzegi,Białobrzegi,białobrzeski,mazowieckie
08-320,Białobrzegi,Sterdyń,sokołowski,mazowieckie
37-114,Białobrzegi,Białobrzegi,łańcucki,podkarpackie
57-150,Białobrzezie,Kondratowice,strzeliński,dolnośląskie
86-302,Białochowo,Rogóźno,grudziądzki,kujawsko-pomorskie
86-318,Białochowo,Rogóźno,grudziądzki,kujawsko-pomorskie
78-200,Białogard,Białogard,białogardzki,zachodniopomorskie
16-120,Białogorce,Krynki,sokólski,podlaskie
84-113,Białogóra,Krokowa,pucki,pomorskie
59-900,Białogórze,Zgorzelec,zgorzelecki,dolnośląskie
78-123,Białokury,Siemyśl,kołobrzeski,zachodniopomorskie
67-221,Białołęka,Pęcław,głogowski,dolnośląskie
59-921,Białopole,Bogatynia,zgorzelecki,dolnośląskie
22-135,Białopole,Białopole,chełmski,lubelskie
09-212,Białoskóry,Sierpc,sierpecki,mazowieckie
15-592,Białostoczek,Zabłudów,białostocki,podlaskie
19-110,Białosuknia,Goniądz,moniecki,podlaskie
89-340,Białośliwie,Białośliwie,pilski,wielkopolskie
16-130,Białousy,Janów,sokólski,podlaskie
78-452,Białowąs,Barwice,szczecinecki,zachodniopomorskie
66-010,Białowice,Bobrzański,zielonogórski,lubuskie
89-115,Białowieża,Mrocza,nakielski,kujawsko-pomorskie
89-500,Białowieża,Tuchola,tucholski,kujawsko-pomorskie
06-100,Białowieża,Pułtusk,pułtuski,mazowieckie
48-388,Białowieża,Kamiennik,nyski,opolskie
17-230,Białowieża,Białowieża,hajnowski,podlaskie
24-300,Białowoda,Lubelskie,opolski,lubelskie
88-400,Białożewin,Żnin,żniński,kujawsko-pomorskie
72-100,Białuń,Goleniów,goleniowski,zachodniopomorskie
73-113,Białuń,Dąbrowa,stargardzki,zachodniopomorskie
07-430,Białusny,Myszyniec,ostrołęcki,mazowieckie
05-084,Białutki,warszawski,zachodni,mazowieckie
05-870,Białuty,warszawski,zachodni,mazowieckie
13-240,Białuty,Iłowo-Osada,działdowski,warmińsko-mazurskie
39-321,Biały,Przecław,mielecki,podkarpackie
78-425,Biały,Bór,szczecinecki,zachodniopomorskie
34-425,Biały,Dunajec,tatrzański,małopolskie
63-720,Biały,Wielkopolski,krotoszyński,wielkopolskie
12-140,Biały,Świętajno,szczycieński,warmińsko-mazurskie
57-100,Biały,Strzelin,strzeliński,dolnośląskie
05-505,Biały,Prażmów,piaseczyński,mazowieckie
63-600,Biały,Kępno,kępiński,wielkopolskie
78-540,Biały,Pomorski,drawski,zachodniopomorskie
78-314,Biały,Sławoborze,świdwiński,zachodniopomorskie
63-920,Białykał,Pakosław,rawicki,wielkopolskie
96-130,Białynin,Głuchów,skierniewicki,łódzkie
22-540,Białystok,Dołhobyczów,hrubieszowski,lubelskie
15-871,Białystok,Białystok,Białystok,podlaskie
15-381,Białystok,Białystok,Białystok,podlaskie
15-197,Białystok,Białystok,Białystok,podlaskie
15-156,Białystok,Białystok,Białystok,podlaskie
15-583,Białystok,Białystok,Białystok,podlaskie
15-801,Białystok,Białystok,Białystok,podlaskie
15-267,Białystok,Białystok,Białystok,podlaskie
15-680,Białystok,Białystok,Białystok,podlaskie
15-111,Białystok,Białystok,Białystok,podlaskie
15-157,Białystok,Białystok,Białystok,podlaskie
15-587,Białystok,Białystok,Białystok,podlaskie
15-443,Białystok,Białystok,Białystok,podlaskie
15-445,Białystok,Białystok,Białystok,podlaskie
15-444,Białystok,Białystok,Białystok,podlaskie
15-446,Białystok,Białystok,Białystok,podlaskie
15-088,Białystok,Białystok,Białystok,podlaskie
15-160,Białystok,Białystok,Białystok,podlaskie
15-584,Białystok,Białystok,Białystok,podlaskie
15-124,Białystok,Białystok,Białystok,podlaskie
15-113,Białystok,Białystok,Białystok,podlaskie
15-685,Białystok,Białystok,Białystok,podlaskie
15-204,Białystok,Białystok,Białystok,podlaskie
15-386,Białystok,Białystok,Białystok,podlaskie
15-376,Białystok,Białystok,Białystok,podlaskie
15-135,Białystok,Białystok,Białystok,podlaskie
15-410,Białystok,Białystok,Białystok,podlaskie
15-166,Białystok,Białystok,Białystok,podlaskie
15-762,Białystok,Białystok,Białystok,podlaskie
15-741,Białystok,Białystok,Białystok,podlaskie
15-740,Białystok,Białystok,Białystok,podlaskie
15-845,Białystok,Białystok,Białystok,podlaskie
15-698,Białystok,Białystok,Białystok,podlaskie
15-661,Białystok,Białystok,Białystok,podlaskie
15-875,Białystok,Białystok,Białystok,podlaskie
15-709,Białystok,Białystok,Białystok,podlaskie
15-686,Białystok,Białystok,Białystok,podlaskie
15-571,Białystok,Białystok,Białystok,podlaskie
15-633,Białystok,Białystok,Białystok,podlaskie
15-218,Białystok,Białystok,Białystok,podlaskie
15-187,Białystok,Białystok,Białystok,podlaskie
15-681,Białystok,Białystok,Białystok,podlaskie
15-196,Białystok,Białystok,Białystok,podlaskie
15-189,Białystok,Białystok,Białystok,podlaskie
15-578,Białystok,Białystok,Białystok,podlaskie
15-169,Białystok,Białystok,Białystok,podlaskie
15-611,Białystok,Białystok,Białystok,podlaskie
15-554,Białystok,Białystok,Białystok,podlaskie
15-544,Białystok,Białystok,Białystok,podlaskie
15-501,Białystok,Białystok,Białystok,podlaskie
15-517,Białystok,Białystok,Białystok,podlaskie
15-639,Białystok,Białystok,Białystok,podlaskie
15-531,Białystok,Białystok,Białystok,podlaskie
15-253,Białystok,Białystok,Białystok,podlaskie
15-634,Białystok,Białystok,Białystok,podlaskie
15-110,Białystok,Białystok,Białystok,podlaskie
15-369,Białystok,Białystok,Białystok,podlaskie
15-370,Białystok,Białystok,Białystok,podlaskie
15-591,Białystok,Białystok,Białystok,podlaskie
15-161,Białystok,Białystok,Białystok,podlaskie
15-434,Białystok,Białystok,Białystok,podlaskie
15-628,Białystok,Białystok,Białystok,podlaskie
15-869,Białystok,Białystok,Białystok,podlaskie
15-236,Białystok,Białystok,Białystok,podlaskie
15-437,Białystok,Białystok,Białystok,podlaskie
15-852,Białystok,Białystok,Białystok,podlaskie
15-102,Białystok,Białystok,Białystok,podlaskie
15-103,Białystok,Białystok,Białystok,podlaskie
15-788,Białystok,Białystok,Białystok,podlaskie
15-114,Białystok,Białystok,Białystok,podlaskie
15-136,Białystok,Białystok,Białystok,podlaskie
15-649,Białystok,Białystok,Białystok,podlaskie
15-533,Białystok,Białystok,Białystok,podlaskie
15-181,Białystok,Białystok,Białystok,podlaskie
15-450,Białystok,Białystok,Białystok,podlaskie
15-873,Białystok,Białystok,Białystok,podlaskie
15-057,Białystok,Białystok,Białystok,podlaskie
15-569,Białystok,Białystok,Białystok,podlaskie
15-874,Białystok,Białystok,Białystok,podlaskie
15-198,Białystok,Białystok,Białystok,podlaskie
15-239,Białystok,Białystok,Białystok,podlaskie
15-085,Białystok,Białystok,Białystok,podlaskie
15-260,Białystok,Białystok,Białystok,podlaskie
15-341,Białystok,Białystok,Białystok,podlaskie
15-642,Białystok,Białystok,Białystok,podlaskie
15-195,Białystok,Białystok,Białystok,podlaskie
15-748,Białystok,Białystok,Białystok,podlaskie
15-730,Białystok,Białystok,Białystok,podlaskie
15-573,Białystok,Białystok,Białystok,podlaskie
15-889,Białystok,Białystok,Białystok,podlaskie
15-594,Białystok,Białystok,Białystok,podlaskie
15-867,Białystok,Białystok,Białystok,podlaskie
15-199,Białystok,Białystok,Białystok,podlaskie
15-809,Białystok,Białystok,Białystok,podlaskie
15-782,Białystok,Białystok,Białystok,podlaskie
15-796,Białystok,Białystok,Białystok,podlaskie
15-066,Białystok,Białystok,Białystok,podlaskie
15-585,Białystok,Białystok,Białystok,podlaskie
15-864,Białystok,Białystok,Białystok,podlaskie
15-380,Białystok,Białystok,Białystok,podlaskie
15-758,Białystok,Białystok,Białystok,podlaskie
15-560,Białystok,Białystok,Białystok,podlaskie
15-798,Białystok,Białystok,Białystok,podlaskie
15-394,Białystok,Białystok,Białystok,podlaskie
15-673,Białystok,Białystok,Białystok,podlaskie
15-561,Białystok,Białystok,Białystok,podlaskie
15-188,Białystok,Białystok,Białystok,podlaskie
15-372,Białystok,Białystok,Białystok,podlaskie
15-697,Białystok,Białystok,Białystok,podlaskie
15-185,Białystok,Białystok,Białystok,podlaskie
15-473,Białystok,Białystok,Białystok,podlaskie
15-134,Białystok,Białystok,Białystok,podlaskie
15-074,Białystok,Białystok,Białystok,podlaskie
15-732,Białystok,Białystok,Białystok,podlaskie
15-144,Białystok,Białystok,Białystok,podlaskie
15-177,Białystok,Białystok,Białystok,podlaskie
15-891,Białystok,Białystok,Białystok,podlaskie
15-237,Białystok,Białystok,Białystok,podlaskie
15-128,Białystok,Białystok,Białystok,podlaskie
15-472,Białystok,Białystok,Białystok,podlaskie
15-542,Białystok,Białystok,Białystok,podlaskie
15-371,Białystok,Białystok,Białystok,podlaskie
15-245,Białystok,Białystok,Białystok,podlaskie
15-264,Białystok,Białystok,Białystok,podlaskie
15-545,Białystok,Białystok,Białystok,podlaskie
15-516,Białystok,Białystok,Białystok,podlaskie
15-812,Białystok,Białystok,Białystok,podlaskie
15-597,Białystok,Białystok,Białystok,podlaskie
15-094,Białystok,Białystok,Białystok,podlaskie
15-097,Białystok,Białystok,Białystok,podlaskie
15-096,Białystok,Białystok,Białystok,podlaskie
15-275,Białystok,Białystok,Białystok,podlaskie
15-276,Białystok,Białystok,Białystok,podlaskie
15-278,Białystok,Białystok,Białystok,podlaskie
15-407,Białystok,Białystok,Białystok,podlaskie
15-822,Białystok,Białystok,Białystok,podlaskie
15-268,Białystok,Białystok,Białystok,podlaskie
15-395,Białystok,Białystok,Białystok,podlaskie
15-038,Białystok,Białystok,Białystok,podlaskie
15-580,Białystok,Białystok,Białystok,podlaskie
15-625,Białystok,Białystok,Białystok,podlaskie
15-431,Białystok,Białystok,Białystok,podlaskie
15-459,Białystok,Białystok,Białystok,podlaskie
15-463,Białystok,Białystok,Białystok,podlaskie
15-791,Białystok,Białystok,Białystok,podlaskie
15-037,Białystok,Białystok,Białystok,podlaskie
15-872,Białystok,Białystok,Białystok,podlaskie
15-702,Białystok,Białystok,Białystok,podlaskie
15-765,Białystok,Białystok,Białystok,podlaskie
15-034,Białystok,Białystok,Białystok,podlaskie
15-555,Białystok,Białystok,Białystok,podlaskie
15-572,Białystok,Białystok,Białystok,podlaskie
15-581,Białystok,Białystok,Białystok,podlaskie
15-254,Białystok,Białystok,Białystok,podlaskie
15-557,Białystok,Białystok,Białystok,podlaskie
15-171,Białystok,Białystok,Białystok,podlaskie
15-265,Białystok,Białystok,Białystok,podlaskie
15-349,Białystok,Białystok,Białystok,podlaskie
15-614,Białystok,Białystok,Białystok,podlaskie
15-756,Białystok,Białystok,Białystok,podlaskie
15-257,Białystok,Białystok,Białystok,podlaskie
15-777,Białystok,Białystok,Białystok,podlaskie
15-786,Białystok,Białystok,Białystok,podlaskie
15-363,Białystok,Białystok,Białystok,podlaskie
15-806,Białystok,Białystok,Białystok,podlaskie
15-805,Białystok,Białystok,Białystok,podlaskie
15-579,Białystok,Białystok,Białystok,podlaskie
15-692,Białystok,Białystok,Białystok,podlaskie
15-080,Białystok,Białystok,Białystok,podlaskie
15-620,Białystok,Białystok,Białystok,podlaskie
15-568,Białystok,Białystok,Białystok,podlaskie
15-690,Białystok,Białystok,Białystok,podlaskie
15-482,Białystok,Białystok,Białystok,podlaskie
15-483,Białystok,Białystok,Białystok,podlaskie
15-120,Białystok,Białystok,Białystok,podlaskie
15-119,Białystok,Białystok,Białystok,podlaskie
15-767,Białystok,Białystok,Białystok,podlaskie
15-725,Białystok,Białystok,Białystok,podlaskie
15-327,Białystok,Białystok,Białystok,podlaskie
15-255,Białystok,Białystok,Białystok,podlaskie
15-616,Białystok,Białystok,Białystok,podlaskie
15-191,Białystok,Białystok,Białystok,podlaskie
15-703,Białystok,Białystok,Białystok,podlaskie
15-794,Białystok,Białystok,Białystok,podlaskie
15-712,Białystok,Białystok,Białystok,podlaskie
15-249,Białystok,Białystok,Białystok,podlaskie
15-133,Białystok,Białystok,Białystok,podlaskie
15-206,Białystok,Białystok,Białystok,podlaskie
15-858,Białystok,Białystok,Białystok,podlaskie
15-068,Białystok,Białystok,Białystok,podlaskie
15-261,Białystok,Białystok,Białystok,podlaskie
15-839,Białystok,Białystok,Białystok,podlaskie
15-861,Białystok,Białystok,Białystok,podlaskie
15-336,Białystok,Białystok,Białystok,podlaskie
15-553,Białystok,Białystok,Białystok,podlaskie
15-574,Białystok,Białystok,Białystok,podlaskie
15-582,Białystok,Białystok,Białystok,podlaskie
15-151,Białystok,Białystok,Białystok,podlaskie
15-470,Białystok,Białystok,Białystok,podlaskie
15-342,Białystok,Białystok,Białystok,podlaskie
15-423,Białystok,Białystok,Białystok,podlaskie
15-107,Białystok,Białystok,Białystok,podlaskie
15-769,Białystok,Białystok,Białystok,podlaskie
15-174,Białystok,Białystok,Białystok,podlaskie
15-225,Białystok,Białystok,Białystok,podlaskie
15-706,Białystok,Białystok,Białystok,podlaskie
15-893,Białystok,Białystok,Białystok,podlaskie
15-170,Białystok,Białystok,Białystok,podlaskie
15-666,Białystok,Białystok,Białystok,podlaskie
15-612,Białystok,Białystok,Białystok,podlaskie
15-684,Białystok,Białystok,Białystok,podlaskie
15-672,Białystok,Białystok,Białystok,podlaskie
15-854,Białystok,Białystok,Białystok,podlaskie
15-814,Białystok,Białystok,Białystok,podlaskie
15-162,Białystok,Białystok,Białystok,podlaskie
15-399,Białystok,Białystok,Białystok,podlaskie
15-347,Białystok,Białystok,Białystok,podlaskie
15-193,Białystok,Białystok,Białystok,podlaskie
15-779,Białystok,Białystok,Białystok,podlaskie
15-727,Białystok,Białystok,Białystok,podlaskie
15-682,Białystok,Białystok,Białystok,podlaskie
15-659,Białystok,Białystok,Białystok,podlaskie
15-235,Białystok,Białystok,Białystok,podlaskie
15-558,Białystok,Białystok,Białystok,podlaskie
15-250,Białystok,Białystok,Białystok,podlaskie
15-480,Białystok,Białystok,Białystok,podlaskie
15-753,Białystok,Białystok,Białystok,podlaskie
15-810,Białystok,Białystok,Białystok,podlaskie
15-013,Białystok,Białystok,Białystok,podlaskie
15-014,Białystok,Białystok,Białystok,podlaskie
15-090,Białystok,Białystok,Białystok,podlaskie
15-704,Białystok,Białystok,Białystok,podlaskie
15-186,Białystok,Białystok,Białystok,podlaskie
15-793,Białystok,Białystok,Białystok,podlaskie
15-532,Białystok,Białystok,Białystok,podlaskie
15-808,Białystok,Białystok,Białystok,podlaskie
15-539,Białystok,Białystok,Białystok,podlaskie
15-818,Białystok,Białystok,Białystok,podlaskie
15-541,Białystok,Białystok,Białystok,podlaskie
15-101,Białystok,Białystok,Białystok,podlaskie
15-375,Białystok,Białystok,Białystok,podlaskie
15-507,Białystok,Białystok,Białystok,podlaskie
15-021,Białystok,Białystok,Białystok,podlaskie
15-393,Białystok,Białystok,Białystok,podlaskie
15-140,Białystok,Białystok,Białystok,podlaskie
15-190,Białystok,Białystok,Białystok,podlaskie
15-548,Białystok,Białystok,Białystok,podlaskie
15-130,Białystok,Białystok,Białystok,podlaskie
15-797,Białystok,Białystok,Białystok,podlaskie
15-803,Białystok,Białystok,Białystok,podlaskie
15-324,Białystok,Białystok,Białystok,podlaskie
15-325,Białystok,Białystok,Białystok,podlaskie
15-817,Białystok,Białystok,Białystok,podlaskie
15-503,Białystok,Białystok,Białystok,podlaskie
15-149,Białystok,Białystok,Białystok,podlaskie
15-387,Białystok,Białystok,Białystok,podlaskie
15-182,Białystok,Białystok,Białystok,podlaskie
15-089,Białystok,Białystok,Białystok,podlaskie
15-361,Białystok,Białystok,Białystok,podlaskie
15-453,Białystok,Białystok,Białystok,podlaskie
15-691,Białystok,Białystok,Białystok,podlaskie
15-654,Białystok,Białystok,Białystok,podlaskie
15-562,Białystok,Białystok,Białystok,podlaskie
15-722,Białystok,Białystok,Białystok,podlaskie
15-416,Białystok,Białystok,Białystok,podlaskie
15-701,Białystok,Białystok,Białystok,podlaskie
15-505,Białystok,Białystok,Białystok,podlaskie
15-774,Białystok,Białystok,Białystok,podlaskie
15-256,Białystok,Białystok,Białystok,podlaskie
15-687,Białystok,Białystok,Białystok,podlaskie
15-711,Białystok,Białystok,Białystok,podlaskie
15-215,Białystok,Białystok,Białystok,podlaskie
15-776,Białystok,Białystok,Białystok,podlaskie
15-674,Białystok,Białystok,Białystok,podlaskie
15-367,Białystok,Białystok,Białystok,podlaskie
15-377,Białystok,Białystok,Białystok,podlaskie
15-397,Białystok,Białystok,Białystok,podlaskie
15-396,Białystok,Białystok,Białystok,podlaskie
15-570,Białystok,Białystok,Białystok,podlaskie
15-650,Białystok,Białystok,Białystok,podlaskie
15-519,Białystok,Białystok,Białystok,podlaskie
15-710,Białystok,Białystok,Białystok,podlaskie
15-046,Białystok,Białystok,Białystok,podlaskie
15-087,Białystok,Białystok,Białystok,podlaskie
15-868,Białystok,Białystok,Białystok,podlaskie
15-155,Białystok,Białystok,Białystok,podlaskie
15-024,Białystok,Białystok,Białystok,podlaskie
15-025,Białystok,Białystok,Białystok,podlaskie
15-345,Białystok,Białystok,Białystok,podlaskie
15-534,Białystok,Białystok,Białystok,podlaskie
15-887,Białystok,Białystok,Białystok,podlaskie
15-404,Białystok,Białystok,Białystok,podlaskie
15-346,Białystok,Białystok,Białystok,podlaskie
15-576,Białystok,Białystok,Białystok,podlaskie
15-575,Białystok,Białystok,Białystok,podlaskie
15-164,Białystok,Białystok,Białystok,podlaskie
15-242,Białystok,Białystok,Białystok,podlaskie
15-626,Białystok,Białystok,Białystok,podlaskie
15-552,Białystok,Białystok,Białystok,podlaskie
15-537,Białystok,Białystok,Białystok,podlaskie
15-281,Białystok,Białystok,Białystok,podlaskie
15-099,Białystok,Białystok,Białystok,podlaskie
15-811,Białystok,Białystok,Białystok,podlaskie
15-559,Białystok,Białystok,Białystok,podlaskie
15-651,Białystok,Białystok,Białystok,podlaskie
15-321,Białystok,Białystok,Białystok,podlaskie
15-108,Białystok,Białystok,Białystok,podlaskie
15-420,Białystok,Białystok,Białystok,podlaskie
15-424,Białystok,Białystok,Białystok,podlaskie
15-427,Białystok,Białystok,Białystok,podlaskie
15-356,Białystok,Białystok,Białystok,podlaskie
15-320,Białystok,Białystok,Białystok,podlaskie
15-563,Białystok,Białystok,Białystok,podlaskie
15-665,Białystok,Białystok,Białystok,podlaskie
15-373,Białystok,Białystok,Białystok,podlaskie
15-183,Białystok,Białystok,Białystok,podlaskie
15-252,Białystok,Białystok,Białystok,podlaskie
15-262,Białystok,Białystok,Białystok,podlaskie
15-757,Białystok,Białystok,Białystok,podlaskie
15-163,Białystok,Białystok,Białystok,podlaskie
15-017,Białystok,Białystok,Białystok,podlaskie
15-391,Białystok,Białystok,Białystok,podlaskie
15-549,Białystok,Białystok,Białystok,podlaskie
15-669,Białystok,Białystok,Białystok,podlaskie
15-440,Białystok,Białystok,Białystok,podlaskie
15-543,Białystok,Białystok,Białystok,podlaskie
15-724,Białystok,Białystok,Białystok,podlaskie
15-402,Białystok,Białystok,Białystok,podlaskie
15-881,Białystok,Białystok,Białystok,podlaskie
15-301,Białystok,Białystok,Białystok,podlaskie
15-302,Białystok,Białystok,Białystok,podlaskie
15-326,Białystok,Białystok,Białystok,podlaskie
15-213,Białystok,Białystok,Białystok,podlaskie
15-222,Białystok,Białystok,Białystok,podlaskie
15-232,Białystok,Białystok,Białystok,podlaskie
15-223,Białystok,Białystok,Białystok,podlaskie
15-145,Białystok,Białystok,Białystok,podlaskie
15-054,Białystok,Białystok,Białystok,podlaskie
15-419,Białystok,Białystok,Białystok,podlaskie
15-772,Białystok,Białystok,Białystok,podlaskie
15-656,Białystok,Białystok,Białystok,podlaskie
15-411,Białystok,Białystok,Białystok,podlaskie
15-405,Białystok,Białystok,Białystok,podlaskie
15-238,Białystok,Białystok,Białystok,podlaskie
15-535,Białystok,Białystok,Białystok,podlaskie
15-414,Białystok,Białystok,Białystok,podlaskie
15-192,Białystok,Białystok,Białystok,podlaskie
15-802,Białystok,Białystok,Białystok,podlaskie
15-577,Białystok,Białystok,Białystok,podlaskie
15-678,Białystok,Białystok,Białystok,podlaskie
15-840,Białystok,Białystok,Białystok,podlaskie
15-540,Białystok,Białystok,Białystok,podlaskie
15-631,Białystok,Białystok,Białystok,podlaskie
15-632,Białystok,Białystok,Białystok,podlaskie
15-403,Białystok,Białystok,Białystok,podlaskie
15-613,Białystok,Białystok,Białystok,podlaskie
15-343,Białystok,Białystok,Białystok,podlaskie
15-489,Białystok,Białystok,Białystok,podlaskie
15-490,Białystok,Białystok,Białystok,podlaskie
15-115,Białystok,Białystok,Białystok,podlaskie
15-617,Białystok,Białystok,Białystok,podlaskie
15-205,Białystok,Białystok,Białystok,podlaskie
15-551,Białystok,Białystok,Białystok,podlaskie
15-406,Białystok,Białystok,Białystok,podlaskie
15-152,Białystok,Białystok,Białystok,podlaskie
15-159,Białystok,Białystok,Białystok,podlaskie
15-194,Białystok,Białystok,Białystok,podlaskie
15-763,Białystok,Białystok,Białystok,podlaskie
15-010,Białystok,Białystok,Białystok,podlaskie
15-011,Białystok,Białystok,Białystok,podlaskie
15-027,Białystok,Białystok,Białystok,podlaskie
15-643,Białystok,Białystok,Białystok,podlaskie
15-860,Białystok,Białystok,Białystok,podlaskie
15-870,Białystok,Białystok,Białystok,podlaskie
15-408,Białystok,Białystok,Białystok,podlaskie
15-750,Białystok,Białystok,Białystok,podlaskie
15-693,Białystok,Białystok,Białystok,podlaskie
15-083,Białystok,Białystok,Białystok,podlaskie
15-084,Białystok,Białystok,Białystok,podlaskie
15-374,Białystok,Białystok,Białystok,podlaskie
15-837,Białystok,Białystok,Białystok,podlaskie
15-795,Białystok,Białystok,Białystok,podlaskie
15-042,Białystok,Białystok,Białystok,podlaskie
15-064,Białystok,Białystok,Białystok,podlaskie
15-224,Białystok,Białystok,Białystok,podlaskie
15-127,Białystok,Białystok,Białystok,podlaskie
15-044,Białystok,Białystok,Białystok,podlaskie
15-045,Białystok,Białystok,Białystok,podlaskie
15-207,Białystok,Białystok,Białystok,podlaskie
15-689,Białystok,Białystok,Białystok,podlaskie
15-688,Białystok,Białystok,Białystok,podlaskie
15-131,Białystok,Białystok,Białystok,podlaskie
15-282,Białystok,Białystok,Białystok,podlaskie
15-379,Białystok,Białystok,Białystok,podlaskie
15-234,Białystok,Białystok,Białystok,podlaskie
15-142,Białystok,Białystok,Białystok,podlaskie
15-439,Białystok,Białystok,Białystok,podlaskie
15-683,Białystok,Białystok,Białystok,podlaskie
15-348,Białystok,Białystok,Białystok,podlaskie
15-502,Białystok,Białystok,Białystok,podlaskie
15-518,Białystok,Białystok,Białystok,podlaskie
15-723,Białystok,Białystok,Białystok,podlaskie
15-104,Białystok,Białystok,Białystok,podlaskie
15-790,Białystok,Białystok,Białystok,podlaskie
15-258,Białystok,Białystok,Białystok,podlaskie
15-210,Białystok,Białystok,Białystok,podlaskie
15-227,Białystok,Białystok,Białystok,podlaskie
15-233,Białystok,Białystok,Białystok,podlaskie
15-354,Białystok,Białystok,Białystok,podlaskie
15-365,Białystok,Białystok,Białystok,podlaskie
15-476,Białystok,Białystok,Białystok,podlaskie
15-467,Białystok,Białystok,Białystok,podlaskie
15-455,Białystok,Białystok,Białystok,podlaskie
15-624,Białystok,Białystok,Białystok,podlaskie
15-784,Białystok,Białystok,Białystok,podlaskie
15-546,Białystok,Białystok,Białystok,podlaskie
15-729,Białystok,Białystok,Białystok,podlaskie
15-657,Białystok,Białystok,Białystok,podlaskie
15-067,Białystok,Białystok,Białystok,podlaskie
15-815,Białystok,Białystok,Białystok,podlaskie
15-129,Białystok,Białystok,Białystok,podlaskie
15-452,Białystok,Białystok,Białystok,podlaskie
15-340,Białystok,Białystok,Białystok,podlaskie
15-449,Białystok,Białystok,Białystok,podlaskie
15-720,Białystok,Białystok,Białystok,podlaskie
15-353,Białystok,Białystok,Białystok,podlaskie
15-707,Białystok,Białystok,Białystok,podlaskie
15-019,Białystok,Białystok,Białystok,podlaskie
15-241,Białystok,Białystok,Białystok,podlaskie
15-430,Białystok,Białystok,Białystok,podlaskie
15-355,Białystok,Białystok,Białystok,podlaskie
15-032,Białystok,Białystok,Białystok,podlaskie
15-536,Białystok,Białystok,Białystok,podlaskie
15-337,Białystok,Białystok,Białystok,podlaskie
15-338,Białystok,Białystok,Białystok,podlaskie
15-143,Białystok,Białystok,Białystok,podlaskie
15-139,Białystok,Białystok,Białystok,podlaskie
15-863,Białystok,Białystok,Białystok,podlaskie
15-615,Białystok,Białystok,Białystok,podlaskie
15-717,Białystok,Białystok,Białystok,podlaskie
15-879,Białystok,Białystok,Białystok,podlaskie
15-335,Białystok,Białystok,Białystok,podlaskie
15-627,Białystok,Białystok,Białystok,podlaskie
15-645,Białystok,Białystok,Białystok,podlaskie
15-655,Białystok,Białystok,Białystok,podlaskie
15-091,Białystok,Białystok,Białystok,podlaskie
15-426,Białystok,Białystok,Białystok,podlaskie
15-421,Białystok,Białystok,Białystok,podlaskie
15-008,Białystok,Białystok,Białystok,podlaskie
15-773,Białystok,Białystok,Białystok,podlaskie
15-150,Białystok,Białystok,Białystok,podlaskie
15-211,Białystok,Białystok,Białystok,podlaskie
15-780,Białystok,Białystok,Białystok,podlaskie
15-621,Białystok,Białystok,Białystok,podlaskie
15-125,Białystok,Białystok,Białystok,podlaskie
15-856,Białystok,Białystok,Białystok,podlaskie
15-092,Białystok,Białystok,Białystok,podlaskie
15-432,Białystok,Białystok,Białystok,podlaskie
15-004,Białystok,Białystok,Białystok,podlaskie
15-002,Białystok,Białystok,Białystok,podlaskie
15-003,Białystok,Białystok,Białystok,podlaskie
15-005,Białystok,Białystok,Białystok,podlaskie
15-288,Białystok,Białystok,Białystok,podlaskie
15-667,Białystok,Białystok,Białystok,podlaskie
15-023,Białystok,Białystok,Białystok,podlaskie
15-850,Białystok,Białystok,Białystok,podlaskie
15-165,Białystok,Białystok,Białystok,podlaskie
15-109,Białystok,Białystok,Białystok,podlaskie
15-203,Białystok,Białystok,Białystok,podlaskie
15-048,Białystok,Białystok,Białystok,podlaskie
15-663,Białystok,Białystok,Białystok,podlaskie
15-323,Białystok,Białystok,Białystok,podlaskie
15-660,Białystok,Białystok,Białystok,podlaskie
15-028,Białystok,Białystok,Białystok,podlaskie
15-029,Białystok,Białystok,Białystok,podlaskie
15-229,Białystok,Białystok,Białystok,podlaskie
15-865,Białystok,Białystok,Białystok,podlaskie
15-751,Białystok,Białystok,Białystok,podlaskie
15-138,Białystok,Białystok,Białystok,podlaskie
15-040,Białystok,Białystok,Białystok,podlaskie
15-715,Białystok,Białystok,Białystok,podlaskie
15-441,Białystok,Białystok,Białystok,podlaskie
15-175,Białystok,Białystok,Białystok,podlaskie
15-825,Białystok,Białystok,Białystok,podlaskie
15-073,Białystok,Białystok,Białystok,podlaskie
15-670,Białystok,Białystok,Białystok,podlaskie
15-030,Białystok,Białystok,Białystok,podlaskie
15-071,Białystok,Białystok,Białystok,podlaskie
15-556,Białystok,Białystok,Białystok,podlaskie
15-644,Białystok,Białystok,Białystok,podlaskie
15-662,Białystok,Białystok,Białystok,podlaskie
15-771,Białystok,Białystok,Białystok,podlaskie
15-565,Białystok,Białystok,Białystok,podlaskie
15-567,Białystok,Białystok,Białystok,podlaskie
15-093,Białystok,Białystok,Białystok,podlaskie
15-422,Białystok,Białystok,Białystok,podlaskie
15-401,Białystok,Białystok,Białystok,podlaskie
15-862,Białystok,Białystok,Białystok,podlaskie
15-263,Białystok,Białystok,Białystok,podlaskie
15-760,Białystok,Białystok,Białystok,podlaskie
15-640,Białystok,Białystok,Białystok,podlaskie
15-294,Białystok,Białystok,Białystok,podlaskie
15-295,Białystok,Białystok,Białystok,podlaskie
15-671,Białystok,Białystok,Białystok,podlaskie
15-266,Białystok,Białystok,Białystok,podlaskie
15-714,Białystok,Białystok,Białystok,podlaskie
15-506,Białystok,Białystok,Białystok,podlaskie
15-328,Białystok,Białystok,Białystok,podlaskie
15-082,Białystok,Białystok,Białystok,podlaskie
15-277,Białystok,Białystok,Białystok,podlaskie
15-843,Białystok,Białystok,Białystok,podlaskie
15-153,Białystok,Białystok,Białystok,podlaskie
15-415,Białystok,Białystok,Białystok,podlaskie
15-007,Białystok,Białystok,Białystok,podlaskie
15-618,Białystok,Białystok,Białystok,podlaskie
15-746,Białystok,Białystok,Białystok,podlaskie
15-646,Białystok,Białystok,Białystok,podlaskie
15-836,Białystok,Białystok,Białystok,podlaskie
15-668,Białystok,Białystok,Białystok,podlaskie
15-240,Białystok,Białystok,Białystok,podlaskie
15-547,Białystok,Białystok,Białystok,podlaskie
15-132,Białystok,Białystok,Białystok,podlaskie
15-062,Białystok,Białystok,Białystok,podlaskie
15-063,Białystok,Białystok,Białystok,podlaskie
15-077,Białystok,Białystok,Białystok,podlaskie
15-201,Białystok,Białystok,Białystok,podlaskie
15-078,Białystok,Białystok,Białystok,podlaskie
15-637,Białystok,Białystok,Białystok,podlaskie
15-429,Białystok,Białystok,Białystok,podlaskie
15-461,Białystok,Białystok,Białystok,podlaskie
15-460,Białystok,Białystok,Białystok,podlaskie
15-117,Białystok,Białystok,Białystok,podlaskie
15-137,Białystok,Białystok,Białystok,podlaskie
15-178,Białystok,Białystok,Białystok,podlaskie
15-118,Białystok,Białystok,Białystok,podlaskie
15-269,Białystok,Białystok,Białystok,podlaskie
15-274,Białystok,Białystok,Białystok,podlaskie
15-304,Białystok,Białystok,Białystok,podlaskie
15-638,Białystok,Białystok,Białystok,podlaskie
15-481,Białystok,Białystok,Białystok,podlaskie
15-123,Białystok,Białystok,Białystok,podlaskie
15-122,Białystok,Białystok,Białystok,podlaskie
15-679,Białystok,Białystok,Białystok,podlaskie
15-307,Białystok,Białystok,Białystok,podlaskie
15-306,Białystok,Białystok,Białystok,podlaskie
15-311,Białystok,Białystok,Białystok,podlaskie
15-121,Białystok,Białystok,Białystok,podlaskie
15-827,Białystok,Białystok,Białystok,podlaskie
15-833,Białystok,Białystok,Białystok,podlaskie
15-647,Białystok,Białystok,Białystok,podlaskie
15-351,Białystok,Białystok,Białystok,podlaskie
15-352,Białystok,Białystok,Białystok,podlaskie
15-743,Białystok,Białystok,Białystok,podlaskie
15-070,Białystok,Białystok,Białystok,podlaskie
15-322,Białystok,Białystok,Białystok,podlaskie
15-388,Białystok,Białystok,Białystok,podlaskie
15-464,Białystok,Białystok,Białystok,podlaskie
15-465,Białystok,Białystok,Białystok,podlaskie
15-202,Białystok,Białystok,Białystok,podlaskie
15-270,Białystok,Białystok,Białystok,podlaskie
15-287,Białystok,Białystok,Białystok,podlaskie
15-272,Białystok,Białystok,Białystok,podlaskie
15-309,Białystok,Białystok,Białystok,podlaskie
15-271,Białystok,Białystok,Białystok,podlaskie
15-208,Białystok,Białystok,Białystok,podlaskie
15-209,Białystok,Białystok,Białystok,podlaskie
15-055,Białystok,Białystok,Białystok,podlaskie
15-813,Białystok,Białystok,Białystok,podlaskie
15-158,Białystok,Białystok,Białystok,podlaskie
15-126,Białystok,Białystok,Białystok,podlaskie
15-167,Białystok,Białystok,Białystok,podlaskie
15-168,Białystok,Białystok,Białystok,podlaskie
15-829,Białystok,Białystok,Białystok,podlaskie
15-754,Białystok,Białystok,Białystok,podlaskie
15-888,Białystok,Białystok,Białystok,podlaskie
15-487,Białystok,Białystok,Białystok,podlaskie
15-180,Białystok,Białystok,Białystok,podlaskie
15-564,Białystok,Białystok,Białystok,podlaskie
15-820,Białystok,Białystok,Białystok,podlaskie
15-866,Białystok,Białystok,Białystok,podlaskie
15-435,Białystok,Białystok,Białystok,podlaskie
15-619,Białystok,Białystok,Białystok,podlaskie
15-251,Białystok,Białystok,Białystok,podlaskie
15-141,Białystok,Białystok,Białystok,podlaskie
15-364,Białystok,Białystok,Białystok,podlaskie
15-339,Białystok,Białystok,Białystok,podlaskie
15-831,Białystok,Białystok,Białystok,podlaskie
15-652,Białystok,Białystok,Białystok,podlaskie
15-016,Białystok,Białystok,Białystok,podlaskie
15-312,Białystok,Białystok,Białystok,podlaskie
15-333,Białystok,Białystok,Białystok,podlaskie
15-246,Białystok,Białystok,Białystok,podlaskie
15-247,Białystok,Białystok,Białystok,podlaskie
15-448,Białystok,Białystok,Białystok,podlaskie
15-297,Białystok,Białystok,Białystok,podlaskie
15-298,Białystok,Białystok,Białystok,podlaskie
15-417,Białystok,Białystok,Białystok,podlaskie
15-244,Białystok,Białystok,Białystok,podlaskie
15-469,Białystok,Białystok,Białystok,podlaskie
96-512,Bibiampol,Młodzieszyn,sochaczewski,mazowieckie
63-405,Bibianki,Sieroszewice,ostrowski,wielkopolskie
62-709,Bibianna,Malanów,turecki,wielkopolskie
32-087,Bibice,Zielonki,krakowski,małopolskie
29-145,Bichniów,Secemin,włoszczowski,świętokrzyskie
33-395,Biczyce,Chełmiec,nowosądecki,małopolskie
27-532,Bidziny,Wojciechowice,opatowski,świętokrzyskie
84-210,Biebrowo,Choczewo,wejherowski,pomorskie
48-314,Biechów,Pakosławice,nyski,opolskie
28-133,Biechów,Pacanów,buski,świętokrzyskie
27-415,Biechów,Kunów,ostrowiecki,świętokrzyskie
68-343,Biecz,Brody,żarski,lubuskie
38-340,Biecz,Biecz,gorlicki,małopolskie
72-320,Bieczyno,Trzebiatów,gryficki,zachodniopomorskie
83-261,Biedaczek,Kaliska,starogardzki,pomorskie
37-110,Biedaczów,Leżajsk,leżajski,podkarpackie
11-600,Biedaszki,Węgorzewo,węgorzewski,warmińsko-mazurskie
62-003,Biedrusko,Las,poznański,wielkopolskie
06-213,Biedrzyce-Koziegłowy,Sypniewo,makowski,mazowieckie
59-101,Biedrzychowa,Polkowice,polkowicki,dolnośląskie
59-811,Biedrzychowice,Olszyna,lubański,dolnośląskie
48-250,Biedrzychowice,Głogówek,prudnicki,opolskie
68-200,Biedrzychowice,Żary,żarski,lubuskie
27-530,Biedrzychów,Ożarów,opatowski,świętokrzyskie
28-440,Biedrzykowice,Działoszyce,pińczowski,świętokrzyskie
63-440,Bieganin,Raszków,ostrowski,wielkopolskie
88-200,Bieganowo,Radziejów,radziejowski,kujawsko-pomorskie
62-305,Bieganowo,Kołaczkowo,wrzesiński,wielkopolskie
57-400,Bieganów,Ruda,kłodzki,dolnośląskie
96-316,Bieganów,Jaktorów,grodziski,mazowieckie
89-312,Biegodzin,Łobżenica,pilski,wielkopolskie
11-230,Biegonity,Bisztynek,bartoszycki,warmińsko-mazurskie
59-540,Biegoszów,Świerzawa,złotoryjski,dolnośląskie
26-803,Biejkowska,Promna,białobrzeski,mazowieckie
07-300,Biel,Mazowiecka,ostrowski,mazowieckie
62-550,Biela,Wilczyn,koniński,wielkopolskie
59-600,Bielanka,Śląski,lwówecki,dolnośląskie
38-311,Bielanka,Gorlice,gorlicki,małopolskie
34-723,Bielanka,Wyżna,nowotarski,małopolskie
95-060,Bielanki,Brzeziny,brzeziński,łódzkie
59-430,Bielany,Wielkie,jaworski,dolnośląskie
21-532,Bielany,Łomazy,bialski,lubelskie
32-651,Bielany,Kęty,oświęcimski,małopolskie
09-140,Bielany,Raciąż,płoński,mazowieckie
21-413,Bielany,Serokomla,łukowski,lubelskie
08-311,Bielany-Jarosławy,Bielany,sokołowski,mazowieckie
58-260,Bielawa,Bielawa,dzierżoniowski,dolnośląskie
55-093,Bielawa,Długołęka,wrocławski,dolnośląskie
05-520,Bielawa,Konstancin-Jeziorna,piaseczyński,mazowieckie
77-400,Bielawa,Złotów,złotowski,wielkopolskie
59-930,Bielawa,Pieńsk,zgorzelecki,dolnośląskie
87-337,Bielawki,Wąpielsk,rypiński,kujawsko-pomorskie
99-300,Bielawki,Kutno,kutnowski,łódzkie
83-341,Bielawki,Sulęczyno,kartuski,pomorskie
83-130,Bielawki,Pelplin,tczewski,pomorskie
99-423,Bielawska,Bielawy,łowicki,łódzkie
89-100,Bielawy,Notecią,nakielski,kujawsko-pomorskie
88-192,Bielawy,Barcin,żniński,kujawsko-pomorskie
88-430,Bielawy,Wielkopolski,żniński,kujawsko-pomorskie
67-112,Bielawy,Siedlisko,nowosolski,lubuskie
99-140,Bielawy,Warckie,łęczycki,łódzkie
06-550,Bielawy,Szreńsk,mławski,mazowieckie
89-642,Bielawy,Czersk,chojnicki,pomorskie
13-111,Bielawy,Kościelny,nidzicki,warmińsko-mazurskie
62-271,Bielawy,Kłecko,gnieźnieński,wielkopolskie
62-066,Bielawy,Granowo,grodziski,wielkopolskie
64-030,Bielawy,Śmigiel,kościański,wielkopolskie
64-120,Bielawy,Krzemieniewo,leszczyński,wielkopolskie
63-322,Bielawy,Gołuchów,pleszewski,wielkopolskie
09-320,Bielawy,Bieżuń,żuromiński,mazowieckie
63-860,Bielawy,Pogorzela,gostyński,wielkopolskie
32-824,Bielcza,Borzęcin,brzeski,małopolskie
87-140,Bielczyny,Chełmża,toruński,kujawsko-pomorskie
62-561,Biele,Ślesin,koniński,wielkopolskie
62-619,Biele,Wierzbinek,koniński,wielkopolskie
21-060,Bielecha,Fajsławice,krasnostawski,lubelskie
26-026,Bieleckie,Morawica,kielecki,świętokrzyskie
63-233,Bielejewo,Jaraczewo,jarociński,wielkopolskie
64-560,Bielejewo,Ostroróg,szamotulski,wielkopolskie
66-320,Bieleń,Trzciel,międzyrzecki,lubuskie
16-040,Bielewicze,Gródek,białostocki,podlaskie
64-010,Bielewo,Krzywiń,kościański,wielkopolskie
87-620,Bielica,Kikół,lipnowski,kujawsko-pomorskie
14-407,Bielica,Godkowo,elbląski,warmińsko-mazurskie
57-550,Bielice,Śląskie,kłodzki,dolnośląskie
88-330,Bielice,Mogilno,mogileński,kujawsko-pomorskie
67-120,Bielice,Kożuchów,nowosolski,lubuskie
66-234,Bielice,Torzym,sulęciński,lubuskie
48-316,Bielice,Łambinowice,nyski,opolskie
13-330,Bielice,Biskupiec,nowomiejski,warmińsko-mazurskie
64-761,Bielice,Wielkopolski,czarnkowsko-,wielkopolskie
26-601,Bielicha,Zakrzew,radomski,mazowieckie
72-304,Bielikowo,Brojce,gryficki,zachodniopomorskie
74-503,Bielin,Moryń,gryfiński,zachodniopomorskie
37-410,Bieliniec,Ulanów,niżański,podkarpackie
09-408,Bielino,Słupno,płocki,mazowieckie
07-207,Bielino,Rząśnik,wyszkowski,mazowieckie
05-085,Bieliny,warszawski,zachodni,mazowieckie
56-209,Bieliszów,Jemielno,górowski,dolnośląskie
87-875,Bielki,Topólka,radziejowski,kujawsko-pomorskie
76-003,Bielkowo,Sianów,koszaliński,zachodniopomorskie
73-108,Bielkowo,Kobylanka,stargardzki,zachodniopomorskie
43-386,Bielowicko,Jasienica,bielski,śląskie
39-223,Bielowy,Pilzno,dębicki,podkarpackie
66-600,Bielów,Odrzańskie,krośnieński,lubuskie
87-410,Bielsk,Pomorskie,golubsko-dobrzyński,kujawsko-pomorskie
09-230,Bielsk,Bielsk,płocki,mazowieckie
83-230,Bielsk,Morzeszczyn,tczewski,pomorskie
11-513,Bielskie,Miłki,giżycki,warmińsko-mazurskie
24-310,Bielsko,Karczmiska,opolski,lubelskie
77-220,Bielsko,Koczała,człuchowski,pomorskie
43-300,Bielsko-Biała,Bielsko-Biała,Bielsko-Biała,śląskie
43-382,Bielsko-Biała,Bielsko-Biała,Bielsko-Biała,śląskie
43-303,Bielsko-Biała,Bielsko-Biała,Bielsko-Biała,śląskie
43-344,Bielsko-Biała,Bielsko-Biała,Bielsko-Biała,śląskie
43-346,Bielsko-Biała,Bielsko-Biała,Bielsko-Biała,śląskie
43-316,Bielsko-Biała,Bielsko-Biała,Bielsko-Biała,śląskie
43-309,Bielsko-Biała,Bielsko-Biała,Bielsko-Biała,śląskie
43-310,Bielsko-Biała,Bielsko-Biała,Bielsko-Biała,śląskie
43-308,Bielsko-Biała,Bielsko-Biała,Bielsko-Biała,śląskie
43-318,Bielsko-Biała,Bielsko-Biała,Bielsko-Biała,śląskie
17-200,Bielszczyzna,Hajnówka,hajnowski,podlaskie
17-332,Biełki,Milejczyce,siemiatycki,podlaskie
18-416,Bienduszka,Zbójna,łomżyński,podlaskie
16-124,Bieniasze,Sidra,sokólski,podlaskie
14-310,Bieniasze,Miłakowo,ostródzki,warmińsko-mazurskie
33-250,Bieniaszowice,Gręboszów,dąbrowski,małopolskie
98-300,Bieniądzice,Wieluń,wieluński,łódzkie
72-210,Bienice,Dobra,łobeski,zachodniopomorskie
72-209,Bieniczki,Nowogard,goleniowski,zachodniopomorskie
59-730,Bieniec,Nowogrodziec,bolesławiecki,dolnośląskie
98-335,Bieniec,Pątnów,wieluński,łódzkie
26-625,Bieniędzice,Wolanów,radomski,mazowieckie
16-205,Bieniowce,Dwór,sokólski,podlaskie
59-216,Bieniowice,Kunice,legnicki,dolnośląskie
22-363,Bieniów,Rejowiec,chełmski,lubelskie
26-220,Bień,Stąporków,konecki,świętokrzyskie
32-410,Bieńkowice,Dobczyce,myślenicki,małopolskie
47-451,Bieńkowice,Krzyżanowice,raciborski,śląskie
86-200,Bieńkówka,Chełmno,chełmiński,kujawsko-pomorskie
34-212,Bieńkówka,Budzów,suski,małopolskie
47-240,Bierawa,Bierawa,kędzierzyńsko-,opolskie
66-330,Biercza,Pszczew,międzyrzecki,lubuskie
46-046,Bierdzany,Turawa,opolski,opolskie
57-315,Bierkowice,Kłodzko,kłodzki,dolnośląskie
76-200,Bierkowo,Redzikowo,słupski,pomorskie
59-970,Bierna,Sulików,zgorzelecki,dolnośląskie
34-325,Bierna,Łodygowice,żywiecki,śląskie
57-220,Biernacice,Ziębice,ząbkowicki,dolnośląskie
63-520,Biernacice,Sieroszewice,ostrowski,wielkopolskie
77-330,Biernatka,Czarne,człuchowski,pomorskie
62-035,Biernatki,Kórnik,poznański,wielkopolskie
64-910,Biernatowo,Trzcianka,czarnkowsko-,wielkopolskie
67-321,Biernatów,Szprotawa,żagański,lubuskie
48-118,Biernatów,Głubczyce,głubczycki,opolskie
13-203,Biernaty,Lidzbark,działdowski,warmińsko-mazurskie
08-200,Biernaty,Łosice,łosicki,mazowieckie
78-320,Biernów,Rąbino,świdwiński,zachodniopomorskie
38-203,Bierówka,Jasło,jasielski,podkarpackie
32-440,Biertowice,Sułkowice,myślenicki,małopolskie
43-150,Bieruń,Bieruń,bieruńsko-lędziński,śląskie
43-155,Bieruń,Bieruń,bieruńsko-lędziński,śląskie
56-420,Bierutów,Bierutów,oleśnicki,dolnośląskie
26-660,Bierwce,Jedlińsk,radomski,mazowieckie
62-302,Bierzglin,Września,wrzesiński,wielkopolskie
62-303,Bierzglinek,Września,wrzesiński,wielkopolskie
87-152,Bierzgłowo,Łubianka,toruński,kujawsko-pomorskie
62-720,Bierzmo,Brudzew,turecki,wielkopolskie
49-353,Bierzów,Skarbimierz,brzeski,opolskie
62-650,Bierzwienna,Kłodawa,kolski,wielkopolskie
78-324,Bierzwnica,Świdwin,świdwiński,zachodniopomorskie
73-240,Bierzwnik,Bierzwnik,choszczeński,zachodniopomorskie
32-865,Biesiadki,Gnojnik,brzeski,małopolskie
98-270,Biesiec,Złoczew,sieradzki,łódzkie
76-039,Biesiekierz,Biesiekierz,koszaliński,zachodniopomorskie
38-324,Biesna,Łużna,gorlicki,małopolskie
11-300,Biesowo,Biskupiec,olsztyński,warmińsko-mazurskie
55-010,Biestrzyków,Siechnice,wrocławski,dolnośląskie
46-043,Biestrzynnik,Ozimek,opolski,opolskie
86-141,Bieszewo,Cekcyn,tucholski,kujawsko-pomorskie
84-206,Bieszkowice,Wejherowo,wejherowski,pomorskie
68-320,Bieszków,Jasień,żarski,lubuskie
26-503,Bieszków,Mirów,szydłowiecki,mazowieckie
62-240,Bieślin,Trzemeszno,gnieźnieński,wielkopolskie
38-331,Bieśnik,Łużna,gorlicki,małopolskie
32-840,Bieśnik,Zakliczyn,tarnowski,małopolskie
38-214,Bieździadka,Kołaczyce,jasielski,podkarpackie
42-133,Bieżeń,Wielka,kłobucki,śląskie
66-620,Bieżyce,Gubin,krośnieński,lubuskie
97-318,Bieżywody,Czarnocin,piotrkowski,łódzkie
76-231,Bięcino,Damnica,słupski,pomorskie
37-631,Bihale,Oczy,lubaczowski,podkarpackie
05-600,Bikówek,Grójec,grójecki,mazowieckie
27-641,Bilcza,Obrazów,sandomierski,świętokrzyskie
32-420,Bilczyce,Gdów,wielicki,małopolskie
98-160,Bilew,Sędziejowice,łaski,łódzkie
33-314,Bilsko,Dolna,nowosądecki,małopolskie
33-332,Binczarowa,Grybów,nowosądecki,małopolskie
08-220,Binduga,Sarnaki,łosicki,mazowieckie
06-333,Binduga,Chorzele,przasnyski,mazowieckie
89-607,Binduga,Konarzyny,chojnicki,pomorskie
06-225,Bindużka,Rzewnie,makowski,mazowieckie
64-610,Biniewo,Rogoźno,obornicki,wielkopolskie
63-100,Binkowo,Śrem,śremski,wielkopolskie
74-106,Binowo,Czarnowo,gryfiński,zachodniopomorskie
77-324,Bińcze,Czarne,człuchowski,pomorskie
32-104,Biórków,Koniusza,proszowicki,małopolskie
37-740,Bircza,Bircza,przemyski,podkarpackie
56-500,Biskupice,Syców,oleśnicki,dolnośląskie
56-100,Biskupice,Wołów,wołowski,dolnośląskie
55-065,Biskupice,Śląski,wrocławski,dolnośląskie
21-044,Biskupice,Trawniki,świdnicki,lubelskie
98-200,Biskupice,Sieradz,sieradzki,łódzkie
33-260,Biskupice,Gręboszów,dąbrowski,małopolskie
32-095,Biskupice,Iwanowice,krakowski,małopolskie
32-200,Biskupice,Miechów,miechowski,małopolskie
32-130,Biskupice,Koszyce,proszowicki,małopolskie
32-020,Biskupice,Biskupice,wielicki,małopolskie
09-210,Biskupice,Drobin,płocki,mazowieckie
05-840,Biskupice,Brwinów,pruszkowski,mazowieckie
46-220,Biskupice,Byczyna,kluczborski,opolskie
46-324,Biskupice,Radłów,oleski,opolskie
42-256,Biskupice,Olsztyn,częstochowski,śląskie
42-436,Biskupice,Pilica,zawierciański,śląskie
27-580,Biskupice,Sadowie,opatowski,świętokrzyskie
62-814,Biskupice,Blizanów,kaliski,wielkopolskie
62-800,Biskupice,Skalmierzyce,ostrowski,wielkopolskie
62-007,Biskupice,Pobiedziska,poznański,wielkopolskie
55-220,Biskupice,Jelcz-Laskowice,oławski,dolnośląskie
63-460,Biskupice,Skalmierzyce,ostrowski,wielkopolskie
33-130,Biskupice,Radłów,tarnowski,małopolskie
63-510,Biskupice,Mikstat,ostrzeszowski,wielkopolskie
14-220,Biskupiczki,Kisielice,iławski,warmińsko-mazurskie
13-340,Biskupiec,Biskupiec,nowomiejski,warmińsko-mazurskie
20-258,Biskupie-Kolonia,Wólka,lubelski,lubelskie
59-226,Biskupin,Chojnów,legnicki,dolnośląskie
48-355,Biskupów,Głuchołazy,nyski,opolskie
46-331,Biskupskie,Radłów,oleski,opolskie
33-160,Bistuszowa,Ryglice,tarnowski,małopolskie
23-425,Biszcza,Biszcza,biłgorajski,lubelskie
28-305,Bizoręda,Sobków,jędrzejowski,świętokrzyskie
42-290,Blachownia,Blachownia,częstochowski,śląskie
38-316,Blechnarka,Gorlickie,gorlicki,małopolskie
66-350,Bledzew,Bledzew,międzyrzecki,lubuskie
16-427,Blenda,Przerośl,suwalski,podlaskie
09-452,Blichowo,Bulkowo,płocki,mazowieckie
23-225,Blinów,Szastarka,kraśnicki,lubelskie
48-140,Bliszczyce,Branice,głubczycki,opolskie
50-458,Blizanowice,Siechnice,wrocławski,dolnośląskie
38-114,Blizianka,Niebylec,strzyżowski,podkarpackie
87-222,Blizienko,Książki,wąbrzeski,kujawsko-pomorskie
97-371,Blizin,Krzysztoporska,piotrkowski,łódzkie
39-104,Blizna,Ostrów,ropczycko-,podkarpackie
36-221,Blizne,Rosielna,brzozowski,podkarpackie
21-146,Blizocin,Jeziorzany,lubartowski,lubelskie
46-325,Bliźniaki,Rudniki,oleski,opolskie
98-285,Bliźniew,Wróblew,sieradzki,łódzkie
22-442,Bliżów,Adamów,zamojski,lubelskie
26-120,Bliżyn,Bliżyn,skarżyski,świętokrzyskie
46-380,Błachów,Dobrodzień,oleski,opolskie
43-430,Bładnice,Skoczów,cieszyński,śląskie
64-361,Błaki,Miedzichowo,nowotomyski,wielkopolskie
98-235,Błaszki,Błaszki,sieradzki,łódzkie
88-320,Bławatki,Strzelno,mogileński,kujawsko-pomorskie
63-140,Błażejewo,Dolsk,śremski,wielkopolskie
49-345,Błażejowice,Brzeski,brzeski,opolskie
47-253,Błażejowice,Cisek,kędzierzyńsko-,opolskie
44-187,Błażejowice,Wielowieś,gliwicki,śląskie
58-420,Błażejów,Lubawka,kamiennogórski,dolnośląskie
38-212,Błażkowa,Brzyska,jasielski,podkarpackie
84-100,Błądzikowo,Puck,pucki,pomorskie
07-320,Błędnica,Górna,ostrowski,mazowieckie
83-221,Błędno,Osiek,starogardzki,pomorskie
78-520,Błędno,Złocieniec,drawski,zachodniopomorskie
06-141,Błędostowo,Winnica,pułtuski,mazowieckie
36-017,Błędowa,Chmielnik,rzeszowski,podkarpackie
36-071,Błędowa,Świlcza,rzeszowski,podkarpackie
05-180,Błędowo,Pomiechówek,nowodworski,mazowieckie
99-413,Błędów,Chąśno,łowicki,łódzkie
26-680,Błędów,Wierzbica,radomski,mazowieckie
26-341,Błogie,Mniszków,opoczyński,łódzkie
32-107,Błogocice,Radziemice,proszowicki,małopolskie
28-363,Błogoszów,Oksa,jędrzejowski,świętokrzyskie
09-164,Błomino,Dzierzążnia,płoński,mazowieckie
21-505,Błonie,Podlaski,bialski,lubelskie
66-211,Błonie,Skąpe,świebodziński,lubuskie
99-100,Błonie,Łęczyca,łęczycki,łódzkie
33-113,Błonie,Tarnów,tarnowski,małopolskie
39-320,Błonie,Przecław,mielecki,podkarpackie
99-350,Błota,Ostrowy,kutnowski,łódzkie
98-277,Błota,Brąszewice,sieradzki,łódzkie
49-312,Błota,Lubsza,brzeski,opolskie
87-134,Błotka,Wielka,toruński,kujawsko-pomorskie
07-104,Błotki,Stoczek,węgrowski,mazowieckie
76-020,Błotko,Bobolice,koszaliński,zachodniopomorskie
64-111,Błotkowo,Lipno,leszczyński,wielkopolskie
83-041,Błotnia,Wielkie,gdański,pomorskie
57-250,Błotnica,Stok,ząbkowicki,dolnośląskie
66-540,Błotnica,Kurowo,strzelecko-drezdenecki,lubuskie
82-335,Błotnica,Elbląskie,elbląski,warmińsko-mazurskie
83-020,Błotnik,Wielkie,gdański,pomorskie
66-505,Błotno,Zwierzyn,strzelecko-drezdenecki,lubuskie
72-205,Błotno,Nowogard,goleniowski,zachodniopomorskie
86-260,Błoto,Unisław,chełmiński,kujawsko-pomorskie
64-410,Błoto,Sieraków,międzychodzki,wielkopolskie
14-420,Błudowo,Młynary,elbląski,warmińsko-mazurskie
99-420,Bobiecko,Łyszkowice,łowicki,łódzkie
32-100,Bobin,Proszowice,proszowicki,małopolskie
17-204,Bobinka,Cerkiewne,hajnowski,podlaskie
06-210,Bobino,Płoniawy-Bramura,makowski,mazowieckie
22-375,Bobliwo,Izbica,krasnostawski,lubelskie
57-200,Bobolice,Śląskie,ząbkowicki,dolnośląskie
76-156,Bobolin,Darłowo,sławieński,zachodniopomorskie
77-310,Boboszewo,Debrzno,człuchowski,pomorskie
57-530,Boboszów,Międzylesie,kłodzki,dolnośląskie
38-350,Bobowa,Bobowa,gorlicki,małopolskie
66-300,Bobowicko,Międzyrzecz,międzyrzecki,lubuskie
24-173,Bobowiska,Markuszów,puławski,lubelskie
83-212,Bobowo,Bobowo,starogardzki,pomorskie
32-661,Bobrek,Chełmek,oświęcimski,małopolskie
39-203,Bobrowa,Żyraków,dębicki,podkarpackie
96-323,Bobrowce,Mszczonów,żyrardowski,mazowieckie
76-100,Bobrowice,Sławno,sławieński,zachodniopomorskie
05-502,Bobrowiec,Piaseczno,piaseczyński,mazowieckie
16-421,Bobrowisko,Suwałki,suwalski,podlaskie
08-500,Bobrowniki,Ryki,rycki,lubelskie
67-106,Bobrowniki,Otyń,nowosolski,lubuskie
98-355,Bobrowniki,Działoszyn,pajęczański,łódzkie
26-903,Bobrowniki,Głowaczów,kozienicki,mazowieckie
42-583,Bobrowniki,Bobrowniki,będziński,śląskie
29-120,Bobrowniki,Kluczewsko,włoszczowski,świętokrzyskie
62-113,Bobrowniki,Wągrowiec,wągrowiecki,wielkopolskie
73-120,Bobrowniki,Chociwel,stargardzki,zachodniopomorskie
33-122,Bobrowniki,Wierzchosławice,tarnowski,małopolskie
33-131,Bobrowniki,Żabno,tarnowski,małopolskie
58-500,Bobrów,Mysłakowice,karkonoski,dolnośląskie
59-222,Bobrów,Miłkowice,legnicki,dolnośląskie
37-542,Bobrówka,Laszki,jarosławski,podkarpackie
66-510,Bobrówko,Krajeńskie,strzelecko-drezdenecki,lubuskie
19-335,Bobry,Prostki,ełcki,warmińsko-mazurskie
26-085,Bobrza,Góra,kielecki,świętokrzyskie
67-320,Bobrzany,Małomice,żagański,lubuskie
87-404,Bocheniec,Radomin,golubsko-dobrzyński,kujawsko-pomorskie
28-366,Bocheniec,Małogoszcz,jędrzejowski,świętokrzyskie
99-400,Bocheń,Łowicz,łowicki,łódzkie
86-170,Bochlin,Nowe,świecki,kujawsko-pomorskie
32-700,Bochnia,Bochnia,bocheński,małopolskie
24-120,Bochotnica,Dolny,puławski,lubelskie
24-150,Bochotnica-Kolonia,Nałęczów,puławski,lubelskie
77-116,Bochowo,Dąbrówka,bytowski,pomorskie
97-425,Bocianicha,Zelów,bełchatowski,łódzkie
95-035,Boczki,Ozorków,zgierski,łódzkie
99-414,Boczki,Południowy,łowicki,łódzkie
32-740,Boczów,Łapanów,bocheński,małopolskie
11-612,Boćwinka,Kruklanki,giżycki,warmińsko-mazurskie
19-507,Boćwinka,Gołdap,gołdapski,warmińsko-mazurskie
22-460,Bodaczów,Szczebrzeszyn,zamojski,lubelskie
27-570,Boduszów,Iwaniska,opatowski,świętokrzyskie
46-312,Bodzanowice,Olesno,oleski,opolskie
87-850,Bodzanowo,Choceń,włocławski,kujawsko-pomorskie
48-340,Bodzanów,Głuchołazy,nyski,opolskie
27-420,Bodzechów,Bodzechów,ostrowiecki,świętokrzyskie
26-010,Bodzentyn,Bodzentyn,kielecki,świętokrzyskie
72-221,Bodzęcin,Osina,goleniowski,zachodniopomorskie
42-446,Bodziejowice,Irządze,zawierciański,śląskie
67-115,Bodzów,Odrzański,nowosolski,lubuskie
59-424,Bogaczów,Męcinka,jaworski,dolnośląskie
68-212,Bogaczów,Trzebiel,żarski,lubuskie
83-011,Bogatka,Gdański,gdański,pomorskie
59-920,Bogatynia,Bogatynia,zgorzelecki,dolnośląskie
59-916,Bogatynia,Bogatynia,zgorzelecki,dolnośląskie
63-435,Bogdaj,Sośnie,ostrowski,wielkopolskie
06-211,Bogdalec,Płoniawy-Bramura,makowski,mazowieckie
66-450,Bogdaniec,Bogdaniec,gorzowski,lubuskie
15-608,Bogdaniec,Zabłudów,białostocki,podlaskie
21-013,Bogdanka,Puchaczów,łęczyński,lubelskie
86-320,Bogdanki,Łasin,grudziądzki,kujawsko-pomorskie
62-130,Bogdanowo,Gołańcz,wągrowiecki,wielkopolskie
55-311,Bogdanów,Kostomłoty,średzki,dolnośląskie
32-241,Bogdanów,Kozłów,miechowski,małopolskie
62-840,Bogdanów,Koźminek,kaliski,wielkopolskie
32-437,Bogdanówka,Tokarnia,myślenicki,małopolskie
92-701,Boginia,łódzki,wschodni,łódzkie
87-860,Bogołomia,Chodecz,włocławski,kujawsko-pomorskie
33-190,Bogoniowice,Ciężkowice,tarnowski,małopolskie
28-210,Bogoria,Bogoria,staszowski,świętokrzyskie
36-040,Boguchwała,Boguchwała,rzeszowski,podkarpackie
42-460,Boguchwałowice,Mierzęcice,będziński,śląskie
22-554,Bogucice,Trzeszczany,hrubieszowski,lubelskie
28-400,Bogucice,Pińczów,pińczowski,świętokrzyskie
87-811,Bogucin,Fabianki,włocławski,kujawsko-pomorskie
21-080,Bogucin,Garbów,lubelski,lubelskie
09-166,Bogucin,Raciąż,płoński,mazowieckie
62-006,Bogucin,Swarzędz,poznański,wielkopolskie
32-310,Bogucin,Klucze,olkuski,małopolskie
32-300,Bogucin,Olkusz,olkuski,małopolskie
78-100,Bogucino,Kołobrzeg,kołobrzeski,zachodniopomorskie
33-121,Bogumiłowice,Wierzchosławice,tarnowski,małopolskie
11-606,Bogumiły,Budry,węgorzewski,warmińsko-mazurskie
44-295,Bogunice,Lyski,rybnicki,śląskie
55-020,Bogunów,Żórawina,wrocławski,dolnośląskie
06-521,Bogurzyn,Wiśniewo,mławski,mazowieckie
74-404,Bogusław,Dębno,myśliborski,zachodniopomorskie
56-400,Bogusławice,Oleśnica,oleśnicki,dolnośląskie
87-820,Bogusławice,Kowal,włocławski,kujawsko-pomorskie
78-133,Bogusławiec,Kołobrzeg,kołobrzeski,zachodniopomorskie
63-023,Bogusławki,Krzykosy,średzki,wielkopolskie
33-334,Bogusza,Wielka,nowosądecki,małopolskie
17-132,Bogusze,Wyszki,bielski,podlaskie
09-317,Boguszewiec,Lutocin,żuromiński,mazowieckie
19-100,Boguszewo,Mońki,moniecki,podlaskie
18-430,Boguszki,Wizna,łomżyński,podlaskie
19-104,Boguszki,Trzcianne,moniecki,podlaskie
33-300,Boguszowa,Chełmiec,nowosądecki,małopolskie
58-370,Boguszów-Gorce,Boguszów-Gorce,wałbrzyski,dolnośląskie
58-372,Boguszów-Gorce,Boguszów-Gorce,wałbrzyski,dolnośląskie
58-371,Boguszów-Gorce,Boguszów-Gorce,wałbrzyski,dolnośląskie
26-920,Boguszówka,Gniewoszów,kozienicki,mazowieckie
46-061,Boguszyce,Prószków,opolski,opolskie
76-248,Boguszyce,Kaszubska,słupski,pomorskie
44-180,Boguszyce,Toszek,gliwicki,śląskie
62-618,Boguszyce,Wierzbinek,koniński,wielkopolskie
73-231,Boguszyce,Krzęcin,choszczeński,zachodniopomorskie
72-207,Boguszyce,Nowogard,goleniowski,zachodniopomorskie
73-115,Boguszyce,Dolice,stargardzki,zachodniopomorskie
57-300,Boguszyn,Kłodzko,kłodzki,dolnośląskie
64-117,Boguszyn,Włoszakowice,leszczyński,wielkopolskie
63-041,Boguszyn,Wartą,średzki,wielkopolskie
66-451,Boguszyniec,Witnica,gorzowski,lubuskie
73-236,Boguszyny,Pełczyce,choszczeński,zachodniopomorskie
16-002,Bohdan,Duże,białostocki,podlaskie
21-550,Bohukały,Terespol,bialski,lubelskie
21-230,Bohutyn,Sosnowica,parczewski,lubelskie
27-320,Boiska,Wisłą,lipski,mazowieckie
58-113,Bojanice,Świdnica,świdnicki,dolnośląskie
62-270,Bojanice,Kłecko,gnieźnieński,wielkopolskie
84-207,Bojano,Szemud,wejherowski,pomorskie
86-134,Bojanowo,Dragacz,świecki,kujawsko-pomorskie
63-940,Bojanowo,Bojanowo,rawicki,wielkopolskie
98-346,Bojanów,Skomlin,wieluński,łódzkie
37-433,Bojanów,Bojanów,stalowowolski,podkarpackie
47-470,Bojanów,Krzanowice,raciborski,śląskie
32-415,Bojańczyce,Raciechowice,myślenicki,małopolskie
08-330,Bojary,Lacki,sokołowski,mazowieckie
83-120,Bojary,Tczew,tczewski,pomorskie
07-140,Bojewo,Sadowne,węgrowski,mazowieckie
08-122,Bojmie,Kotuń,siedlecki,mazowieckie
43-220,Bojszowy,Bojszowy,bieruńsko-lędziński,śląskie
44-160,Bojszów,Rudziniec,gliwicki,śląskie
21-523,Bokinka,Tuczna,bialski,lubelskie
18-100,Bokiny,Łapy,białostocki,podlaskie
27-425,Boksyce,Waśniów,ostrowiecki,świętokrzyskie
16-515,Boksze,Krasnopol,sejneński,podlaskie
59-311,Bolanów,Lubin,lubiński,dolnośląskie
16-407,Bolcie,Wiżajny,suwalski,podlaskie
32-082,Bolechowice,Zabierzów,krakowski,małopolskie
26-052,Bolechowice,Nowiny,kielecki,świętokrzyskie
55-200,Bolechów,Oława,oławski,dolnośląskie
78-523,Bolegorzyn,Złocieniec,drawski,zachodniopomorskie
33-220,Bolesław,Bolesław,dąbrowski,małopolskie
32-329,Bolesław,Bolesław,olkuski,małopolskie
59-700,Bolesławice,Bolesławiec,bolesławiecki,dolnośląskie
72-113,Bolesławice,Goleniów,goleniowski,zachodniopomorskie
98-430,Bolesławiec,Bolesławiec,wieruszowski,łódzkie
62-053,Bolesławiec,Mosina,poznański,wielkopolskie
05-140,Bolesławowo,Serock,legionowski,mazowieckie
05-408,Bolesławów,Wiązowna,otwocki,mazowieckie
63-810,Bolesławów,Wielkopolski,gostyński,wielkopolskie
62-513,Bolesławów,Krzymów,koniński,wielkopolskie
37-722,Bolestraszyce,Żurawica,przemyski,podkarpackie
74-407,Boleszkowice,Boleszkowice,myśliborski,zachodniopomorskie
13-324,Boleszyn,Grodziczno,nowomiejski,warmińsko-mazurskie
58-112,Boleścin,Świdnica,świdnicki,dolnośląskie
64-305,Bolewice,Miedzichowo,nowotomyski,wielkopolskie
73-260,Bolewice,Pełczyce,choszczeński,zachodniopomorskie
06-560,Bolewo,Stupsk,mławski,mazowieckie
32-540,Bolęcin,Trzebinia,chrzanowski,małopolskie
26-422,Bolęcin,Borkowice,przysuski,mazowieckie
99-417,Bolimowska,Bolimów,skierniewicki,łódzkie
09-450,Bolino,Wyszogród,płocki,mazowieckie
59-411,Bolkowice,Paszowice,jaworski,dolnośląskie
74-120,Bolkowice,Widuchowa,gryfiński,zachodniopomorskie
59-420,Bolków,Bolków,jaworski,dolnośląskie
98-311,Bolków,Ostrówek,wieluński,łódzkie
26-060,Bolmin,Chęciny,kielecki,świętokrzyskie
32-109,Bolów,Pałecznica,proszowicki,małopolskie
84-239,Bolszewo,Wejherowo,wejherowski,pomorskie
86-070,Bolumin,Chełmińska,bydgoski,kujawsko-pomorskie
96-128,Bonarów,Słupia,skierniewicki,łódzkie
38-111,Bonarówka,Strzyżów,strzyżowski,podkarpackie
64-000,Bonikowo,Kościan,kościański,wielkopolskie
08-221,Bonin,Sarnaki,łosicki,mazowieckie
76-009,Bonin,Manowo,koszaliński,zachodniopomorskie
73-150,Bonin,Łobez,łobeski,zachodniopomorskie
42-674,Boniowice,Zbrosławice,tarnogórski,śląskie
23-450,Bononia,Goraj,biłgorajski,lubelskie
42-445,Bonowice,Szczekociny,zawierciański,śląskie
05-660,Bończa,Warka,grójecki,mazowieckie
83-220,Boraszewo,Skórcz,starogardzki,pomorskie
37-561,Boratyn,Chłopice,jarosławski,podkarpackie
07-411,Borawe,Rzekuń,ostrołęcki,mazowieckie
37-630,Borchów,Oleszyce,lubaczowski,podkarpackie
27-353,Borcuchy,Rzeczniów,lipski,mazowieckie
83-312,Borcz,Somonino,kartuski,pomorskie
28-404,Borczyn,Kije,pińczowski,świętokrzyskie
21-533,Bordziłówka,Rossosz,bialski,lubelskie
07-319,Boreczek,Górna,ostrowski,mazowieckie
39-120,Boreczek,Małopolski,ropczycko-,podkarpackie
63-112,Boreczek,Brodnica,śremski,wielkopolskie
62-613,Borecznia,Mały,kolski,wielkopolskie
67-210,Borek,Głogów,głogowski,dolnośląskie
87-320,Borek,Górzno,brodnicki,kujawsko-pomorskie
66-446,Borek,Deszczno,gorzowski,lubuskie
66-132,Borek,Trzebiechów,zielonogórski,lubuskie
32-765,Borek,Rzezawa,bocheński,małopolskie
49-315,Borek,Lubsza,brzeski,opolskie
47-300,Borek,Krapkowice,krapkowicki,opolskie
48-317,Borek,Korfantów,nyski,opolskie
39-410,Borek,Grębów,tarnobrzeski,podkarpackie
14-200,Borek,Iława,iławski,warmińsko-mazurskie
05-304,Borek,Stanisławów,miński,mazowieckie
36-020,Borek,Tyczyn,rzeszowski,podkarpackie
32-050,Borek,Skawina,krakowski,małopolskie
82-224,Boręty,Lichnowy,malborski,pomorskie
27-440,Boria,Ćmielów,ostrowiecki,świętokrzyskie
89-502,Borki,Tuchola,tucholski,kujawsko-pomorskie
23-415,Borki,Księżpol,biłgorajski,lubelskie
21-345,Borki,Borki,radzyński,lubelskie
08-503,Borki,Nowodwór,rycki,lubelskie
95-061,Borki,Dmosin,brzeziński,łódzkie
98-354,Borki,Siemkowice,pajęczański,łódzkie
97-540,Borki,Gidle,radomszczański,łódzkie
97-561,Borki,Ładzice,radomszczański,łódzkie
33-203,Borki,Szczucin,dąbrowski,małopolskie
05-317,Borki,Mrozy,miński,mazowieckie
07-440,Borki,Goworowo,ostrołęcki,mazowieckie
09-530,Borki,Gąbin,płocki,mazowieckie
08-116,Borki,Wodynie,siedlecki,mazowieckie
05-280,Borki,Jadów,wołomiński,mazowieckie
16-030,Borki,Gródek,białostocki,podlaskie
28-300,Borki,Jędrzejów,jędrzejowski,świętokrzyskie
19-326,Borki,Prostki,ełcki,warmińsko-mazurskie
64-918,Borki,Okonek,złotowski,wielkopolskie
99-235,Borki,Pęczniew,poddębicki,łódzkie
11-214,Borki,Bartoszyce,bartoszycki,warmińsko-mazurskie
08-125,Borki,Suchożebry,siedlecki,mazowieckie
98-320,Borki,Osjaków,wieluński,łódzkie
08-112,Borki-Kosiorki,Wiśniew,siedlecki,mazowieckie
08-106,Borki-Kosy,Zbuczyn,siedlecki,mazowieckie
95-081,Borkowice,Dłutów,pabianicki,łódzkie
76-038,Borkowice,Będzino,koszaliński,zachodniopomorskie
19-420,Borkowiny,Oleckie,olecki,warmińsko-mazurskie
24-220,Borkowizna,Duża,lubelski,lubelskie
23-107,Borkowizna,Strzyżewice,lubelski,lubelskie
80-180,Borkowo,Gdański,gdański,pomorskie
83-132,Borkowo,Morzeszczyn,tczewski,pomorskie
72-314,Borkowo,Małe,łobeski,zachodniopomorskie
06-415,Borkowo-Boksy,Borowe,przasnyski,mazowieckie
21-050,Borkowszczyzna,Piaski,świdnicki,lubelskie
26-021,Borków,Daleszyce,kielecki,świętokrzyskie
78-506,Borne,Pomorskie,drawski,zachodniopomorskie
78-449,Borne,Sulinowo,szczecinecki,zachodniopomorskie
28-500,Boronice,Wielka,kazimierski,świętokrzyskie
83-115,Boroszewo,Tczew,tczewski,pomorskie
08-114,Boroszków,Skórzec,siedlecki,mazowieckie
95-041,Borowa,łódzki,wschodni,łódzkie
97-570,Borowa,Przedbórz,radomszczański,łódzkie
32-842,Borowa,Zakliczyn,tarnowski,małopolskie
39-215,Borowa,Czarna,dębicki,podkarpackie
39-305,Borowa,Borowa,mielecki,podkarpackie
42-120,Borowa,Miedźno,kłobucki,śląskie
26-415,Borowa,Klwów,przysuski,mazowieckie
42-265,Borowce,Zielona,częstochowski,śląskie
68-120,Borowe,Iłowa,żagański,lubuskie
05-640,Borowe,Mogielnica,grójecki,mazowieckie
06-545,Borowe,Kościelny,mławski,mazowieckie
06-316,Borowe-Chrzczany,Mała,przasnyski,mazowieckie
22-351,Borowica,Górny,krasnostawski,lubelskie
58-564,Borowice,Podgórzyn,karkonoski,dolnośląskie
08-412,Borowie,Borowie,garwoliński,mazowieckie
05-555,Borowiec,Tarczyn,piaseczyński,mazowieckie
29-105,Borowiec,Krasocin,włoszczowski,świętokrzyskie
76-004,Borowiec,Sianów,koszaliński,zachodniopomorskie
97-545,Borowiecko-Kolonia,Gomunice,radomszczański,łódzkie
72-110,Borowik,Przybiernów,goleniowski,zachodniopomorskie
23-460,Borowina,Józefów,biłgorajski,lubelskie
22-417,Borowina,Zamość,zamojski,lubelskie
67-130,Borowina,Szprotawa,żagański,lubuskie
83-047,Borowina,Przywidz,gdański,pomorskie
97-415,Borowiny,Kluki,bełchatowski,łódzkie
37-751,Borownica,Bircza,przemyski,podkarpackie
87-605,Borowo,Tłuchowo,lipnowski,kujawsko-pomorskie
88-231,Borowo,Bytoń,radziejowski,kujawsko-pomorskie
87-515,Borowo,Rogowo,rypiński,kujawsko-pomorskie
83-332,Borowo,Kartuzy,kartuski,pomorskie
18-105,Borowskie,Kościelna,białostocki,podlaskie
77-138,Borowy,Lipnica,bytowski,pomorskie
59-160,Borów,Radwanice,polkowicki,dolnośląskie
58-172,Borów,Dobromierz,świdnicki,dolnośląskie
55-110,Borów,Prusice,trzebnicki,dolnośląskie
26-713,Borów,Kazanów,zwoleński,mazowieckie
62-860,Borów,Opatówek,kaliski,wielkopolskie
67-124,Borów,Miasteczko,nowosolski,lubuskie
67-125,Borów,Miasteczko,nowosolski,lubuskie
22-335,Borówek,Żółkiewka,krasnostawski,lubelskie
05-334,Borówek,Latowicz,miński,mazowieckie
62-023,Borówiec,Kórnik,poznański,wielkopolskie
62-402,Borówiec,Ostrowite,słupecki,wielkopolskie
59-706,Borówki,Gromadka,bolesławiecki,dolnośląskie
36-016,Borówki,Chmielnik,rzeszowski,podkarpackie
32-724,Borówna,Murowana,bocheński,małopolskie
58-379,Borówno,Bór,wałbrzyski,dolnośląskie
83-442,Borsk,Karsin,kościerski,pomorskie
07-217,Borsuki-Gajówka,Zatory,pułtuski,mazowieckie
96-111,Borszyce,Kowiesy,skierniewicki,łódzkie
56-200,Borszyn,Góra,górowski,dolnośląskie
64-630,Boruchowo,Ryczywół,obornicki,wielkopolskie
08-550,Borucicha,Kłoczew,rycki,lubelskie
64-919,Borucino,Okonek,złotowski,wielkopolskie
64-232,Boruja,Siedlec,wolsztyński,wielkopolskie
64-300,Boruja,Tomyśl,nowotomyski,wielkopolskie
33-262,Borusowa,Gręboszów,dąbrowski,małopolskie
42-690,Boruszowice,Tworóg,tarnogórski,śląskie
68-213,Boruszyn,Łużyckie,żarski,lubuskie
64-712,Boruszyn,Połajewo,czarnkowsko-,wielkopolskie
77-131,Bory,Bytów,bytowski,pomorskie
47-180,Borycz,Izbicko,strzelecki,opolskie
66-016,Boryń,Czerwieńsk,zielonogórski,lubuskie
05-462,Boryszew,Wiązowna,otwocki,mazowieckie
66-218,Boryszyn,Lubrza,świebodziński,lubuskie
11-210,Boryty,Sępopol,bartoszycki,warmińsko-mazurskie
62-212,Borzątew,Mieleszyn,gnieźnieński,wielkopolskie
83-224,Borzechowo,Zblewo,starogardzki,pomorskie
09-460,Borzeń,Wieś,płocki,mazowieckie
83-335,Borzestowo,Chmielno,kartuski,pomorskie
63-721,Borzęcice,Wielkopolski,krotoszyński,wielkopolskie
32-825,Borzęcin,Borzęcin,brzeski,małopolskie
72-313,Borzęcin,Gryfice,gryficki,zachodniopomorskie
05-083,Borzęcin,warszawski,zachodni,mazowieckie
32-400,Borzęta,Myślenice,myślenicki,małopolskie
07-100,Borzychy,Liw,węgrowski,mazowieckie
55-081,Borzygniew,Mietków,wrocławski,dolnośląskie
26-020,Borzykowa,Chmielnik,kielecki,świętokrzyskie
77-207,Borzykowo,Miastko,bytowski,pomorskie
62-307,Borzykowo,Kołaczkowo,wrzesiński,wielkopolskie
28-220,Borzymów,Oleśnica,staszowski,świętokrzyskie
05-281,Borzymy,Jadów,wołomiński,mazowieckie
17-322,Borzymy,Perlejewo,siemiatycki,podlaskie
19-313,Borzymy,Kalinowo,ełcki,warmińsko-mazurskie
78-220,Borzysław,Tychowo,białogardzki,zachodniopomorskie
47-270,Borzysławice,Pawłowiczki,kędzierzyńsko-,opolskie
72-105,Borzysławiec,Goleniów,goleniowski,zachodniopomorskie
89-421,Borzyszkowo,Więcbork,sępoleński,kujawsko-pomorskie
77-130,Borzyszkowy,Lipnica,bytowski,pomorskie
77-141,Borzytuchom,Borzytuchom,bytowski,pomorskie
28-142,Bosowice,Stopnica,buski,świętokrzyskie
64-140,Boszkowo,Włoszakowice,leszczyński,wielkopolskie
32-340,Boża,Wolbrom,olkuski,małopolskie
05-101,Boża,Jabłonna,legionowski,mazowieckie
39-300,Boża,Mielec,mielecki,podkarpackie
88-420,Bożacin,Rogowo,żniński,kujawsko-pomorskie
77-203,Bożanka,Trzebielino,bytowski,pomorskie
58-130,Bożanów,Żarów,świdnicki,dolnośląskie
76-010,Bożenice,Polanów,koszaliński,zachodniopomorskie
86-021,Bożenkowo,Osielsko,bydgoski,kujawsko-pomorskie
84-214,Bożepole,Łęczyce,wejherowski,pomorskie
09-215,Bożewo,Mochowo,sierpecki,mazowieckie
27-612,Bożęcin,Wilczyce,sandomierski,świętokrzyskie
59-830,Bożkowice,Olszyna,lubański,dolnośląskie
57-441,Bożków,Ruda,kłodzki,dolnośląskie
57-210,Bożnowice,Ziębice,ząbkowicki,dolnośląskie
68-100,Bożnów,Żagań,żagański,lubuskie
22-424,Boży,Sitno,zamojski,lubelskie
27-620,Bożydar,Dwikozy,sandomierski,świętokrzyskie
63-021,Bożydar,Zaniemyśl,średzki,wielkopolskie
38-458,Bóbrka,Chorkówka,krośnieński,podkarpackie
38-623,Bóbrka,Solina,leski,podkarpackie
37-220,Bóbrka,Kańczuga,przeworski,podkarpackie
21-110,Bójki,Lubelski,lubartowski,lubelskie
27-230,Bór,Brody,starachowicki,świętokrzyskie
42-142,Bór,Przystajń,kłobucki,śląskie
62-106,Bracholin,Wągrowiec,wągrowiecki,wielkopolskie
39-208,Braciejowa,Dębica,dębicki,podkarpackie
24-335,Braciejowice,Łaziska,opolski,lubelskie
62-200,Braciszewo,Gniezno,gnieźnieński,wielkopolskie
48-155,Braciszów,Głubczyce,głubczycki,opolskie
12-122,Brajniki,Jedwabno,szczycieński,warmińsko-mazurskie
89-506,Bralewnica,Kęsowo,tucholski,kujawsko-pomorskie
63-640,Bralin,Bralin,kępiński,wielkopolskie
86-122,Bramka,Bukowiec,świecki,kujawsko-pomorskie
37-450,Brandwica,Pysznica,stalowowolski,podkarpackie
23-304,Branew,Dzwola,janowski,lubelskie
62-585,Branno,Rzgów,koniński,wielkopolskie
17-120,Brańsk,Brańsk,bielski,podlaskie
42-714,Braszczok,Herby,lubliniecki,śląskie
57-206,Braszowice,Śląskie,ząbkowicki,dolnośląskie
13-300,Bratian,Bratian,nowomiejski,warmińsko-mazurskie
36-055,Bratkowice,Świlcza,rzeszowski,podkarpackie
38-406,Bratkówka,Wojaszówka,krośnieński,podkarpackie
95-011,Bratoszewice,Stryków,zgierski,łódzkie
58-250,Bratoszów,Pieszyce,dzierżoniowski,dolnośląskie
32-712,Bratucice,Rzezawa,bocheński,małopolskie
13-306,Bratuszewo,Kurzętnik,nowomiejski,warmińsko-mazurskie
62-121,Brdowo,Gołańcz,wągrowiecki,wielkopolskie
38-711,Brelików,Dolne,bieszczadzki,podkarpackie
09-209,Brelki,Drobin,płocki,mazowieckie
97-217,Brenica,Lubochnia,tomaszowski,łódzkie
97-226,Brenik,Żelechlinek,tomaszowski,łódzkie
43-438,Brenna,Brenna,cieszyński,śląskie
59-243,Brennik,Ruja,legnicki,dolnośląskie
59-500,Brennik,Złotoryja,złotoryjski,dolnośląskie
64-150,Brenno,Wijewo,leszczyński,wielkopolskie
33-210,Breń,Olesno,dąbrowski,małopolskie
33-140,Breń,Góra,tarnowski,małopolskie
39-304,Breń,Czermin,mielecki,podkarpackie
33-200,Brnik,Tarnowska,dąbrowski,małopolskie
59-512,Brochocin,Zagrodno,złotoryjski,dolnośląskie
78-553,Broczyno,Czaplinek,drawski,zachodniopomorskie
08-117,Brodki,Wodynie,siedlecki,mazowieckie
64-811,Brodna,Kaczory,pilski,wielkopolskie
99-412,Brodne-Józefów,Kiernozia,łowicki,łódzkie
87-300,Brodnica,Brodnica,brodnicki,kujawsko-pomorskie
83-324,Brodnica,Kartuzy,kartuski,pomorskie
87-335,Brodniczka,Świedziebnia,brodnicki,kujawsko-pomorskie
55-300,Brodno,Śląska,średzki,dolnośląskie
59-305,Brodowice,Rudna,lubiński,dolnośląskie
06-150,Brodowo,Świercze,pułtuski,mazowieckie
63-000,Brodowo,Wielkopolska,średzki,wielkopolskie
66-105,Brody,Sulechów,zielonogórski,lubuskie
26-015,Brody,Pierzchnica,kielecki,świętokrzyskie
62-211,Brody,Gniezno,gnieźnieński,wielkopolskie
64-310,Brody,Lwówek,nowotomyski,wielkopolskie
83-140,Brody,Gniew,tczewski,pomorskie
57-212,Brodziszów,Śląskie,ząbkowicki,dolnośląskie
18-200,Brok,Mazowieckie,wysokomazowiecki,podlaskie
96-208,Broniew,Sadkowice,rawski,łódzkie
82-103,Broniewo,Stegna,nowodworski,pomorskie
66-210,Bronikowo,Zbąszynek,świebodziński,lubuskie
78-652,Bronikowo,Mirosławiec,wałecki,zachodniopomorskie
98-324,Broników,Wierzchlas,wieluński,łódzkie
63-025,Bronisław,Krzykosy,średzki,wielkopolskie
05-102,Bronisławka,Pomiechówek,nowodworski,mazowieckie
64-850,Bronisławki,Ujście,pilski,wielkopolskie
27-515,Bronisławów,Tarłów,opatowski,świętokrzyskie
05-850,Bronisze,warszawski,zachodni,mazowieckie
63-304,Broniszewice,Czermin,pleszewski,wielkopolskie
87-710,Broniszewo,Kujawski,aleksandrowski,kujawsko-pomorskie
48-385,Broniszowice,Otmuchów,nyski,opolskie
27-400,Broniszowice,Bodzechów,ostrowiecki,świętokrzyskie
39-106,Broniszów,Skrzyńskie,ropczycko-,podkarpackie
66-626,Bronków,Bobrowice,krośnieński,lubuskie
66-500,Bronowice,Krajeńskie,strzelecko-drezdenecki,lubuskie
68-210,Bronowice,Trzebiel,żarski,lubuskie
59-724,Bronowiec,Osiecznica,bolesławiecki,dolnośląskie
58-170,Bronów,Dobromierz,świdnicki,dolnośląskie
43-502,Bronów,Czechowice-Dziedzice,bielski,śląskie
99-314,Brony,Krzyżanów,kutnowski,łódzkie
32-090,Brończyce,Słomniki,krakowski,małopolskie
08-130,Broszków,Kotuń,siedlecki,mazowieckie
47-341,Brożec,Walce,krapkowicki,opolskie
88-111,Bród,Rojewo,inowrocławski,kujawsko-pomorskie
66-304,Brójce,Trzciel,międzyrzecki,lubuskie
95-006,Brójce,łódzki,wschodni,łódzkie
89-526,Bruchniewo,Lubiewo,tucholski,kujawsko-pomorskie
11-030,Bruchwałd,Purda,olsztyński,warmińsko-mazurskie
26-432,Brudnów,Wieniawa,przysuski,mazowieckie
87-326,Brudzawy,Bobrowo,brodnicki,kujawsko-pomorskie
63-313,Brudzewek,Chocz,pleszewski,wielkopolskie
62-280,Brudzewko,Kiszkowo,gnieźnieński,wielkopolskie
66-225,Brudzewo,Szczaniec,świebodziński,lubuskie
97-565,Brudzice,Wielka,radomszczański,łódzkie
42-470,Brudzowice,Siewierz,będziński,śląskie
18-411,Brulin,Śniadowo,łomżyński,podlaskie
07-324,Brulino-Lipskie,Wielkie,ostrowski,mazowieckie
18-220,Brulino-Piwki,Czyżew,wysokomazowiecki,podlaskie
59-140,Brunów,Chocianów,polkowicki,dolnośląskie
46-262,Bruny,Wołczyn,kluczborski,opolskie
42-286,Brusiek,Koszęcin,lubliniecki,śląskie
18-218,Bruszewo,Sokoły,wysokomazowiecki,podlaskie
33-192,Bruśnik,Ciężkowice,tarnowski,małopolskie
09-506,Brwilno,Duninów,płocki,mazowieckie
09-400,Brwilno,Biała,płocki,mazowieckie
37-741,Brylińce,Krasiczyn,przemyski,podkarpackie
57-120,Bryłów,Wiązów,strzeliński,dolnośląskie
95-047,Brynica,Jeżów,brzeziński,łódzkie
46-255,Brynica,Wołczyn,kluczborski,opolskie
46-024,Brynica,Łubniany,opolski,opolskie
26-065,Brynica,Piekoszów,kielecki,świętokrzyskie
28-362,Brynica,Nagłowice,jędrzejowski,świętokrzyskie
87-165,Brzeczka,Nieszawka,toruński,kujawsko-pomorskie
62-322,Brzeczka,Miłosław,wrzesiński,wielkopolskie
49-300,Brzeg,Brzeg,brzeski,opolskie
49-306,Brzeg,Brzeg,brzeski,opolskie
49-304,Brzeg,Brzeg,brzeski,opolskie
49-305,Brzeg,Brzeg,brzeski,opolskie
56-120,Brzeg,Dolny,wołowski,dolnośląskie
67-232,Brzeg,Żukowice,głogowski,dolnośląskie
34-532,Brzegi,Tatrzańska,tatrzański,małopolskie
32-002,Brzegi,Wieliczka,wielicki,małopolskie
08-420,Brzegi,Kościelny,garwoliński,mazowieckie
64-840,Brzekiniec,Budzyń,chodzieski,wielkopolskie
32-800,Brzesko,Brzesko,brzeski,małopolskie
74-211,Brzesko,Pyrzyce,pyrzycki,zachodniopomorskie
32-620,Brzeszcze,Brzeszcze,oświęcimski,małopolskie
24-123,Brześce,Janowiec,puławski,lubelskie
05-507,Brześce,Kalwaria,piaseczyński,mazowieckie
28-330,Brzeście,Wodzisław,jędrzejowski,świętokrzyskie
76-124,Brzeście,Sławno,sławieński,zachodniopomorskie
88-121,Brześć,Kruszwica,inowrocławski,kujawsko-pomorskie
87-880,Brześć,Kujawski,włocławski,kujawsko-pomorskie
97-403,Brzezie,Drużbice,bełchatowski,łódzkie
32-080,Brzezie,Zabierzów,krakowski,małopolskie
32-014,Brzezie,Kłaj,wielicki,małopolskie
77-306,Brzezie,Rzeczenica,człuchowski,pomorskie
28-160,Brzezie,Wiślica,buski,świętokrzyskie
63-642,Brzezie,Perzów,kępiński,wielkopolskie
63-013,Brzezie,Wielkopolska,średzki,wielkopolskie
66-100,Brzezie,Sulechów,zielonogórski,lubuskie
77-139,Brzezieński,Lipnica,bytowski,pomorskie
55-216,Brzezimierz,Domaniów,oławski,dolnośląskie
74-200,Brzezin,Pyrzyce,pyrzycki,zachodniopomorskie
47-344,Brzezina,Walce,krapkowicki,opolskie
47-100,Brzezina,Opolskie,strzelecki,opolskie
59-630,Brzeziniec,Mirsk,lwówecki,dolnośląskie
66-543,Brzezinka,Zwierzyn,strzelecko-drezdenecki,lubuskie
32-064,Brzezinka,Zabierzów,krakowski,małopolskie
34-114,Brzezinka,Brzeźnica,wadowicki,małopolskie
05-480,Brzezinka,Karczew,otwocki,mazowieckie
46-134,Brzezinka,Namysłów,namysłowski,opolskie
78-552,Brzezinka,Czaplinek,drawski,zachodniopomorskie
87-305,Brzezinki,Zbiczno,brodnicki,kujawsko-pomorskie
46-250,Brzezinki,Wołczyn,kluczborski,opolskie
42-134,Brzezinki,Wielka,kłobucki,śląskie
87-162,Brzezinko,Lubicz,toruński,kujawsko-pomorskie
09-505,Brzezinna,Duninów,płocki,mazowieckie
86-150,Brzeziny,Osie,świecki,kujawsko-pomorskie
21-311,Brzeziny,Podlaska,radzyński,lubelskie
08-540,Brzeziny,Stężyca,rycki,lubelskie
99-210,Brzeziny,Uniejów,poddębicki,łódzkie
98-345,Brzeziny,Mokrsko,wieluński,łódzkie
05-074,Brzeziny,Halinów,miński,mazowieckie
48-320,Brzeziny,Skoroszyce,nyski,opolskie
39-111,Brzeziny,Skrzyńskie,ropczycko-,podkarpackie
42-439,Brzeziny,Żarnowiec,zawierciański,śląskie
28-225,Brzeziny,Szydłów,staszowski,świętokrzyskie
62-874,Brzeziny,Brzeziny,kaliski,wielkopolskie
42-263,Brzeziny,Poczesna,częstochowski,śląskie
17-306,Brzeziny-Janowięta,Dziadkowice,siemiatycki,podlaskie
33-386,Brzezna,Podegrodzie,nowosądecki,małopolskie
64-530,Brzezno,Kaźmierz,szamotulski,wielkopolskie
38-230,Brzezowa,Żmigród,jasielski,podkarpackie
33-230,Brzezówka,Szczucin,dąbrowski,małopolskie
38-204,Brzezówka,Tarnowiec,jasielski,podkarpackie
39-102,Brzezówka,Ropczyce,ropczycko-,podkarpackie
36-024,Brzezówka,Hyżne,rzeszowski,podkarpackie
43-418,Brzezówka,Hażlach,cieszyński,śląskie
47-223,Brzeźce,Bierawa,kędzierzyńsko-,opolskie
43-200,Brzeźce,Pszczyna,pszczyński,śląskie
73-155,Brzeźniak,Węgorzyno,łobeski,zachodniopomorskie
78-630,Brzeźniak,Człopa,wałecki,zachodniopomorskie
57-257,Brzeźnica,Bardo,ząbkowicki,dolnośląskie
66-615,Brzeźnica,Dąbie,krośnieński,lubuskie
68-113,Brzeźnica,Brzeźnica,żagański,lubuskie
48-220,Brzeźnica,Biała,prudnicki,opolskie
39-207,Brzeźnica,Dębica,dębicki,podkarpackie
39-206,Brzeźnica,Dębica,dębicki,podkarpackie
47-411,Brzeźnica,Rudnik,raciborski,śląskie
64-915,Brzeźnica,Jastrowie,złotowski,wielkopolskie
07-111,Brzeźnik,Wierzbno,węgrowski,mazowieckie
87-702,Brzeźno,Koneck,aleksandrowski,kujawsko-pomorskie
87-618,Brzeźno,Lipno,lipnowski,kujawsko-pomorskie
89-530,Brzeźno,Śliwice,tucholski,kujawsko-pomorskie
22-174,Brzeźno,Dorohusk,chełmski,lubelskie
66-433,Brzeźno,Lubiszyn,gorzowski,lubuskie
69-200,Brzeźno,Sulęcin,sulęciński,lubuskie
11-008,Brzeźno,Świątki,olsztyński,warmińsko-mazurskie
62-093,Brzeźno,Skoki,wągrowiecki,wielkopolskie
78-230,Brzeźno,Karlino,białogardzki,zachodniopomorskie
84-213,Brzeźno,Łęczyce,wejherowski,pomorskie
62-105,Brzeźno,Wągrowiec,wągrowiecki,wielkopolskie
38-100,Brzeżanka,Strzyżów,strzyżowski,podkarpackie
78-316,Brzeżno,Brzeżno,świdwiński,zachodniopomorskie
83-412,Brzęczek,Liniewo,kościerski,pomorskie
49-100,Brzęczkowice,Niemodlin,opolski,opolskie
32-084,Brzoskwinia,Zabierzów,krakowski,małopolskie
39-230,Brzostek,Brzostek,dębicki,podkarpackie
73-222,Brzostno,Choszczno,choszczeński,zachodniopomorskie
36-110,Brzostowa,Królewski,kolbuszowski,podkarpackie
56-320,Brzostowo,Krośnice,milicki,dolnośląskie
21-107,Brzostówka,Serniki,lubartowski,lubelskie
86-061,Brzoza,Wielka,bydgoski,kujawsko-pomorskie
87-103,Brzoza,Nieszawka,toruński,kujawsko-pomorskie
64-553,Brzoza,Duszniki,szamotulski,wielkopolskie
89-505,Brzozie,Cekcyn,tucholski,kujawsko-pomorskie
24-313,Brzozowa,Wilków,opolski,lubelskie
33-182,Brzozowa,Gromnik,tarnowski,małopolskie
07-420,Brzozowa,Kadzidło,ostrołęcki,mazowieckie
28-230,Brzozowa,Połaniec,staszowski,świętokrzyskie
21-302,Brzozowica,Kąkolewnica,radzyński,lubelskie
22-145,Brzozowiec,Dubienka,chełmski,lubelskie
89-525,Brzozowo,Koronowo,bydgoski,kujawsko-pomorskie
18-112,Brzozowo,Poświętne,białostocki,podlaskie
06-520,Brzozowo-Czary,Dzierzgowo,mławski,mazowieckie
66-629,Brzozów,Gubin,krośnieński,lubuskie
96-116,Brzozów,Skierniewice,skierniewicki,łódzkie
36-200,Brzozów,Brzozów,brzozowski,podkarpackie
87-123,Brzozówka,Obrowo,toruński,kujawsko-pomorskie
96-214,Brzozówka,Cielądz,rawski,łódzkie
32-088,Brzozówka,Zielonki,krakowski,małopolskie
82-410,Brzozówka,Targ,sztumski,pomorskie
19-122,Brzozówka,Jasionówka,moniecki,podlaskie
16-020,Brzozówka,Białostocka,białostocki,podlaskie
63-130,Brzóstownia,Wielkopolski,śremski,wielkopolskie
37-307,Brzóza,Leżajsk,leżajski,podkarpackie
82-230,Brzózki,Staw,malborski,pomorskie
42-165,Brzózki,Lipie,kłobucki,śląskie
72-022,Brzózki,Warpno,policki,zachodniopomorskie
34-407,Brzuchacze,Dunajec,nowotarski,małopolskie
97-215,Brzustów,Inowłódz,tomaszowski,łódzkie
34-382,Brzuśnik,Radziechowy-Wieprz,żywiecki,śląskie
87-517,Brzuze,Brzuze,rypiński,kujawsko-pomorskie
32-031,Brzyczyna,Mogilany,krakowski,małopolskie
98-170,Brzyków,Widawa,łaski,łódzkie
33-389,Brzyna,Łącko,nowosądecki,małopolskie
37-304,Brzyska,Kuryłówka,leżajski,podkarpackie
42-244,Brzyszów,Mstów,częstochowski,śląskie
38-200,Brzyście,Jasło,jasielski,podkarpackie
66-014,Buchałów,Świdnica,zielonogórski,lubuskie
33-170,Buchcice,Tuchów,tarnowski,małopolskie
59-150,Bucze,Grębocice,polkowicki,dolnośląskie
68-132,Bucze,Przewóz,żarski,lubuskie
19-301,Buczki,Ełk,ełcki,warmińsko-mazurskie
43-374,Buczkowice,Buczkowice,bielski,śląskie
67-108,Buczków,Sól,nowosolski,lubuskie
32-742,Buczyna,Bochnia,bocheński,małopolskie
59-323,Buczynka,Lubin,lubiński,dolnośląskie
66-630,Budachów,Bytnica,krośnieński,lubuskie
55-106,Budczyce,Zawonia,trzebnicki,dolnośląskie
23-230,Budki,Duży,kraśnicki,lubelskie
21-470,Budki,Krzywda,łukowski,lubelskie
37-625,Budomierz,Lubaczów,lubaczowski,podkarpackie
87-325,Budy,Bobrowo,brodnicki,kujawsko-pomorskie
26-260,Budy,Fałków,konecki,świętokrzyskie
62-541,Budy,Kleczew,koniński,wielkopolskie
63-708,Budy,Rozdrażew,krotoszyński,wielkopolskie
06-114,Budy,Pokrzywnica,pułtuski,mazowieckie
18-421,Budy,Piątnica,łomżyński,podlaskie
06-516,Budy,Szydłowo,mławski,mazowieckie
36-060,Budy,Małopolski,rzeszowski,podkarpackie
96-325,Budy,Radziejowice,żyrardowski,mazowieckie
09-226,Budy,Zawidz,sierpecki,mazowieckie
26-634,Budy,Gózd,radomski,mazowieckie
06-121,Budy,Pokrzywnica,pułtuski,mazowieckie
06-214,Budy,Krasnosielc,makowski,mazowieckie
05-310,Budy,Kałuszyn,miński,mazowieckie
06-323,Budy,Jednorożec,przasnyski,mazowieckie
05-190,Budy,Nasielsk,nowodworski,mazowieckie
62-700,Budy,Turek,turecki,wielkopolskie
96-115,Budy,Kawęczyn,skierniewicki,łódzkie
08-410,Budy,Garwolin,garwoliński,mazowieckie
96-313,Budy,Jaktorów,grodziski,mazowieckie
18-516,Budy,Płock,kolneński,podlaskie
07-308,Budykierz,Brańszczyk,wyszkowski,mazowieckie
22-678,Budynin,Ulhówek,tomaszowski,lubelskie
62-290,Budziejewko,Mieścisko,wągrowiecki,wielkopolskie
72-112,Budzień,Stepnica,goleniowski,zachodniopomorskie
72-130,Budzieszowce,Maszewo,goleniowski,zachodniopomorskie
66-437,Budzigniew,Słońsk,sulęciński,lubuskie
62-306,Budziłowo,Kołaczkowo,wrzesiński,wielkopolskie
21-412,Budziska,Adamów,łukowski,lubelskie
05-079,Budziska,Halinów,miński,mazowieckie
47-420,Budziska,Raciborska,raciborski,śląskie
64-612,Budziszewko,Rogoźno,obornicki,wielkopolskie
87-330,Budziszewo,Pomorskie,brodnicki,kujawsko-pomorskie
07-323,Budziszewo,Kościelne,ostrowski,mazowieckie
07-303,Budziszki,Lubotyń,ostrowski,mazowieckie
59-431,Budziszów,Wielkie,jaworski,dolnośląskie
57-214,Budzów,Stoszowice,ząbkowicki,dolnośląskie
46-310,Budzów,Śląski,oleski,opolskie
32-060,Budzyń,Liszki,krakowski,małopolskie
37-552,Budzyń,Radymno,jarosławski,podkarpackie
38-323,Bugaj,Biecz,gorlicki,małopolskie
26-067,Bugaj,Strawczyn,kielecki,świętokrzyskie
64-830,Bugaj,Margonin,chodzieski,wielkopolskie
63-005,Bugaj,Kleszczewo,poznański,wielkopolskie
87-200,Bugeria,Ryńsk,wąbrzeski,kujawsko-pomorskie
43-356,Bujaków,Porąbka,bielski,śląskie
96-206,Bujały,Sadkowice,rawski,łódzkie
08-304,Bujały-Gniewosze,Lacka,sokołowski,mazowieckie
32-075,Buk,Gołcza,miechowski,małopolskie
38-607,Buk,Cisna,leski,podkarpackie
64-320,Buk,Buk,poznański,wielkopolskie
72-121,Buk,Przybiernów,goleniowski,zachodniopomorskie
76-213,Bukowa,Smołdzino,słupski,pomorskie
28-221,Bukowa,Osiek,staszowski,świętokrzyskie
67-312,Bukowica,Niegosławice,żagański,lubuskie
56-321,Bukowice,Krośnice,milicki,dolnośląskie
21-542,Bukowice,Podlaska,bialski,lubelskie
46-115,Bukowie,Wilków,namysłowski,opolskie
58-533,Bukowiec,Mysłakowice,karkonoski,dolnośląskie
66-313,Bukowiec,Międzyrzecz,międzyrzecki,lubuskie
33-323,Bukowiec,Korzenna,nowosądecki,małopolskie
36-100,Bukowiec,Kolbuszowa,kolbuszowski,podkarpackie
64-834,Bukowiec,Budzyń,chodzieski,wielkopolskie
64-330,Bukowiec,Opalenica,nowotomyski,wielkopolskie
84-311,Bukowina,Cewice,lęborski,pomorskie
34-721,Bukowina-Osiedle,Wyżna,nowotarski,małopolskie
59-307,Bukowna,Lubin,lubiński,dolnośląskie
23-407,Bukownica,Tereszpol,biłgorajski,lubelskie
63-840,Bukownica,Krobia,gostyński,wielkopolskie
32-332,Bukowno,Bukowno,olkuski,małopolskie
46-030,Bukowo,Murów,opolski,opolskie
83-340,Bukowo,Sierakowice,kartuski,pomorskie
78-125,Bukowo,Rymań,kołobrzeski,zachodniopomorskie
22-235,Bukowski,Hańsk,włodawski,lubelskie
38-505,Bukowsko,Bukowsko,sanocki,podkarpackie
63-014,Bukowy,Dominowo,średzki,wielkopolskie
58-121,Buków,Żarów,świdnicki,dolnośląskie
36-212,Buków,Haczów,brzozowski,podkarpackie
44-360,Buków,Lubomia,wodzisławski,śląskie
76-219,Bukówka,Redzikowo,słupski,pomorskie
26-807,Bukówno,Radzanów,białobrzeski,mazowieckie
67-231,Bukwica,Żukowice,głogowski,dolnośląskie
32-652,Bulowice,Kęty,oświęcimski,małopolskie
16-010,Burczak,Wasilków,białostocki,podlaskie
16-412,Burdeniszki,Suwałki,suwalski,podlaskie
62-250,Bure,Czerniejewo,gnieźnieński,wielkopolskie
13-200,Burkat,Działdowo,działdowski,warmińsko-mazurskie
58-114,Burkatów,Świdnica,świdnicki,dolnośląskie
72-132,Burowo,Goleniów,goleniowski,zachodniopomorskie
21-411,Burzec,Wojcieszków,łukowski,lubelskie
34-521,Bustryk,Poronin,tatrzański,małopolskie
62-045,Buszewko,Pniewy,szamotulski,wielkopolskie
59-330,Buszkowice,Ścinawa,lubiński,dolnośląskie
37-710,Buszkowice,Żurawica,przemyski,podkarpackie
62-560,Buszkowo,Skulsk,koniński,wielkopolskie
32-218,Buszków,Słaboszów,miechowski,małopolskie
49-340,Buszyce,Brzeski,brzeski,opolskie
08-108,Bużyska,Korczew,siedlecki,mazowieckie
23-100,Bychawa,Bychawa,lubelski,lubelskie
95-200,Bychlew,Pabianice,pabianicki,łódzkie
84-250,Bychowo,Gniewino,wejherowski,pomorskie
44-120,Bycina,Rudziniec,gliwicki,śląskie
88-237,Bycz,Kujawski,radziejowski,kujawsko-pomorskie
57-230,Byczeń,Ząbkowicki,ząbkowicki,dolnośląskie
96-126,Byczki,Godzianów,skierniewicki,łódzkie
77-200,Byczyna,Miastko,bytowski,pomorskie
85-318,Bydgoszcz,Bydgoszcz,Bydgoszcz,kujawsko-pomorskie
85-369,Bydgoszcz,Bydgoszcz,Bydgoszcz,kujawsko-pomorskie
85-485,Bydgoszcz,Bydgoszcz,Bydgoszcz,kujawsko-pomorskie
85-368,Bydgoszcz,Bydgoszcz,Bydgoszcz,kujawsko-pomorskie
85-796,Bydgoszcz,Bydgoszcz,Bydgoszcz,kujawsko-pomorskie
85-689,Bydgoszcz,Bydgoszcz,Bydgoszcz,kujawsko-pomorskie
85-436,Bydgoszcz,Bydgoszcz,Bydgoszcz,kujawsko-pomorskie
85-791,Bydgoszcz,Bydgoszcz,Bydgoszcz,kujawsko-pomorskie
85-793,Bydgoszcz,Bydgoszcz,Bydgoszcz,kujawsko-pomorskie
85-090,Bydgoszcz,Bydgoszcz,Bydgoszcz,kujawsko-pomorskie
85-176,Bydgoszcz,Bydgoszcz,Bydgoszcz,kujawsko-pomorskie
85-028,Bydgoszcz,Bydgoszcz,Bydgoszcz,kujawsko-pomorskie
85-604,Bydgoszcz,Bydgoszcz,Bydgoszcz,kujawsko-pomorskie
85-620,Bydgoszcz,Bydgoszcz,Bydgoszcz,kujawsko-pomorskie
85-071,Bydgoszcz,Bydgoszcz,Bydgoszcz,kujawsko-pomorskie
85-049,Bydgoszcz,Bydgoszcz,Bydgoszcz,kujawsko-pomorskie
85-151,Bydgoszcz,Bydgoszcz,Bydgoszcz,kujawsko-pomorskie
85-140,Bydgoszcz,Bydgoszcz,Bydgoszcz,kujawsko-pomorskie
85-093,Bydgoszcz,Bydgoszcz,Bydgoszcz,kujawsko-pomorskie
85-806,Bydgoszcz,Bydgoszcz,Bydgoszcz,kujawsko-pomorskie
85-141,Bydgoszcz,Bydgoszcz,Bydgoszcz,kujawsko-pomorskie
85-790,Bydgoszcz,Bydgoszcz,Bydgoszcz,kujawsko-pomorskie
85-792,Bydgoszcz,Bydgoszcz,Bydgoszcz,kujawsko-pomorskie
85-424,Bydgoszcz,Bydgoszcz,Bydgoszcz,kujawsko-pomorskie
85-804,Bydgoszcz,Bydgoszcz,Bydgoszcz,kujawsko-pomorskie
85-680,Bydgoszcz,Bydgoszcz,Bydgoszcz,kujawsko-pomorskie
85-074,Bydgoszcz,Bydgoszcz,Bydgoszcz,kujawsko-pomorskie
85-859,Bydgoszcz,Bydgoszcz,Bydgoszcz,kujawsko-pomorskie
85-024,Bydgoszcz,Bydgoszcz,Bydgoszcz,kujawsko-pomorskie
85-794,Bydgoszcz,Bydgoszcz,Bydgoszcz,kujawsko-pomorskie
85-805,Bydgoszcz,Bydgoszcz,Bydgoszcz,kujawsko-pomorskie
85-822,Bydgoszcz,Bydgoszcz,Bydgoszcz,kujawsko-pomorskie
85-147,Bydgoszcz,Bydgoszcz,Bydgoszcz,kujawsko-pomorskie
85-167,Bydgoszcz,Bydgoszcz,Bydgoszcz,kujawsko-pomorskie
85-707,Bydgoszcz,Bydgoszcz,Bydgoszcz,kujawsko-pomorskie
85-183,Bydgoszcz,Bydgoszcz,Bydgoszcz,kujawsko-pomorskie
85-352,Bydgoszcz,Bydgoszcz,Bydgoszcz,kujawsko-pomorskie
85-567,Bydgoszcz,Bydgoszcz,Bydgoszcz,kujawsko-pomorskie
85-334,Bydgoszcz,Bydgoszcz,Bydgoszcz,kujawsko-pomorskie
85-553,Bydgoszcz,Bydgoszcz,Bydgoszcz,kujawsko-pomorskie
85-531,Bydgoszcz,Bydgoszcz,Bydgoszcz,kujawsko-pomorskie
85-452,Bydgoszcz,Bydgoszcz,Bydgoszcz,kujawsko-pomorskie
85-817,Bydgoszcz,Bydgoszcz,Bydgoszcz,kujawsko-pomorskie
85-856,Bydgoszcz,Bydgoszcz,Bydgoszcz,kujawsko-pomorskie
85-546,Bydgoszcz,Bydgoszcz,Bydgoszcz,kujawsko-pomorskie
85-029,Bydgoszcz,Bydgoszcz,Bydgoszcz,kujawsko-pomorskie
85-044,Bydgoszcz,Bydgoszcz,Bydgoszcz,kujawsko-pomorskie
85-166,Bydgoszcz,Bydgoszcz,Bydgoszcz,kujawsko-pomorskie
85-800,Bydgoszcz,Bydgoszcz,Bydgoszcz,kujawsko-pomorskie
85-363,Bydgoszcz,Bydgoszcz,Bydgoszcz,kujawsko-pomorskie
85-808,Bydgoszcz,Bydgoszcz,Bydgoszcz,kujawsko-pomorskie
85-860,Bydgoszcz,Bydgoszcz,Bydgoszcz,kujawsko-pomorskie
85-157,Bydgoszcz,Bydgoszcz,Bydgoszcz,kujawsko-pomorskie
85-430,Bydgoszcz,Bydgoszcz,Bydgoszcz,kujawsko-pomorskie
85-135,Bydgoszcz,Bydgoszcz,Bydgoszcz,kujawsko-pomorskie
85-373,Bydgoszcz,Bydgoszcz,Bydgoszcz,kujawsko-pomorskie
85-862,Bydgoszcz,Bydgoszcz,Bydgoszcz,kujawsko-pomorskie
85-375,Bydgoszcz,Bydgoszcz,Bydgoszcz,kujawsko-pomorskie
85-471,Bydgoszcz,Bydgoszcz,Bydgoszcz,kujawsko-pomorskie
85-163,Bydgoszcz,Bydgoszcz,Bydgoszcz,kujawsko-pomorskie
85-361,Bydgoszcz,Bydgoszcz,Bydgoszcz,kujawsko-pomorskie
85-811,Bydgoszcz,Bydgoszcz,Bydgoszcz,kujawsko-pomorskie
85-370,Bydgoszcz,Bydgoszcz,Bydgoszcz,kujawsko-pomorskie
85-541,Bydgoszcz,Bydgoszcz,Bydgoszcz,kujawsko-pomorskie
85-042,Bydgoszcz,Bydgoszcz,Bydgoszcz,kujawsko-pomorskie
85-734,Bydgoszcz,Bydgoszcz,Bydgoszcz,kujawsko-pomorskie
85-174,Bydgoszcz,Bydgoszcz,Bydgoszcz,kujawsko-pomorskie
85-863,Bydgoszcz,Bydgoszcz,Bydgoszcz,kujawsko-pomorskie
85-827,Bydgoszcz,Bydgoszcz,Bydgoszcz,kujawsko-pomorskie
85-435,Bydgoszcz,Bydgoszcz,Bydgoszcz,kujawsko-pomorskie
85-047,Bydgoszcz,Bydgoszcz,Bydgoszcz,kujawsko-pomorskie
85-787,Bydgoszcz,Bydgoszcz,Bydgoszcz,kujawsko-pomorskie
85-457,Bydgoszcz,Bydgoszcz,Bydgoszcz,kujawsko-pomorskie
85-367,Bydgoszcz,Bydgoszcz,Bydgoszcz,kujawsko-pomorskie
85-362,Bydgoszcz,Bydgoszcz,Bydgoszcz,kujawsko-pomorskie
85-432,Bydgoszcz,Bydgoszcz,Bydgoszcz,kujawsko-pomorskie
85-569,Bydgoszcz,Bydgoszcz,Bydgoszcz,kujawsko-pomorskie
85-162,Bydgoszcz,Bydgoszcz,Bydgoszcz,kujawsko-pomorskie
85-858,Bydgoszcz,Bydgoszcz,Bydgoszcz,kujawsko-pomorskie
85-306,Bydgoszcz,Bydgoszcz,Bydgoszcz,kujawsko-pomorskie
85-708,Bydgoszcz,Bydgoszcz,Bydgoszcz,kujawsko-pomorskie
85-735,Bydgoszcz,Bydgoszcz,Bydgoszcz,kujawsko-pomorskie
85-133,Bydgoszcz,Bydgoszcz,Bydgoszcz,kujawsko-pomorskie
85-316,Bydgoszcz,Bydgoszcz,Bydgoszcz,kujawsko-pomorskie
85-426,Bydgoszcz,Bydgoszcz,Bydgoszcz,kujawsko-pomorskie
85-350,Bydgoszcz,Bydgoszcz,Bydgoszcz,kujawsko-pomorskie
85-422,Bydgoszcz,Bydgoszcz,Bydgoszcz,kujawsko-pomorskie
85-472,Bydgoszcz,Bydgoszcz,Bydgoszcz,kujawsko-pomorskie
85-145,Bydgoszcz,Bydgoszcz,Bydgoszcz,kujawsko-pomorskie
85-340,Bydgoszcz,Bydgoszcz,Bydgoszcz,kujawsko-pomorskie
85-154,Bydgoszcz,Bydgoszcz,Bydgoszcz,kujawsko-pomorskie
85-874,Bydgoszcz,Bydgoszcz,Bydgoszcz,kujawsko-pomorskie
85-374,Bydgoszcz,Bydgoszcz,Bydgoszcz,kujawsko-pomorskie
85-625,Bydgoszcz,Bydgoszcz,Bydgoszcz,kujawsko-pomorskie
85-056,Bydgoszcz,Bydgoszcz,Bydgoszcz,kujawsko-pomorskie
85-467,Bydgoszcz,Bydgoszcz,Bydgoszcz,kujawsko-pomorskie
85-876,Bydgoszcz,Bydgoszcz,Bydgoszcz,kujawsko-pomorskie
85-419,Bydgoszcz,Bydgoszcz,Bydgoszcz,kujawsko-pomorskie
85-825,Bydgoszcz,Bydgoszcz,Bydgoszcz,kujawsko-pomorskie
85-331,Bydgoszcz,Bydgoszcz,Bydgoszcz,kujawsko-pomorskie
85-408,Bydgoszcz,Bydgoszcz,Bydgoszcz,kujawsko-pomorskie
85-416,Bydgoszcz,Bydgoszcz,Bydgoszcz,kujawsko-pomorskie
85-364,Bydgoszcz,Bydgoszcz,Bydgoszcz,kujawsko-pomorskie
85-085,Bydgoszcz,Bydgoszcz,Bydgoszcz,kujawsko-pomorskie
85-554,Bydgoszcz,Bydgoszcz,Bydgoszcz,kujawsko-pomorskie
85-815,Bydgoszcz,Bydgoszcz,Bydgoszcz,kujawsko-pomorskie
85-813,Bydgoszcz,Bydgoszcz,Bydgoszcz,kujawsko-pomorskie
85-462,Bydgoszcz,Bydgoszcz,Bydgoszcz,kujawsko-pomorskie
85-203,Bydgoszcz,Bydgoszcz,Bydgoszcz,kujawsko-pomorskie
85-459,Bydgoszcz,Bydgoszcz,Bydgoszcz,kujawsko-pomorskie
85-820,Bydgoszcz,Bydgoszcz,Bydgoszcz,kujawsko-pomorskie
85-875,Bydgoszcz,Bydgoszcz,Bydgoszcz,kujawsko-pomorskie
85-353,Bydgoszcz,Bydgoszcz,Bydgoszcz,kujawsko-pomorskie
85-345,Bydgoszcz,Bydgoszcz,Bydgoszcz,kujawsko-pomorskie
85-216,Bydgoszcz,Bydgoszcz,Bydgoszcz,kujawsko-pomorskie
85-355,Bydgoszcz,Bydgoszcz,Bydgoszcz,kujawsko-pomorskie
85-795,Bydgoszcz,Bydgoszcz,Bydgoszcz,kujawsko-pomorskie
85-414,Bydgoszcz,Bydgoszcz,Bydgoszcz,kujawsko-pomorskie
85-893,Bydgoszcz,Bydgoszcz,Bydgoszcz,kujawsko-pomorskie
85-411,Bydgoszcz,Bydgoszcz,Bydgoszcz,kujawsko-pomorskie
85-078,Bydgoszcz,Bydgoszcz,Bydgoszcz,kujawsko-pomorskie
85-065,Bydgoszcz,Bydgoszcz,Bydgoszcz,kujawsko-pomorskie
85-064,Bydgoszcz,Bydgoszcz,Bydgoszcz,kujawsko-pomorskie
85-656,Bydgoszcz,Bydgoszcz,Bydgoszcz,kujawsko-pomorskie
85-667,Bydgoszcz,Bydgoszcz,Bydgoszcz,kujawsko-pomorskie
85-127,Bydgoszcz,Bydgoszcz,Bydgoszcz,kujawsko-pomorskie
85-092,Bydgoszcz,Bydgoszcz,Bydgoszcz,kujawsko-pomorskie
85-379,Bydgoszcz,Bydgoszcz,Bydgoszcz,kujawsko-pomorskie
85-223,Bydgoszcz,Bydgoszcz,Bydgoszcz,kujawsko-pomorskie
85-650,Bydgoszcz,Bydgoszcz,Bydgoszcz,kujawsko-pomorskie
85-153,Bydgoszcz,Bydgoszcz,Bydgoszcz,kujawsko-pomorskie
85-819,Bydgoszcz,Bydgoszcz,Bydgoszcz,kujawsko-pomorskie
85-377,Bydgoszcz,Bydgoszcz,Bydgoszcz,kujawsko-pomorskie
85-346,Bydgoszcz,Bydgoszcz,Bydgoszcz,kujawsko-pomorskie
85-803,Bydgoszcz,Bydgoszcz,Bydgoszcz,kujawsko-pomorskie
85-052,Bydgoszcz,Bydgoszcz,Bydgoszcz,kujawsko-pomorskie
85-446,Bydgoszcz,Bydgoszcz,Bydgoszcz,kujawsko-pomorskie
85-644,Bydgoszcz,Bydgoszcz,Bydgoszcz,kujawsko-pomorskie
85-184,Bydgoszcz,Bydgoszcz,Bydgoszcz,kujawsko-pomorskie
85-094,Bydgoszcz,Bydgoszcz,Bydgoszcz,kujawsko-pomorskie
85-088,Bydgoszcz,Bydgoszcz,Bydgoszcz,kujawsko-pomorskie
85-733,Bydgoszcz,Bydgoszcz,Bydgoszcz,kujawsko-pomorskie
85-389,Bydgoszcz,Bydgoszcz,Bydgoszcz,kujawsko-pomorskie
85-138,Bydgoszcz,Bydgoszcz,Bydgoszcz,kujawsko-pomorskie
85-437,Bydgoszcz,Bydgoszcz,Bydgoszcz,kujawsko-pomorskie
85-220,Bydgoszcz,Bydgoszcz,Bydgoszcz,kujawsko-pomorskie
85-217,Bydgoszcz,Bydgoszcz,Bydgoszcz,kujawsko-pomorskie
85-222,Bydgoszcz,Bydgoszcz,Bydgoszcz,kujawsko-pomorskie
85-641,Bydgoszcz,Bydgoszcz,Bydgoszcz,kujawsko-pomorskie
85-636,Bydgoszcz,Bydgoszcz,Bydgoszcz,kujawsko-pomorskie
85-338,Bydgoszcz,Bydgoszcz,Bydgoszcz,kujawsko-pomorskie
85-333,Bydgoszcz,Bydgoszcz,Bydgoszcz,kujawsko-pomorskie
85-853,Bydgoszcz,Bydgoszcz,Bydgoszcz,kujawsko-pomorskie
85-854,Bydgoszcz,Bydgoszcz,Bydgoszcz,kujawsko-pomorskie
85-532,Bydgoszcz,Bydgoszcz,Bydgoszcz,kujawsko-pomorskie
85-444,Bydgoszcz,Bydgoszcz,Bydgoszcz,kujawsko-pomorskie
85-391,Bydgoszcz,Bydgoszcz,Bydgoszcz,kujawsko-pomorskie
85-152,Bydgoszcz,Bydgoszcz,Bydgoszcz,kujawsko-pomorskie
85-723,Bydgoszcz,Bydgoszcz,Bydgoszcz,kujawsko-pomorskie
85-158,Bydgoszcz,Bydgoszcz,Bydgoszcz,kujawsko-pomorskie
85-626,Bydgoszcz,Bydgoszcz,Bydgoszcz,kujawsko-pomorskie
85-034,Bydgoszcz,Bydgoszcz,Bydgoszcz,kujawsko-pomorskie
85-233,Bydgoszcz,Bydgoszcz,Bydgoszcz,kujawsko-pomorskie
85-319,Bydgoszcz,Bydgoszcz,Bydgoszcz,kujawsko-pomorskie
85-189,Bydgoszcz,Bydgoszcz,Bydgoszcz,kujawsko-pomorskie
85-212,Bydgoszcz,Bydgoszcz,Bydgoszcz,kujawsko-pomorskie
85-701,Bydgoszcz,Bydgoszcz,Bydgoszcz,kujawsko-pomorskie
85-005,Bydgoszcz,Bydgoszcz,Bydgoszcz,kujawsko-pomorskie
85-555,Bydgoszcz,Bydgoszcz,Bydgoszcz,kujawsko-pomorskie
85-329,Bydgoszcz,Bydgoszcz,Bydgoszcz,kujawsko-pomorskie
85-143,Bydgoszcz,Bydgoszcz,Bydgoszcz,kujawsko-pomorskie
85-469,Bydgoszcz,Bydgoszcz,Bydgoszcz,kujawsko-pomorskie
85-645,Bydgoszcz,Bydgoszcz,Bydgoszcz,kujawsko-pomorskie
85-675,Bydgoszcz,Bydgoszcz,Bydgoszcz,kujawsko-pomorskie
85-010,Bydgoszcz,Bydgoszcz,Bydgoszcz,kujawsko-pomorskie
85-009,Bydgoszcz,Bydgoszcz,Bydgoszcz,kujawsko-pomorskie
85-324,Bydgoszcz,Bydgoszcz,Bydgoszcz,kujawsko-pomorskie
85-736,Bydgoszcz,Bydgoszcz,Bydgoszcz,kujawsko-pomorskie
85-440,Bydgoszcz,Bydgoszcz,Bydgoszcz,kujawsko-pomorskie
85-715,Bydgoszcz,Bydgoszcz,Bydgoszcz,kujawsko-pomorskie
85-687,Bydgoszcz,Bydgoszcz,Bydgoszcz,kujawsko-pomorskie
85-425,Bydgoszcz,Bydgoszcz,Bydgoszcz,kujawsko-pomorskie
85-885,Bydgoszcz,Bydgoszcz,Bydgoszcz,kujawsko-pomorskie
85-741,Bydgoszcz,Bydgoszcz,Bydgoszcz,kujawsko-pomorskie
85-814,Bydgoszcz,Bydgoszcz,Bydgoszcz,kujawsko-pomorskie
85-309,Bydgoszcz,Bydgoszcz,Bydgoszcz,kujawsko-pomorskie
85-101,Bydgoszcz,Bydgoszcz,Bydgoszcz,kujawsko-pomorskie
85-160,Bydgoszcz,Bydgoszcz,Bydgoszcz,kujawsko-pomorskie
85-836,Bydgoszcz,Bydgoszcz,Bydgoszcz,kujawsko-pomorskie
85-030,Bydgoszcz,Bydgoszcz,Bydgoszcz,kujawsko-pomorskie
85-070,Bydgoszcz,Bydgoszcz,Bydgoszcz,kujawsko-pomorskie
85-719,Bydgoszcz,Bydgoszcz,Bydgoszcz,kujawsko-pomorskie
85-739,Bydgoszcz,Bydgoszcz,Bydgoszcz,kujawsko-pomorskie
85-752,Bydgoszcz,Bydgoszcz,Bydgoszcz,kujawsko-pomorskie
85-766,Bydgoszcz,Bydgoszcz,Bydgoszcz,kujawsko-pomorskie
85-310,Bydgoszcz,Bydgoszcz,Bydgoszcz,kujawsko-pomorskie
85-057,Bydgoszcz,Bydgoszcz,Bydgoszcz,kujawsko-pomorskie
85-724,Bydgoszcz,Bydgoszcz,Bydgoszcz,kujawsko-pomorskie
85-137,Bydgoszcz,Bydgoszcz,Bydgoszcz,kujawsko-pomorskie
85-087,Bydgoszcz,Bydgoszcz,Bydgoszcz,kujawsko-pomorskie
85-717,Bydgoszcz,Bydgoszcz,Bydgoszcz,kujawsko-pomorskie
85-322,Bydgoszcz,Bydgoszcz,Bydgoszcz,kujawsko-pomorskie
85-229,Bydgoszcz,Bydgoszcz,Bydgoszcz,kujawsko-pomorskie
85-142,Bydgoszcz,Bydgoszcz,Bydgoszcz,kujawsko-pomorskie
85-006,Bydgoszcz,Bydgoszcz,Bydgoszcz,kujawsko-pomorskie
85-021,Bydgoszcz,Bydgoszcz,Bydgoszcz,kujawsko-pomorskie
85-022,Bydgoszcz,Bydgoszcz,Bydgoszcz,kujawsko-pomorskie
85-674,Bydgoszcz,Bydgoszcz,Bydgoszcz,kujawsko-pomorskie
85-713,Bydgoszcz,Bydgoszcz,Bydgoszcz,kujawsko-pomorskie
85-305,Bydgoszcz,Bydgoszcz,Bydgoszcz,kujawsko-pomorskie
85-447,Bydgoszcz,Bydgoszcz,Bydgoszcz,kujawsko-pomorskie
85-007,Bydgoszcz,Bydgoszcz,Bydgoszcz,kujawsko-pomorskie
85-861,Bydgoszcz,Bydgoszcz,Bydgoszcz,kujawsko-pomorskie
85-100,Bydgoszcz,Bydgoszcz,Bydgoszcz,kujawsko-pomorskie
85-170,Bydgoszcz,Bydgoszcz,Bydgoszcz,kujawsko-pomorskie
85-378,Bydgoszcz,Bydgoszcz,Bydgoszcz,kujawsko-pomorskie
85-150,Bydgoszcz,Bydgoszcz,Bydgoszcz,kujawsko-pomorskie
85-381,Bydgoszcz,Bydgoszcz,Bydgoszcz,kujawsko-pomorskie
85-614,Bydgoszcz,Bydgoszcz,Bydgoszcz,kujawsko-pomorskie
85-404,Bydgoszcz,Bydgoszcz,Bydgoszcz,kujawsko-pomorskie
85-182,Bydgoszcz,Bydgoszcz,Bydgoszcz,kujawsko-pomorskie
85-313,Bydgoszcz,Bydgoszcz,Bydgoszcz,kujawsko-pomorskie
85-075,Bydgoszcz,Bydgoszcz,Bydgoszcz,kujawsko-pomorskie
85-406,Bydgoszcz,Bydgoszcz,Bydgoszcz,kujawsko-pomorskie
85-420,Bydgoszcz,Bydgoszcz,Bydgoszcz,kujawsko-pomorskie
85-134,Bydgoszcz,Bydgoszcz,Bydgoszcz,kujawsko-pomorskie
85-556,Bydgoszcz,Bydgoszcz,Bydgoszcz,kujawsko-pomorskie
85-360,Bydgoszcz,Bydgoszcz,Bydgoszcz,kujawsko-pomorskie
85-601,Bydgoszcz,Bydgoszcz,Bydgoszcz,kujawsko-pomorskie
85-466,Bydgoszcz,Bydgoszcz,Bydgoszcz,kujawsko-pomorskie
85-382,Bydgoszcz,Bydgoszcz,Bydgoszcz,kujawsko-pomorskie
85-201,Bydgoszcz,Bydgoszcz,Bydgoszcz,kujawsko-pomorskie
85-726,Bydgoszcz,Bydgoszcz,Bydgoszcz,kujawsko-pomorskie
85-533,Bydgoszcz,Bydgoszcz,Bydgoszcz,kujawsko-pomorskie
85-118,Bydgoszcz,Bydgoszcz,Bydgoszcz,kujawsko-pomorskie
85-109,Bydgoszcz,Bydgoszcz,Bydgoszcz,kujawsko-pomorskie
85-357,Bydgoszcz,Bydgoszcz,Bydgoszcz,kujawsko-pomorskie
85-227,Bydgoszcz,Bydgoszcz,Bydgoszcz,kujawsko-pomorskie
85-130,Bydgoszcz,Bydgoszcz,Bydgoszcz,kujawsko-pomorskie
85-239,Bydgoszcz,Bydgoszcz,Bydgoszcz,kujawsko-pomorskie
85-236,Bydgoszcz,Bydgoszcz,Bydgoszcz,kujawsko-pomorskie
85-241,Bydgoszcz,Bydgoszcz,Bydgoszcz,kujawsko-pomorskie
85-429,Bydgoszcz,Bydgoszcz,Bydgoszcz,kujawsko-pomorskie
85-401,Bydgoszcz,Bydgoszcz,Bydgoszcz,kujawsko-pomorskie
85-451,Bydgoszcz,Bydgoszcz,Bydgoszcz,kujawsko-pomorskie
85-438,Bydgoszcz,Bydgoszcz,Bydgoszcz,kujawsko-pomorskie
85-417,Bydgoszcz,Bydgoszcz,Bydgoszcz,kujawsko-pomorskie
85-547,Bydgoszcz,Bydgoszcz,Bydgoszcz,kujawsko-pomorskie
85-336,Bydgoszcz,Bydgoszcz,Bydgoszcz,kujawsko-pomorskie
85-748,Bydgoszcz,Bydgoszcz,Bydgoszcz,kujawsko-pomorskie
85-126,Bydgoszcz,Bydgoszcz,Bydgoszcz,kujawsko-pomorskie
85-039,Bydgoszcz,Bydgoszcz,Bydgoszcz,kujawsko-pomorskie
85-461,Bydgoszcz,Bydgoszcz,Bydgoszcz,kujawsko-pomorskie
85-552,Bydgoszcz,Bydgoszcz,Bydgoszcz,kujawsko-pomorskie
85-342,Bydgoszcz,Bydgoszcz,Bydgoszcz,kujawsko-pomorskie
85-826,Bydgoszcz,Bydgoszcz,Bydgoszcz,kujawsko-pomorskie
85-873,Bydgoszcz,Bydgoszcz,Bydgoszcz,kujawsko-pomorskie
85-449,Bydgoszcz,Bydgoszcz,Bydgoszcz,kujawsko-pomorskie
85-314,Bydgoszcz,Bydgoszcz,Bydgoszcz,kujawsko-pomorskie
85-720,Bydgoszcz,Bydgoszcz,Bydgoszcz,kujawsko-pomorskie
85-456,Bydgoszcz,Bydgoszcz,Bydgoszcz,kujawsko-pomorskie
85-776,Bydgoszcz,Bydgoszcz,Bydgoszcz,kujawsko-pomorskie
85-727,Bydgoszcz,Bydgoszcz,Bydgoszcz,kujawsko-pomorskie
85-749,Bydgoszcz,Bydgoszcz,Bydgoszcz,kujawsko-pomorskie
85-742,Bydgoszcz,Bydgoszcz,Bydgoszcz,kujawsko-pomorskie
85-517,Bydgoszcz,Bydgoszcz,Bydgoszcz,kujawsko-pomorskie
85-232,Bydgoszcz,Bydgoszcz,Bydgoszcz,kujawsko-pomorskie
85-231,Bydgoszcz,Bydgoszcz,Bydgoszcz,kujawsko-pomorskie
85-067,Bydgoszcz,Bydgoszcz,Bydgoszcz,kujawsko-pomorskie
85-097,Bydgoszcz,Bydgoszcz,Bydgoszcz,kujawsko-pomorskie
85-027,Bydgoszcz,Bydgoszcz,Bydgoszcz,kujawsko-pomorskie
85-343,Bydgoszcz,Bydgoszcz,Bydgoszcz,kujawsko-pomorskie
85-060,Bydgoszcz,Bydgoszcz,Bydgoszcz,kujawsko-pomorskie
85-035,Bydgoszcz,Bydgoszcz,Bydgoszcz,kujawsko-pomorskie
85-339,Bydgoszcz,Bydgoszcz,Bydgoszcz,kujawsko-pomorskie
85-376,Bydgoszcz,Bydgoszcz,Bydgoszcz,kujawsko-pomorskie
85-410,Bydgoszcz,Bydgoszcz,Bydgoszcz,kujawsko-pomorskie
85-627,Bydgoszcz,Bydgoszcz,Bydgoszcz,kujawsko-pomorskie
85-308,Bydgoszcz,Bydgoszcz,Bydgoszcz,kujawsko-pomorskie
85-205,Bydgoszcz,Bydgoszcz,Bydgoszcz,kujawsko-pomorskie
85-668,Bydgoszcz,Bydgoszcz,Bydgoszcz,kujawsko-pomorskie
85-110,Bydgoszcz,Bydgoszcz,Bydgoszcz,kujawsko-pomorskie
85-628,Bydgoszcz,Bydgoszcz,Bydgoszcz,kujawsko-pomorskie
85-520,Bydgoszcz,Bydgoszcz,Bydgoszcz,kujawsko-pomorskie
85-809,Bydgoszcz,Bydgoszcz,Bydgoszcz,kujawsko-pomorskie
85-365,Bydgoszcz,Bydgoszcz,Bydgoszcz,kujawsko-pomorskie
85-149,Bydgoszcz,Bydgoszcz,Bydgoszcz,kujawsko-pomorskie
85-102,Bydgoszcz,Bydgoszcz,Bydgoszcz,kujawsko-pomorskie
85-630,Bydgoszcz,Bydgoszcz,Bydgoszcz,kujawsko-pomorskie
85-089,Bydgoszcz,Bydgoszcz,Bydgoszcz,kujawsko-pomorskie
85-453,Bydgoszcz,Bydgoszcz,Bydgoszcz,kujawsko-pomorskie
85-482,Bydgoszcz,Bydgoszcz,Bydgoszcz,kujawsko-pomorskie
85-602,Bydgoszcz,Bydgoszcz,Bydgoszcz,kujawsko-pomorskie
85-637,Bydgoszcz,Bydgoszcz,Bydgoszcz,kujawsko-pomorskie
85-402,Bydgoszcz,Bydgoszcz,Bydgoszcz,kujawsko-pomorskie
85-770,Bydgoszcz,Bydgoszcz,Bydgoszcz,kujawsko-pomorskie
85-207,Bydgoszcz,Bydgoszcz,Bydgoszcz,kujawsko-pomorskie
85-548,Bydgoszcz,Bydgoszcz,Bydgoszcz,kujawsko-pomorskie
85-774,Bydgoszcz,Bydgoszcz,Bydgoszcz,kujawsko-pomorskie
85-756,Bydgoszcz,Bydgoszcz,Bydgoszcz,kujawsko-pomorskie
85-775,Bydgoszcz,Bydgoszcz,Bydgoszcz,kujawsko-pomorskie
85-473,Bydgoszcz,Bydgoszcz,Bydgoszcz,kujawsko-pomorskie
85-807,Bydgoszcz,Bydgoszcz,Bydgoszcz,kujawsko-pomorskie
85-164,Bydgoszcz,Bydgoszcz,Bydgoszcz,kujawsko-pomorskie
85-384,Bydgoszcz,Bydgoszcz,Bydgoszcz,kujawsko-pomorskie
85-478,Bydgoszcz,Bydgoszcz,Bydgoszcz,kujawsko-pomorskie
85-073,Bydgoszcz,Bydgoszcz,Bydgoszcz,kujawsko-pomorskie
85-317,Bydgoszcz,Bydgoszcz,Bydgoszcz,kujawsko-pomorskie
85-606,Bydgoszcz,Bydgoszcz,Bydgoszcz,kujawsko-pomorskie
85-605,Bydgoszcz,Bydgoszcz,Bydgoszcz,kujawsko-pomorskie
85-048,Bydgoszcz,Bydgoszcz,Bydgoszcz,kujawsko-pomorskie
85-228,Bydgoszcz,Bydgoszcz,Bydgoszcz,kujawsko-pomorskie
85-513,Bydgoszcz,Bydgoszcz,Bydgoszcz,kujawsko-pomorskie
85-304,Bydgoszcz,Bydgoszcz,Bydgoszcz,kujawsko-pomorskie
85-872,Bydgoszcz,Bydgoszcz,Bydgoszcz,kujawsko-pomorskie
85-703,Bydgoszcz,Bydgoszcz,Bydgoszcz,kujawsko-pomorskie
85-670,Bydgoszcz,Bydgoszcz,Bydgoszcz,kujawsko-pomorskie
85-651,Bydgoszcz,Bydgoszcz,Bydgoszcz,kujawsko-pomorskie
85-356,Bydgoszcz,Bydgoszcz,Bydgoszcz,kujawsko-pomorskie
85-501,Bydgoszcz,Bydgoszcz,Bydgoszcz,kujawsko-pomorskie
85-431,Bydgoszcz,Bydgoszcz,Bydgoszcz,kujawsko-pomorskie
85-433,Bydgoszcz,Bydgoszcz,Bydgoszcz,kujawsko-pomorskie
85-096,Bydgoszcz,Bydgoszcz,Bydgoszcz,kujawsko-pomorskie
85-521,Bydgoszcz,Bydgoszcz,Bydgoszcz,kujawsko-pomorskie
85-470,Bydgoszcz,Bydgoszcz,Bydgoszcz,kujawsko-pomorskie
85-080,Bydgoszcz,Bydgoszcz,Bydgoszcz,kujawsko-pomorskie
85-704,Bydgoszcz,Bydgoszcz,Bydgoszcz,kujawsko-pomorskie
85-549,Bydgoszcz,Bydgoszcz,Bydgoszcz,kujawsko-pomorskie
85-829,Bydgoszcz,Bydgoszcz,Bydgoszcz,kujawsko-pomorskie
85-066,Bydgoszcz,Bydgoszcz,Bydgoszcz,kujawsko-pomorskie
85-124,Bydgoszcz,Bydgoszcz,Bydgoszcz,kujawsko-pomorskie
85-392,Bydgoszcz,Bydgoszcz,Bydgoszcz,kujawsko-pomorskie
85-837,Bydgoszcz,Bydgoszcz,Bydgoszcz,kujawsko-pomorskie
85-225,Bydgoszcz,Bydgoszcz,Bydgoszcz,kujawsko-pomorskie
85-421,Bydgoszcz,Bydgoszcz,Bydgoszcz,kujawsko-pomorskie
85-405,Bydgoszcz,Bydgoszcz,Bydgoszcz,kujawsko-pomorskie
85-557,Bydgoszcz,Bydgoszcz,Bydgoszcz,kujawsko-pomorskie
85-534,Bydgoszcz,Bydgoszcz,Bydgoszcz,kujawsko-pomorskie
85-307,Bydgoszcz,Bydgoszcz,Bydgoszcz,kujawsko-pomorskie
85-709,Bydgoszcz,Bydgoszcz,Bydgoszcz,kujawsko-pomorskie
85-615,Bydgoszcz,Bydgoszcz,Bydgoszcz,kujawsko-pomorskie
85-714,Bydgoszcz,Bydgoszcz,Bydgoszcz,kujawsko-pomorskie
85-385,Bydgoszcz,Bydgoszcz,Bydgoszcz,kujawsko-pomorskie
85-079,Bydgoszcz,Bydgoszcz,Bydgoszcz,kujawsko-pomorskie
85-568,Bydgoszcz,Bydgoszcz,Bydgoszcz,kujawsko-pomorskie
85-616,Bydgoszcz,Bydgoszcz,Bydgoszcz,kujawsko-pomorskie
85-812,Bydgoszcz,Bydgoszcz,Bydgoszcz,kujawsko-pomorskie
85-657,Bydgoszcz,Bydgoszcz,Bydgoszcz,kujawsko-pomorskie
85-045,Bydgoszcz,Bydgoszcz,Bydgoszcz,kujawsko-pomorskie
85-008,Bydgoszcz,Bydgoszcz,Bydgoszcz,kujawsko-pomorskie
85-240,Bydgoszcz,Bydgoszcz,Bydgoszcz,kujawsko-pomorskie
85-117,Bydgoszcz,Bydgoszcz,Bydgoszcz,kujawsko-pomorskie
85-460,Bydgoszcz,Bydgoszcz,Bydgoszcz,kujawsko-pomorskie
85-386,Bydgoszcz,Bydgoszcz,Bydgoszcz,kujawsko-pomorskie
85-213,Bydgoszcz,Bydgoszcz,Bydgoszcz,kujawsko-pomorskie
85-448,Bydgoszcz,Bydgoszcz,Bydgoszcz,kujawsko-pomorskie
85-479,Bydgoszcz,Bydgoszcz,Bydgoszcz,kujawsko-pomorskie
85-522,Bydgoszcz,Bydgoszcz,Bydgoszcz,kujawsko-pomorskie
85-880,Bydgoszcz,Bydgoszcz,Bydgoszcz,kujawsko-pomorskie
85-818,Bydgoszcz,Bydgoszcz,Bydgoszcz,kujawsko-pomorskie
85-409,Bydgoszcz,Bydgoszcz,Bydgoszcz,kujawsko-pomorskie
85-031,Bydgoszcz,Bydgoszcz,Bydgoszcz,kujawsko-pomorskie
85-146,Bydgoszcz,Bydgoszcz,Bydgoszcz,kujawsko-pomorskie
85-383,Bydgoszcz,Bydgoszcz,Bydgoszcz,kujawsko-pomorskie
85-617,Bydgoszcz,Bydgoszcz,Bydgoszcz,kujawsko-pomorskie
85-558,Bydgoszcz,Bydgoszcz,Bydgoszcz,kujawsko-pomorskie
85-669,Bydgoszcz,Bydgoszcz,Bydgoszcz,kujawsko-pomorskie
85-652,Bydgoszcz,Bydgoszcz,Bydgoszcz,kujawsko-pomorskie
85-638,Bydgoszcz,Bydgoszcz,Bydgoszcz,kujawsko-pomorskie
85-530,Bydgoszcz,Bydgoszcz,Bydgoszcz,kujawsko-pomorskie
85-676,Bydgoszcz,Bydgoszcz,Bydgoszcz,kujawsko-pomorskie
85-476,Bydgoszcz,Bydgoszcz,Bydgoszcz,kujawsko-pomorskie
85-480,Bydgoszcz,Bydgoszcz,Bydgoszcz,kujawsko-pomorskie
85-728,Bydgoszcz,Bydgoszcz,Bydgoszcz,kujawsko-pomorskie
85-062,Bydgoszcz,Bydgoszcz,Bydgoszcz,kujawsko-pomorskie
85-624,Bydgoszcz,Bydgoszcz,Bydgoszcz,kujawsko-pomorskie
85-643,Bydgoszcz,Bydgoszcz,Bydgoszcz,kujawsko-pomorskie
85-658,Bydgoszcz,Bydgoszcz,Bydgoszcz,kujawsko-pomorskie
85-415,Bydgoszcz,Bydgoszcz,Bydgoszcz,kujawsko-pomorskie
85-407,Bydgoszcz,Bydgoszcz,Bydgoszcz,kujawsko-pomorskie
85-326,Bydgoszcz,Bydgoszcz,Bydgoszcz,kujawsko-pomorskie
85-413,Bydgoszcz,Bydgoszcz,Bydgoszcz,kujawsko-pomorskie
85-351,Bydgoszcz,Bydgoszcz,Bydgoszcz,kujawsko-pomorskie
85-502,Bydgoszcz,Bydgoszcz,Bydgoszcz,kujawsko-pomorskie
85-514,Bydgoszcz,Bydgoszcz,Bydgoszcz,kujawsko-pomorskie
85-450,Bydgoszcz,Bydgoszcz,Bydgoszcz,kujawsko-pomorskie
85-463,Bydgoszcz,Bydgoszcz,Bydgoszcz,kujawsko-pomorskie
85-737,Bydgoszcz,Bydgoszcz,Bydgoszcz,kujawsko-pomorskie
85-881,Bydgoszcz,Bydgoszcz,Bydgoszcz,kujawsko-pomorskie
85-372,Bydgoszcz,Bydgoszcz,Bydgoszcz,kujawsko-pomorskie
85-185,Bydgoszcz,Bydgoszcz,Bydgoszcz,kujawsko-pomorskie
85-821,Bydgoszcz,Bydgoszcz,Bydgoszcz,kujawsko-pomorskie
85-801,Bydgoszcz,Bydgoszcz,Bydgoszcz,kujawsko-pomorskie
85-366,Bydgoszcz,Bydgoszcz,Bydgoszcz,kujawsko-pomorskie
87-111,,Maciaszka,"37,",43
85-111,Bydgoszcz,Bydgoszcz,Bydgoszcz,kujawsko-pomorskie
85-390,Bydgoszcz,Bydgoszcz,Bydgoszcz,kujawsko-pomorskie
85-016,Bydgoszcz,Bydgoszcz,Bydgoszcz,kujawsko-pomorskie
85-335,Bydgoszcz,Bydgoszcz,Bydgoszcz,kujawsko-pomorskie
85-603,Bydgoszcz,Bydgoszcz,Bydgoszcz,kujawsko-pomorskie
85-750,Bydgoszcz,Bydgoszcz,Bydgoszcz,kujawsko-pomorskie
85-004,Bydgoszcz,Bydgoszcz,Bydgoszcz,kujawsko-pomorskie
85-136,Bydgoszcz,Bydgoszcz,Bydgoszcz,kujawsko-pomorskie
85-015,Bydgoszcz,Bydgoszcz,Bydgoszcz,kujawsko-pomorskie
85-061,Bydgoszcz,Bydgoszcz,Bydgoszcz,kujawsko-pomorskie
85-084,Bydgoszcz,Bydgoszcz,Bydgoszcz,kujawsko-pomorskie
85-710,Bydgoszcz,Bydgoszcz,Bydgoszcz,kujawsko-pomorskie
85-560,Bydgoszcz,Bydgoszcz,Bydgoszcz,kujawsko-pomorskie
85-112,Bydgoszcz,Bydgoszcz,Bydgoszcz,kujawsko-pomorskie
85-214,Bydgoszcz,Bydgoszcz,Bydgoszcz,kujawsko-pomorskie
85-654,Bydgoszcz,Bydgoszcz,Bydgoszcz,kujawsko-pomorskie
85-835,Bydgoszcz,Bydgoszcz,Bydgoszcz,kujawsko-pomorskie
85-428,Bydgoszcz,Bydgoszcz,Bydgoszcz,kujawsko-pomorskie
85-423,Bydgoszcz,Bydgoszcz,Bydgoszcz,kujawsko-pomorskie
85-441,Bydgoszcz,Bydgoszcz,Bydgoszcz,kujawsko-pomorskie
85-226,Bydgoszcz,Bydgoszcz,Bydgoszcz,kujawsko-pomorskie
85-864,Bydgoszcz,Bydgoszcz,Bydgoszcz,kujawsko-pomorskie
85-631,Bydgoszcz,Bydgoszcz,Bydgoszcz,kujawsko-pomorskie
85-635,Bydgoszcz,Bydgoszcz,Bydgoszcz,kujawsko-pomorskie
85-834,Bydgoszcz,Bydgoszcz,Bydgoszcz,kujawsko-pomorskie
85-722,Bydgoszcz,Bydgoszcz,Bydgoszcz,kujawsko-pomorskie
85-561,Bydgoszcz,Bydgoszcz,Bydgoszcz,kujawsko-pomorskie
85-159,Bydgoszcz,Bydgoszcz,Bydgoszcz,kujawsko-pomorskie
85-327,Bydgoszcz,Bydgoszcz,Bydgoszcz,kujawsko-pomorskie
85-206,Bydgoszcz,Bydgoszcz,Bydgoszcz,kujawsko-pomorskie
85-054,Bydgoszcz,Bydgoszcz,Bydgoszcz,kujawsko-pomorskie
85-238,Bydgoszcz,Bydgoszcz,Bydgoszcz,kujawsko-pomorskie
85-219,Bydgoszcz,Bydgoszcz,Bydgoszcz,kujawsko-pomorskie
85-328,Bydgoszcz,Bydgoszcz,Bydgoszcz,kujawsko-pomorskie
85-347,Bydgoszcz,Bydgoszcz,Bydgoszcz,kujawsko-pomorskie
85-358,Bydgoszcz,Bydgoszcz,Bydgoszcz,kujawsko-pomorskie
85-866,Bydgoszcz,Bydgoszcz,Bydgoszcz,kujawsko-pomorskie
85-230,Bydgoszcz,Bydgoszcz,Bydgoszcz,kujawsko-pomorskie
85-830,Bydgoszcz,Bydgoszcz,Bydgoszcz,kujawsko-pomorskie
85-516,Bydgoszcz,Bydgoszcz,Bydgoszcz,kujawsko-pomorskie
85-103,Bydgoszcz,Bydgoszcz,Bydgoszcz,kujawsko-pomorskie
85-119,Bydgoszcz,Bydgoszcz,Bydgoszcz,kujawsko-pomorskie
85-120,Bydgoszcz,Bydgoszcz,Bydgoszcz,kujawsko-pomorskie
85-208,Bydgoszcz,Bydgoszcz,Bydgoszcz,kujawsko-pomorskie
85-839,Bydgoszcz,Bydgoszcz,Bydgoszcz,kujawsko-pomorskie
85-840,Bydgoszcz,Bydgoszcz,Bydgoszcz,kujawsko-pomorskie
85-894,Bydgoszcz,Bydgoszcz,Bydgoszcz,kujawsko-pomorskie
85-869,Bydgoszcz,Bydgoszcz,Bydgoszcz,kujawsko-pomorskie
85-131,Bydgoszcz,Bydgoszcz,Bydgoszcz,kujawsko-pomorskie
85-882,Bydgoszcz,Bydgoszcz,Bydgoszcz,kujawsko-pomorskie
85-777,Bydgoszcz,Bydgoszcz,Bydgoszcz,kujawsko-pomorskie
85-043,Bydgoszcz,Bydgoszcz,Bydgoszcz,kujawsko-pomorskie
85-870,Bydgoszcz,Bydgoszcz,Bydgoszcz,kujawsko-pomorskie
85-464,Bydgoszcz,Bydgoszcz,Bydgoszcz,kujawsko-pomorskie
85-889,Bydgoszcz,Bydgoszcz,Bydgoszcz,kujawsko-pomorskie
85-550,Bydgoszcz,Bydgoszcz,Bydgoszcz,kujawsko-pomorskie
85-753,Bydgoszcz,Bydgoszcz,Bydgoszcz,kujawsko-pomorskie
85-523,Bydgoszcz,Bydgoszcz,Bydgoszcz,kujawsko-pomorskie
85-483,Bydgoszcz,Bydgoszcz,Bydgoszcz,kujawsko-pomorskie
85-301,Bydgoszcz,Bydgoszcz,Bydgoszcz,kujawsko-pomorskie
85-332,Bydgoszcz,Bydgoszcz,Bydgoszcz,kujawsko-pomorskie
85-387,Bydgoszcz,Bydgoszcz,Bydgoszcz,kujawsko-pomorskie
85-758,Bydgoszcz,Bydgoszcz,Bydgoszcz,kujawsko-pomorskie
85-349,Bydgoszcz,Bydgoszcz,Bydgoszcz,kujawsko-pomorskie
85-330,Bydgoszcz,Bydgoszcz,Bydgoszcz,kujawsko-pomorskie
85-892,Bydgoszcz,Bydgoszcz,Bydgoszcz,kujawsko-pomorskie
85-439,Bydgoszcz,Bydgoszcz,Bydgoszcz,kujawsko-pomorskie
85-098,Bydgoszcz,Bydgoszcz,Bydgoszcz,kujawsko-pomorskie
85-535,Bydgoszcz,Bydgoszcz,Bydgoszcz,kujawsko-pomorskie
85-354,Bydgoszcz,Bydgoszcz,Bydgoszcz,kujawsko-pomorskie
85-434,Bydgoszcz,Bydgoszcz,Bydgoszcz,kujawsko-pomorskie
85-095,Bydgoszcz,Bydgoszcz,Bydgoszcz,kujawsko-pomorskie
85-563,Bydgoszcz,Bydgoszcz,Bydgoszcz,kujawsko-pomorskie
85-303,Bydgoszcz,Bydgoszcz,Bydgoszcz,kujawsko-pomorskie
85-877,Bydgoszcz,Bydgoszcz,Bydgoszcz,kujawsko-pomorskie
85-886,Bydgoszcz,Bydgoszcz,Bydgoszcz,kujawsko-pomorskie
85-033,Bydgoszcz,Bydgoszcz,Bydgoszcz,kujawsko-pomorskie
85-237,Bydgoszcz,Bydgoszcz,Bydgoszcz,kujawsko-pomorskie
85-012,Bydgoszcz,Bydgoszcz,Bydgoszcz,kujawsko-pomorskie
85-072,Bydgoszcz,Bydgoszcz,Bydgoszcz,kujawsko-pomorskie
85-380,Bydgoszcz,Bydgoszcz,Bydgoszcz,kujawsko-pomorskie
85-664,Bydgoszcz,Bydgoszcz,Bydgoszcz,kujawsko-pomorskie
85-445,Bydgoszcz,Bydgoszcz,Bydgoszcz,kujawsko-pomorskie
85-359,Bydgoszcz,Bydgoszcz,Bydgoszcz,kujawsko-pomorskie
85-659,Bydgoszcz,Bydgoszcz,Bydgoszcz,kujawsko-pomorskie
85-767,Bydgoszcz,Bydgoszcz,Bydgoszcz,kujawsko-pomorskie
85-177,Bydgoszcz,Bydgoszcz,Bydgoszcz,kujawsko-pomorskie
85-068,Bydgoszcz,Bydgoszcz,Bydgoszcz,kujawsko-pomorskie
85-454,Bydgoszcz,Bydgoszcz,Bydgoszcz,kujawsko-pomorskie
85-677,Bydgoszcz,Bydgoszcz,Bydgoszcz,kujawsko-pomorskie
85-132,Bydgoszcz,Bydgoszcz,Bydgoszcz,kujawsko-pomorskie
85-055,Bydgoszcz,Bydgoszcz,Bydgoszcz,kujawsko-pomorskie
85-344,Bydgoszcz,Bydgoszcz,Bydgoszcz,kujawsko-pomorskie
85-218,Bydgoszcz,Bydgoszcz,Bydgoszcz,kujawsko-pomorskie
85-711,Bydgoszcz,Bydgoszcz,Bydgoszcz,kujawsko-pomorskie
85-323,Bydgoszcz,Bydgoszcz,Bydgoszcz,kujawsko-pomorskie
85-046,Bydgoszcz,Bydgoszcz,Bydgoszcz,kujawsko-pomorskie
85-050,Bydgoszcz,Bydgoszcz,Bydgoszcz,kujawsko-pomorskie
85-051,Bydgoszcz,Bydgoszcz,Bydgoszcz,kujawsko-pomorskie
85-671,Bydgoszcz,Bydgoszcz,Bydgoszcz,kujawsko-pomorskie
85-660,Bydgoszcz,Bydgoszcz,Bydgoszcz,kujawsko-pomorskie
85-524,Bydgoszcz,Bydgoszcz,Bydgoszcz,kujawsko-pomorskie
85-542,Bydgoszcz,Bydgoszcz,Bydgoszcz,kujawsko-pomorskie
85-757,Bydgoszcz,Bydgoszcz,Bydgoszcz,kujawsko-pomorskie
85-686,Bydgoszcz,Bydgoszcz,Bydgoszcz,kujawsko-pomorskie
85-665,Bydgoszcz,Bydgoszcz,Bydgoszcz,kujawsko-pomorskie
85-681,Bydgoszcz,Bydgoszcz,Bydgoszcz,kujawsko-pomorskie
85-129,Bydgoszcz,Bydgoszcz,Bydgoszcz,kujawsko-pomorskie
85-525,Bydgoszcz,Bydgoszcz,Bydgoszcz,kujawsko-pomorskie
85-768,Bydgoszcz,Bydgoszcz,Bydgoszcz,kujawsko-pomorskie
85-564,Bydgoszcz,Bydgoszcz,Bydgoszcz,kujawsko-pomorskie
85-468,Bydgoszcz,Bydgoszcz,Bydgoszcz,kujawsko-pomorskie
85-337,Bydgoszcz,Bydgoszcz,Bydgoszcz,kujawsko-pomorskie
85-465,Bydgoszcz,Bydgoszcz,Bydgoszcz,kujawsko-pomorskie
85-712,Bydgoszcz,Bydgoszcz,Bydgoszcz,kujawsko-pomorskie
85-619,Bydgoszcz,Bydgoszcz,Bydgoszcz,kujawsko-pomorskie
85-526,Bydgoszcz,Bydgoszcz,Bydgoszcz,kujawsko-pomorskie
85-041,Bydgoszcz,Bydgoszcz,Bydgoszcz,kujawsko-pomorskie
85-371,Bydgoszcz,Bydgoszcz,Bydgoszcz,kujawsko-pomorskie
85-178,Bydgoszcz,Bydgoszcz,Bydgoszcz,kujawsko-pomorskie
85-481,Bydgoszcz,Bydgoszcz,Bydgoszcz,kujawsko-pomorskie
85-536,Bydgoszcz,Bydgoszcz,Bydgoszcz,kujawsko-pomorskie
85-729,Bydgoszcz,Bydgoszcz,Bydgoszcz,kujawsko-pomorskie
85-771,Bydgoszcz,Bydgoszcz,Bydgoszcz,kujawsko-pomorskie
85-032,Bydgoszcz,Bydgoszcz,Bydgoszcz,kujawsko-pomorskie
85-845,Bydgoszcz,Bydgoszcz,Bydgoszcz,kujawsko-pomorskie
85-179,Bydgoszcz,Bydgoszcz,Bydgoszcz,kujawsko-pomorskie
85-846,Bydgoszcz,Bydgoszcz,Bydgoszcz,kujawsko-pomorskie
85-215,Bydgoszcz,Bydgoszcz,Bydgoszcz,kujawsko-pomorskie
85-155,Bydgoszcz,Bydgoszcz,Bydgoszcz,kujawsko-pomorskie
85-503,Bydgoszcz,Bydgoszcz,Bydgoszcz,kujawsko-pomorskie
85-181,Bydgoszcz,Bydgoszcz,Bydgoszcz,kujawsko-pomorskie
85-883,Bydgoszcz,Bydgoszcz,Bydgoszcz,kujawsko-pomorskie
85-474,Bydgoszcz,Bydgoszcz,Bydgoszcz,kujawsko-pomorskie
85-302,Bydgoszcz,Bydgoszcz,Bydgoszcz,kujawsko-pomorskie
85-504,Bydgoszcz,Bydgoszcz,Bydgoszcz,kujawsko-pomorskie
85-539,Bydgoszcz,Bydgoszcz,Bydgoszcz,kujawsko-pomorskie
85-865,Bydgoszcz,Bydgoszcz,Bydgoszcz,kujawsko-pomorskie
85-315,Bydgoszcz,Bydgoszcz,Bydgoszcz,kujawsko-pomorskie
85-403,Bydgoszcz,Bydgoszcz,Bydgoszcz,kujawsko-pomorskie
85-412,Bydgoszcz,Bydgoszcz,Bydgoszcz,kujawsko-pomorskie
85-868,Bydgoszcz,Bydgoszcz,Bydgoszcz,kujawsko-pomorskie
85-234,Bydgoszcz,Bydgoszcz,Bydgoszcz,kujawsko-pomorskie
85-037,Bydgoszcz,Bydgoszcz,Bydgoszcz,kujawsko-pomorskie
85-038,Bydgoszcz,Bydgoszcz,Bydgoszcz,kujawsko-pomorskie
85-113,Bydgoszcz,Bydgoszcz,Bydgoszcz,kujawsko-pomorskie
85-104,Bydgoszcz,Bydgoszcz,Bydgoszcz,kujawsko-pomorskie
85-018,Bydgoszcz,Bydgoszcz,Bydgoszcz,kujawsko-pomorskie
85-156,Bydgoszcz,Bydgoszcz,Bydgoszcz,kujawsko-pomorskie
85-418,Bydgoszcz,Bydgoszcz,Bydgoszcz,kujawsko-pomorskie
85-684,Bydgoszcz,Bydgoszcz,Bydgoszcz,kujawsko-pomorskie
85-348,Bydgoszcz,Bydgoszcz,Bydgoszcz,kujawsko-pomorskie
85-833,Bydgoszcz,Bydgoszcz,Bydgoszcz,kujawsko-pomorskie
85-871,Bydgoszcz,Bydgoszcz,Bydgoszcz,kujawsko-pomorskie
85-565,Bydgoszcz,Bydgoszcz,Bydgoszcz,kujawsko-pomorskie
85-769,Bydgoszcz,Bydgoszcz,Bydgoszcz,kujawsko-pomorskie
85-172,Bydgoszcz,Bydgoszcz,Bydgoszcz,kujawsko-pomorskie
85-125,Bydgoszcz,Bydgoszcz,Bydgoszcz,kujawsko-pomorskie
85-730,Bydgoszcz,Bydgoszcz,Bydgoszcz,kujawsko-pomorskie
85-083,Bydgoszcz,Bydgoszcz,Bydgoszcz,kujawsko-pomorskie
85-551,Bydgoszcz,Bydgoszcz,Bydgoszcz,kujawsko-pomorskie
85-879,Bydgoszcz,Bydgoszcz,Bydgoszcz,kujawsko-pomorskie
85-838,Bydgoszcz,Bydgoszcz,Bydgoszcz,kujawsko-pomorskie
85-091,Bydgoszcz,Bydgoszcz,Bydgoszcz,kujawsko-pomorskie
85-888,Bydgoszcz,Bydgoszcz,Bydgoszcz,kujawsko-pomorskie
85-867,Bydgoszcz,Bydgoszcz,Bydgoszcz,kujawsko-pomorskie
85-505,Bydgoszcz,Bydgoszcz,Bydgoszcz,kujawsko-pomorskie
85-209,Bydgoszcz,Bydgoszcz,Bydgoszcz,kujawsko-pomorskie
85-744,Bydgoszcz,Bydgoszcz,Bydgoszcz,kujawsko-pomorskie
85-105,Bydgoszcz,Bydgoszcz,Bydgoszcz,kujawsko-pomorskie
85-014,Bydgoszcz,Bydgoszcz,Bydgoszcz,kujawsko-pomorskie
85-850,Bydgoszcz,Bydgoszcz,Bydgoszcz,kujawsko-pomorskie
85-851,Bydgoszcz,Bydgoszcz,Bydgoszcz,kujawsko-pomorskie
85-832,Bydgoszcz,Bydgoszcz,Bydgoszcz,kujawsko-pomorskie
85-081,Bydgoszcz,Bydgoszcz,Bydgoszcz,kujawsko-pomorskie
85-655,Bydgoszcz,Bydgoszcz,Bydgoszcz,kujawsko-pomorskie
85-642,Bydgoszcz,Bydgoszcz,Bydgoszcz,kujawsko-pomorskie
85-634,Bydgoszcz,Bydgoszcz,Bydgoszcz,kujawsko-pomorskie
85-731,Bydgoszcz,Bydgoszcz,Bydgoszcz,kujawsko-pomorskie
85-706,Bydgoszcz,Bydgoszcz,Bydgoszcz,kujawsko-pomorskie
85-738,Bydgoszcz,Bydgoszcz,Bydgoszcz,kujawsko-pomorskie
85-543,Bydgoszcz,Bydgoszcz,Bydgoszcz,kujawsko-pomorskie
85-823,Bydgoszcz,Bydgoszcz,Bydgoszcz,kujawsko-pomorskie
85-475,Bydgoszcz,Bydgoszcz,Bydgoszcz,kujawsko-pomorskie
85-312,Bydgoszcz,Bydgoszcz,Bydgoszcz,kujawsko-pomorskie
85-325,Bydgoszcz,Bydgoszcz,Bydgoszcz,kujawsko-pomorskie
85-518,Bydgoszcz,Bydgoszcz,Bydgoszcz,kujawsko-pomorskie
85-621,Bydgoszcz,Bydgoszcz,Bydgoszcz,kujawsko-pomorskie
85-235,Bydgoszcz,Bydgoszcz,Bydgoszcz,kujawsko-pomorskie
85-843,Bydgoszcz,Bydgoszcz,Bydgoszcz,kujawsko-pomorskie
85-427,Bydgoszcz,Bydgoszcz,Bydgoszcz,kujawsko-pomorskie
85-011,Bydgoszcz,Bydgoszcz,Bydgoszcz,kujawsko-pomorskie
85-506,Bydgoszcz,Bydgoszcz,Bydgoszcz,kujawsko-pomorskie
85-515,Bydgoszcz,Bydgoszcz,Bydgoszcz,kujawsko-pomorskie
85-540,Bydgoszcz,Bydgoszcz,Bydgoszcz,kujawsko-pomorskie
85-544,Bydgoszcz,Bydgoszcz,Bydgoszcz,kujawsko-pomorskie
85-224,Bydgoszcz,Bydgoszcz,Bydgoszcz,kujawsko-pomorskie
85-040,Bydgoszcz,Bydgoszcz,Bydgoszcz,kujawsko-pomorskie
85-632,Bydgoszcz,Bydgoszcz,Bydgoszcz,kujawsko-pomorskie
85-884,Bydgoszcz,Bydgoszcz,Bydgoszcz,kujawsko-pomorskie
85-077,Bydgoszcz,Bydgoszcz,Bydgoszcz,kujawsko-pomorskie
85-069,Bydgoszcz,Bydgoszcz,Bydgoszcz,kujawsko-pomorskie
85-053,Bydgoszcz,Bydgoszcz,Bydgoszcz,kujawsko-pomorskie
85-121,Bydgoszcz,Bydgoszcz,Bydgoszcz,kujawsko-pomorskie
85-566,Bydgoszcz,Bydgoszcz,Bydgoszcz,kujawsko-pomorskie
85-647,Bydgoszcz,Bydgoszcz,Bydgoszcz,kujawsko-pomorskie
85-023,Bydgoszcz,Bydgoszcz,Bydgoszcz,kujawsko-pomorskie
85-844,Bydgoszcz,Bydgoszcz,Bydgoszcz,kujawsko-pomorskie
85-831,Bydgoszcz,Bydgoszcz,Bydgoszcz,kujawsko-pomorskie
85-746,Bydgoszcz,Bydgoszcz,Bydgoszcz,kujawsko-pomorskie
85-122,Bydgoszcz,Bydgoszcz,Bydgoszcz,kujawsko-pomorskie
85-036,Bydgoszcz,Bydgoszcz,Bydgoszcz,kujawsko-pomorskie
85-165,Bydgoszcz,Bydgoszcz,Bydgoszcz,kujawsko-pomorskie
85-477,Bydgoszcz,Bydgoszcz,Bydgoszcz,kujawsko-pomorskie
85-168,Bydgoszcz,Bydgoszcz,Bydgoszcz,kujawsko-pomorskie
85-210,Bydgoszcz,Bydgoszcz,Bydgoszcz,kujawsko-pomorskie
85-059,Bydgoszcz,Bydgoszcz,Bydgoszcz,kujawsko-pomorskie
85-622,Bydgoszcz,Bydgoszcz,Bydgoszcz,kujawsko-pomorskie
85-161,Bydgoszcz,Bydgoszcz,Bydgoszcz,kujawsko-pomorskie
85-782,Bydgoszcz,Bydgoszcz,Bydgoszcz,kujawsko-pomorskie
85-828,Bydgoszcz,Bydgoszcz,Bydgoszcz,kujawsko-pomorskie
85-058,Bydgoszcz,Bydgoszcz,Bydgoszcz,kujawsko-pomorskie
85-320,Bydgoszcz,Bydgoszcz,Bydgoszcz,kujawsko-pomorskie
85-661,Bydgoszcz,Bydgoszcz,Bydgoszcz,kujawsko-pomorskie
85-144,Bydgoszcz,Bydgoszcz,Bydgoszcz,kujawsko-pomorskie
85-841,Bydgoszcz,Bydgoszcz,Bydgoszcz,kujawsko-pomorskie
85-751,Bydgoszcz,Bydgoszcz,Bydgoszcz,kujawsko-pomorskie
85-115,Bydgoszcz,Bydgoszcz,Bydgoszcz,kujawsko-pomorskie
85-458,Bydgoszcz,Bydgoszcz,Bydgoszcz,kujawsko-pomorskie
85-013,Bydgoszcz,Bydgoszcz,Bydgoszcz,kujawsko-pomorskie
85-772,Bydgoszcz,Bydgoszcz,Bydgoszcz,kujawsko-pomorskie
85-773,Bydgoszcz,Bydgoszcz,Bydgoszcz,kujawsko-pomorskie
85-388,Bydgoszcz,Bydgoszcz,Bydgoszcz,kujawsko-pomorskie
85-759,Bydgoszcz,Bydgoszcz,Bydgoszcz,kujawsko-pomorskie
85-778,Bydgoszcz,Bydgoszcz,Bydgoszcz,kujawsko-pomorskie
85-507,Bydgoszcz,Bydgoszcz,Bydgoszcz,kujawsko-pomorskie
85-200,Bydgoszcz,Bydgoszcz,Bydgoszcz,kujawsko-pomorskie
85-171,Bydgoszcz,Bydgoszcz,Bydgoszcz,kujawsko-pomorskie
85-824,Bydgoszcz,Bydgoszcz,Bydgoszcz,kujawsko-pomorskie
85-211,Bydgoszcz,Bydgoszcz,Bydgoszcz,kujawsko-pomorskie
85-779,Bydgoszcz,Bydgoszcz,Bydgoszcz,kujawsko-pomorskie
85-666,Bydgoszcz,Bydgoszcz,Bydgoszcz,kujawsko-pomorskie
85-188,Bydgoszcz,Bydgoszcz,Bydgoszcz,kujawsko-pomorskie
85-740,Bydgoszcz,Bydgoszcz,Bydgoszcz,kujawsko-pomorskie
85-509,Bydgoszcz,Bydgoszcz,Bydgoszcz,kujawsko-pomorskie
85-527,Bydgoszcz,Bydgoszcz,Bydgoszcz,kujawsko-pomorskie
85-891,Bydgoszcz,Bydgoszcz,Bydgoszcz,kujawsko-pomorskie
85-341,Bydgoszcz,Bydgoszcz,Bydgoszcz,kujawsko-pomorskie
85-528,Bydgoszcz,Bydgoszcz,Bydgoszcz,kujawsko-pomorskie
85-063,Bydgoszcz,Bydgoszcz,Bydgoszcz,kujawsko-pomorskie
85-685,Bydgoszcz,Bydgoszcz,Bydgoszcz,kujawsko-pomorskie
85-106,Bydgoszcz,Bydgoszcz,Bydgoszcz,kujawsko-pomorskie
85-510,Bydgoszcz,Bydgoszcz,Bydgoszcz,kujawsko-pomorskie
85-116,Bydgoszcz,Bydgoszcz,Bydgoszcz,kujawsko-pomorskie
85-148,Bydgoszcz,Bydgoszcz,Bydgoszcz,kujawsko-pomorskie
85-082,Bydgoszcz,Bydgoszcz,Bydgoszcz,kujawsko-pomorskie
85-519,Bydgoszcz,Bydgoszcz,Bydgoszcz,kujawsko-pomorskie
85-529,Bydgoszcz,Bydgoszcz,Bydgoszcz,kujawsko-pomorskie
85-545,Bydgoszcz,Bydgoszcz,Bydgoszcz,kujawsko-pomorskie
85-890,Bydgoszcz,Bydgoszcz,Bydgoszcz,kujawsko-pomorskie
85-139,Bydgoszcz,Bydgoszcz,Bydgoszcz,kujawsko-pomorskie
85-026,Bydgoszcz,Bydgoszcz,Bydgoszcz,kujawsko-pomorskie
85-847,Bydgoszcz,Bydgoszcz,Bydgoszcz,kujawsko-pomorskie
85-780,Bydgoszcz,Bydgoszcz,Bydgoszcz,kujawsko-pomorskie
38-500,Bykowce,Sanok,sanocki,podkarpackie
62-563,Bylew,Ślesin,koniński,wielkopolskie
76-107,Bylica,Postomino,sławieński,zachodniopomorskie
77-121,Bylina,Parchowo,bytowski,pomorskie
83-300,Bylowo-Leśnictwo,Kartuzy,kartuski,pomorskie
89-510,Bysław,Lubiewo,tucholski,kujawsko-pomorskie
38-300,Bystra,Gorlice,gorlicki,małopolskie
83-021,Bystra,Gdański,gdański,pomorskie
43-360,Bystra,Wilkowice,bielski,śląskie
34-235,Bystra,Bystra-Sidzina,suski,małopolskie
38-710,Bystre,Czarna,bieszczadzki,podkarpackie
37-418,Bystre,Krzeszów,niżański,podkarpackie
37-565,Bystrowice,Roźwienica,jarosławski,podkarpackie
12-150,Bystrz,Świętajno,szczycieński,warmińsko-mazurskie
82-213,Bystrze,Miłoradz,malborski,pomorskie
23-213,Bystrzyca,Zakrzówek,kraśnicki,lubelskie
57-500,Bystrzyca,Kłodzka,kłodzki,dolnośląskie
78-300,Bystrzyna,Świdwin,świdwiński,zachodniopomorskie
64-810,Byszewice,Kaczory,pilski,wielkopolskie
86-017,Byszewo,Koronowo,bydgoski,kujawsko-pomorskie
58-217,Byszów,Dzierżoniów,dzierżoniowski,dolnośląskie
62-090,Bytkowo,Rokietnica,poznański,wielkopolskie
47-208,Bytków,Wieś,kędzierzyńsko-,opolskie
41-909,Bytom,Bytom,Bytom,śląskie
41-902,Bytom,Bytom,Bytom,śląskie
41-923,Bytom,Bytom,Bytom,śląskie
41-905,Bytom,Bytom,Bytom,śląskie
41-907,Bytom,Bytom,Bytom,śląskie
41-936,Bytom,Bytom,Bytom,śląskie
41-910,Bytom,Bytom,Bytom,śląskie
41-935,Bytom,Bytom,Bytom,śląskie
41-906,Bytom,Bytom,Bytom,śląskie
41-914,Bytom,Bytom,Bytom,śląskie
41-933,Bytom,Bytom,Bytom,śląskie
66-614,Bytomiec,Maszewo,krośnieński,lubuskie
77-100,Bytów,Bytów,bytowski,pomorskie
22-230,Bytyń,Uhruska,włodawski,lubelskie
64-542,Bytyń,Kaźmierz,szamotulski,wielkopolskie
38-483,Bzianka,Rymanów,krośnieński,podkarpackie
22-302,Bzite,Krasnystaw,krasnostawski,lubelskie
76-251,Bzowo,Kobylnica,słupski,pomorskie
38-714,Caryńskie,Lutowiska,bieszczadzki,podkarpackie
67-240,Ceber,Kotla,głogowski,dolnośląskie
25-351,Cedzyna,Górno,kielecki,świętokrzyskie
05-250,Cegielnia,Radzymin,wołomiński,mazowieckie
06-500,Cegielnia,Kościelny,mławski,mazowieckie
62-068,Cegielsko,Rakoniewice,grodziski,wielkopolskie
05-319,Cegłów,Cegłów,miński,mazowieckie
97-200,Cekanów,Mazowiecki,tomaszowski,łódzkie
89-511,Cekcyn,Cekcyn,tucholski,kujawsko-pomorskie
08-470,Celejów,Wilga,garwoliński,mazowieckie
05-430,Celestynów,Celestynów,otwocki,mazowieckie
21-404,Celiny,Trzebieszów,łukowski,lubelskie
42-625,Celiny,Ożarowice,tarnogórski,śląskie
83-421,Celmerostwo,Skarszewy,starogardzki,pomorskie
58-173,Celów,Dobromierz,świdnicki,dolnośląskie
86-212,Cepno,Stolno,chełmiński,kujawsko-pomorskie
62-080,Ceradz,Podgórne,poznański,wielkopolskie
08-322,Ceranów,Ceranów,sokołowski,mazowieckie
26-652,Cerekiew,Zakrzew,radomski,mazowieckie
38-450,Cergowa,Dukla,krośnieński,podkarpackie
72-342,Cerkwica,Karnice,gryficki,zachodniopomorskie
37-523,Cetula,Wiązownica,jarosławski,podkarpackie
84-312,Cewice,Cewice,lęborski,pomorskie
37-632,Cewków,Dzików,lubaczowski,podkarpackie
76-015,Cewlino,Manowo,koszaliński,zachodniopomorskie
34-700,Chabówka,Rabka-Zdrój,nowotarski,małopolskie
88-342,Chabsko,Mogilno,mogileński,kujawsko-pomorskie
23-313,Chabudówka,Wielki,janowski,lubelskie
05-252,Chajęty,Dąbrówka,wołomiński,mazowieckie
87-606,Chalin,Wisłą,lipnowski,kujawsko-pomorskie
57-223,Chałupki,Ząbkowicki,ząbkowicki,dolnośląskie
37-200,Chałupki,Przeworsk,przeworski,podkarpackie
47-460,Chałupki,Krzyżanowice,raciborski,śląskie
37-305,Chałupki,Leżajsk,leżajski,podkarpackie
84-120,Chałupy,Władysławowo,pucki,pomorskie
62-430,Charbin,Powidz,słupecki,wielkopolskie
28-520,Charbinowice,Opatowiec,kazimierski,świętokrzyskie
21-077,Charlęż,Spiczyn,łęczyński,lubelskie
76-270,Charnowo,Ustka,słupski,pomorskie
72-311,Charnowo,Płoty,gryficki,zachodniopomorskie
32-250,Charsznica,Charsznica,miechowski,małopolskie
66-436,Chartów,Słońsk,sulęciński,lubuskie
18-525,Charubin,Turośl,kolneński,podlaskie
37-543,Charytany,Laszki,jarosławski,podkarpackie
29-130,Chebdzie,Moskorzew,włoszczowski,świętokrzyskie
44-172,Chechło,Rudziniec,gliwicki,śląskie
55-320,Chełm,Malczyce,średzki,dolnośląskie
22-100,Chełm,Chełm,Chełm,lubelskie
32-744,Chełm,Bochnia,bocheński,małopolskie
41-403,Chełm,Śląski,bieruńsko-lędziński,śląskie
32-660,Chełmek,Chełmek,oświęcimski,małopolskie
68-219,Chełmica,Tuplice,żarski,lubuskie
66-340,Chełmicko,Przytoczna,międzyrzecki,lubuskie
64-550,Chełminko,Duszniki,szamotulski,wielkopolskie
58-407,Chełmsko,Lubawka,kamiennogórski,dolnośląskie
73-210,Chełpina,Recz,choszczeński,zachodniopomorskie
64-733,Chełst,Drawsko,czarnkowsko-,wielkopolskie
09-451,Chełstowo,Radzanowo,płocki,mazowieckie
06-230,Chełsty,Różan,makowski,mazowieckie
08-404,Chęciny,Górzno,garwoliński,mazowieckie
28-131,Chinków,Solec-Zdrój,buski,świętokrzyskie
05-191,Chlebiotki,Nasielsk,nowodworski,mazowieckie
38-460,Chlebna,Jedlicze,krośnieński,podkarpackie
05-825,Chlebnia,Mazowiecki,grodziski,mazowieckie
89-310,Chlebno,Łobżenica,pilski,wielkopolskie
74-107,Chlebowo,Gryfino,gryfiński,zachodniopomorskie
96-127,Chlebów,Reymontowskie,skierniewicki,łódzkie
74-406,Chlewice,Boleszkowice,myśliborski,zachodniopomorskie
37-610,Chlewiska,Narol,lubaczowski,podkarpackie
76-230,Chlewnica,Potęgowo,słupski,pomorskie
98-215,Chlewo,Goszczanów,sieradzki,łódzkie
62-001,Chludowo,Las,poznański,wielkopolskie
62-230,Chłądowo,Witkowo,gnieźnieński,wielkopolskie
89-410,Chłopigozd-Gajówka,Więcbork,sępoleński,kujawsko-pomorskie
66-429,Chłopiny,Lubiszyn,gorzowski,lubuskie
22-463,Chłopków,Frampol,biłgorajski,lubelskie
23-440,Chłopków,Frampol,biłgorajski,lubelskie
08-210,Chłopków,Platerów,łosicki,mazowieckie
74-300,Chłopowo,Myślibórz,myśliborski,zachodniopomorskie
78-444,Chłopowo,Barwice,szczecinecki,zachodniopomorskie
37-403,Chłopska,Pysznica,stalowowolski,podkarpackie
76-034,Chłopy,Mielno,koszaliński,zachodniopomorskie
23-114,Chmiel,Jabłonna,lubelski,lubelskie
32-043,Chmielarze,Skała,krakowski,małopolskie
23-412,Chmielek,Łukowa,biłgorajski,lubelskie
59-623,Chmieleń,Lubomierz,lwówecki,dolnośląskie
86-014,Chmielewo,Sicienko,bydgoski,kujawsko-pomorskie
78-550,Chmielewo,Czaplinek,drawski,zachodniopomorskie
08-331,Chmielnik,Sabnie,sokołowski,mazowieckie
86-060,Chmielniki,Wielka,bydgoski,kujawsko-pomorskie
89-400,Chmielniki,Krajeńskie,sępoleński,kujawsko-pomorskie
83-333,Chmielno,Chmielno,kartuski,pomorskie
39-442,Chmielów,Dęba,tarnobrzeski,podkarpackie
98-400,Chobanin,Wieruszów,wieruszowski,łódzkie
59-340,Chobienia,Rudna,lubiński,dolnośląskie
64-214,Chobienice,Siedlec,wolsztyński,wielkopolskie
32-007,Chobot,Niepołomice,wielicki,małopolskie
19-120,Chobotki,Knyszyn,moniecki,podlaskie
34-513,Chochołów,Dunajec,nowotarski,małopolskie
46-280,Chocianowice,Wielkie,kluczborski,opolskie
59-145,Chocianowiec,Chocianów,polkowicki,dolnośląskie
74-304,Chocień,Pomorski,myśliborski,zachodniopomorskie
57-322,Chocieszów,Szczytna,kłodzki,dolnośląskie
48-200,Chocim,Prudnik,prudnicki,opolskie
09-150,Chociszewo,Wisłą,płoński,mazowieckie
62-285,Chociszewo,Skoki,wągrowiecki,wielkopolskie
66-200,Chociule,Świebodzin,świebodziński,lubuskie
09-228,Choczeń,Mochowo,sierpecki,mazowieckie
34-123,Chocznia,Wadowice,wadowicki,małopolskie
37-306,Chodaczów,Dolne,leżajski,podkarpackie
96-503,Chodakówek,Sochaczew,sochaczewski,mazowieckie
37-206,Chodakówka,Kańczuga,przeworski,podkarpackie
33-325,Chodorowa,Grybów,nowosądecki,małopolskie
08-119,Chodów,Siedlce,siedlecki,mazowieckie
22-664,Chodywańce,Jarczów,tomaszowski,lubelskie
64-800,Chodzież,Chodzież,chodzieski,wielkopolskie
08-441,Choiny,Parysów,garwoliński,mazowieckie
05-326,Choiny,Poświętne,wołomiński,mazowieckie
18-208,Chojane-Bąki,Kościelne,wysokomazowiecki,podlaskie
62-132,Chojna,Gołańcz,wągrowiecki,wielkopolskie
19-311,Chojniak,Ełk,ełcki,warmińsko-mazurskie
89-600,Chojnice,Chojnice,chojnicki,pomorskie
33-180,Chojnik,Gromnik,tarnowski,małopolskie
87-602,Chojno,Chrostkowo,lipnowski,kujawsko-pomorskie
63-921,Chojno,Pakosław,rawicki,wielkopolskie
22-133,Chojno,Siedliszcze,chełmski,lubelskie
37-430,Cholewiana,Jeżowe,niżański,podkarpackie
18-315,Cholewy-Kołomyja,Kościelne,zambrowski,podlaskie
62-052,Chomęcice,Komorniki,poznański,wielkopolskie
66-520,Chomętowo,Dobiegniew,strzelecko-drezdenecki,lubuskie
33-394,Chomranice,Chełmiec,nowosądecki,małopolskie
87-148,Chorab,Łysomice,toruński,kujawsko-pomorskie
22-600,Chorążanka,Lubelski,tomaszowski,lubelskie
33-240,Chorążec,Żabno,tarnowski,małopolskie
98-410,Chorobel,Czastary,wieruszowski,łódzkie
42-360,Choroń,Poraj,myszkowski,śląskie
47-316,Chorula,Gogolin,krapkowicki,opolskie
39-331,Chorzelów,Mielec,mielecki,podkarpackie
37-560,Chorzów,Roźwienica,jarosławski,podkarpackie
41-503,Chorzów,Chorzów,Chorzów,śląskie
41-500,Chorzów,Chorzów,Chorzów,śląskie
41-506,Chorzów,Chorzów,Chorzów,śląskie
41-516,Chorzów,Chorzów,Chorzów,śląskie
05-320,Choszcze,Mrozy,miński,mazowieckie
05-123,Chotomów,Jabłonna,legionowski,mazowieckie
39-217,Chotowa,Czarna,dębicki,podkarpackie
37-611,Chotylub,Cieszanów,lubaczowski,podkarpackie
21-530,Chotyłów,Piszczac,bialski,lubelskie
34-470,Chraca,Dunajec,nowotarski,małopolskie
27-630,Chrapanów,Zawichost,sandomierski,świętokrzyskie
62-730,Chrapczew,Dobra,turecki,wielkopolskie
64-316,Chraplewo,Kuślin,nowotomyski,wielkopolskie
38-709,Chrewt,Czarna,bieszczadzki,podkarpackie
22-110,Chromówka,Ruda-Huta,chełmski,lubelskie
32-720,Chronów,Wiśnicz,bocheński,małopolskie
09-162,Chrościn,Dzierzążnia,płoński,mazowieckie
13-304,Chrośle,Bratian,nowomiejski,warmińsko-mazurskie
86-050,Chrośna,Kujawski,bydgoski,kujawsko-pomorskie
64-335,Chrośnica,Zbąszyń,nowotomyski,wielkopolskie
47-280,Chrósty,Pawłowiczki,kędzierzyńsko-,opolskie
46-080,Chróścice,Wielki,opolski,opolskie
48-130,Chróścielów,Kietrz,głubczycki,opolskie
46-073,Chróścina,Dąbrowa,opolski,opolskie
64-606,Chrustowo,Oborniki,obornicki,wielkopolskie
42-456,Chruszczobród,Łazy,zawierciański,śląskie
26-806,Chruściechów,Błotnica,białobrzeski,mazowieckie
14-526,Chruściel,Płoskinia,braniewski,warmińsko-mazurskie
05-205,Chruściele,Dąbrówka,wołomiński,mazowieckie
86-105,Chrystkowo,Świecie,świecki,kujawsko-pomorskie
23-305,Chrzanów,Chrzanów,janowski,lubelskie
24-130,Chrząchów,Końskowola,puławski,lubelskie
55-003,Chrząstawa,Czernica,wrocławski,dolnośląskie
46-053,Chrząstowice,Chrząstowice,opolski,opolskie
46-060,Chrząszczyce,Prószków,opolski,opolskie
83-420,Chrztowo,Liniewo,kościerski,pomorskie
76-113,Chudaczewko,Postomino,sławieński,zachodniopomorskie
78-600,Chude,Wałcz,wałecki,zachodniopomorskie
46-275,Chudoba,Wielkie,kluczborski,opolskie
44-177,Chudów,Gierałtowice,gliwicki,śląskie
66-415,Chwalęcice,Kłodawa,gorzowski,lubuskie
58-230,Chwalęcin,Niemcza,dzierżoniowski,dolnośląskie
62-323,Chwalibogowo,Września,wrzesiński,wielkopolskie
66-120,Chwalim,Kargowa,zielonogórski,lubuskie
78-461,Chwalimki,Barwice,szczecinecki,zachodniopomorskie
63-750,Chwaliszew,Krotoszyn,krotoszyński,wielkopolskie
58-312,Chwaliszów,Bogaczowice,wałbrzyski,dolnośląskie
27-600,Chwałki,Obrazów,sandomierski,świętokrzyskie
62-262,Chwałkówko,Łubowo,gnieźnieński,wielkopolskie
73-151,Chwarstno,Węgorzyno,łobeski,zachodniopomorskie
80-209,Chwaszczyno,Żukowo,kartuski,pomorskie
78-627,Chwiram,Wałcz,wałecki,zachodniopomorskie
43-520,Chybie,Chybie,cieszyński,śląskie
05-510,Chylice,Piaseczno,piaseczyński,mazowieckie
05-500,Chylice-Pólko,Piaseczno,piaseczyński,mazowieckie
84-251,Chynowie,Gniewino,wejherowski,pomorskie
72-514,Chynowo,Wolin,kamieński,zachodniopomorskie
69-113,Chyrzyno,Górzyca,słubicki,lubuskie
34-643,Chyszówki,Dobra,limanowski,małopolskie
34-481,Chyżne,Jabłonka,nowotarski,małopolskie
78-500,Cianowo,Pomorskie,drawski,zachodniopomorskie
42-793,Ciasna,Ciasna,lubliniecki,śląskie
42-458,Ciągowice,Łazy,zawierciański,śląskie
62-404,Ciążeń,Lądek,słupecki,wielkopolskie
64-710,Ciążyń,Czarnków,czarnkowsko-,wielkopolskie
16-075,Cibory,Zawady,białostocki,podlaskie
66-213,Cibórz,Skąpe,świebodziński,lubuskie
06-440,Cichawy,Sońsk,ciechanowski,mazowieckie
87-133,Cichoradz,Wielka,toruński,kujawsko-pomorskie
21-210,Cichostów,Milanów,parczewski,lubelskie
21-010,Ciechanki,Łęczna,łęczyński,lubelskie
58-410,Ciechanowice,Marciszów,kamiennogórski,dolnośląskie
06-413,Ciechanów,Ciechanów,ciechanowski,mazowieckie
06-410,Ciechanów,Ciechanów,ciechanowski,mazowieckie
87-645,Ciechanówek,Zbójno,golubsko-dobrzyński,kujawsko-pomorskie
87-408,Ciechocin,Ciechocin,golubsko-dobrzyński,kujawsko-pomorskie
87-720,Ciechocinek,Ciechocinek,aleksandrowski,kujawsko-pomorskie
83-207,Ciecholewy,Gdański,starogardzki,pomorskie
47-442,Ciechowice,Nędza,raciborski,śląskie
06-232,Cieciórki,Czerwonka,makowski,mazowieckie
67-300,Cieciszów,Szprotawa,żagański,lubuskie
38-222,Cieklin,Dębowiec,jasielski,podkarpackie
26-242,Cieklińsko,Maleniecka,konecki,świętokrzyskie
21-504,Cieleśnica,Rokitno,bialski,lubelskie
37-717,Ciemięrzowice,Orły,przemyski,podkarpackie
78-446,Ciemino,Sulinowo,szczecinecki,zachodniopomorskie
73-140,Ciemnik,Ińsko,stargardzki,zachodniopomorskie
77-134,Ciemno,Tuchomie,bytowski,pomorskie
33-333,Cieniawa,Grybów,nowosądecki,małopolskie
55-114,Cienin,Mała,trzebnicki,dolnośląskie
07-214,Cieńsza,Zatory,pułtuski,mazowieckie
06-220,Ciepielewo,Szelków,makowski,mazowieckie
49-120,Ciepielowice,Dąbrowa,opolski,opolskie
67-100,Ciepielów,Sól,nowosolski,lubuskie
83-031,Cieplewo,Gdański,gdański,pomorskie
37-534,Cieplice,Adamówka,przeworski,podkarpackie
57-130,Cierpice,Przeworno,strzeliński,dolnośląskie
08-140,Cierpigórz,Przesmyki,siedlecki,mazowieckie
37-124,Cierpisz,Łańcut,łańcucki,podkarpackie
39-123,Cierpisz,Małopolski,ropczycko-,podkarpackie
37-205,Cieszacin,Pawłosiów,jarosławski,podkarpackie
37-500,Cieszacin,Pawłosiów,jarosławski,podkarpackie
09-303,Cieszki,Lubowidz,żuromiński,mazowieckie
58-160,Cieszów,Bogaczowice,wałbrzyski,dolnośląskie
62-865,Cieszyków,Szczytniki,kaliski,wielkopolskie
43-400,Cieszyn,Cieszyn,cieszyński,śląskie
38-125,Cieszyna,Frysztak,strzyżowski,podkarpackie
87-423,Cieszyny,Golub-Dobrzyń,golubsko-dobrzyński,kujawsko-pomorskie
34-350,Cięcina,Górka,żywiecki,śląskie
05-200,Cięciwa,Wołomin,wołomiński,mazowieckie
47-260,Ciężkowice,Cerekiew,kędzierzyńsko-,opolskie
66-131,Cigacice,Sulechów,zielonogórski,lubuskie
74-105,Ciosna,Gryfino,gryfiński,zachodniopomorskie
21-143,Ciotcza,Abramów,lubartowski,lubelskie
22-672,Ciotusza,Susiec,tomaszowski,lubelskie
05-254,Cisie,Dąbrówka,wołomiński,mazowieckie
05-155,Cisowe,Leoncin,nowodworski,mazowieckie
26-212,Cisownik,Smyków,konecki,świętokrzyskie
97-221,Cisów,Rokiciny,tomaszowski,łódzkie
82-200,Cisy,Malbork,malborski,pomorskie
36-105,Cmolas,Cmolas,kolbuszowski,podkarpackie
89-665,Cołdanki,Chojnice,chojnicki,pomorskie
21-580,Curyn,Wisznice,bialski,lubelskie
82-100,Cyganek,Gdański,nowodworski,pomorskie
24-204,Cyganówka,Wojciechów,lubelski,lubelskie
64-930,Cyk,Szydłowo,pilski,wielkopolskie
42-231,Cykarzew,Mykanów,częstochowski,śląskie
64-061,Cykowo,Kamieniec,grodziski,wielkopolskie
42-350,Cynków,Koziegłowy,myszkowski,śląskie
47-480,Cyprzanów,Wielkie,raciborski,śląskie
08-113,Czachy,Domanice,siedlecki,mazowieckie
58-400,Czadrów,Góra,kamiennogórski,dolnośląskie
39-332,Czajkowa,Narodowy,mielecki,podkarpackie
62-812,Czajków,Blizanów,kaliski,wielkopolskie
63-524,Czajków,Czajków,ostrzeszowski,wielkopolskie
28-200,Czajków,Staszów,staszowski,świętokrzyskie
43-354,Czaniec,Porąbka,bielski,śląskie
86-107,Czapelki,Świecie,świecki,kujawsko-pomorskie
59-524,Czaple,Pielgrzymka,złotoryjski,dolnośląskie
80-298,Czaple,Żukowo,kartuski,pomorskie
76-022,Czaple,Świeszyno,koszaliński,zachodniopomorskie
46-200,Czaple,Kluczbork,kluczborski,opolskie
72-343,Czaplice,Karnice,gryficki,zachodniopomorskie
95-002,Czaplinek,Zgierz,zgierski,łódzkie
64-125,Czarkowo,Poniec,gostyński,wielkopolskie
12-100,Czarkowy,Szczytno,szczycieński,warmińsko-mazurskie
43-211,Czarków,Pszczyna,pszczyński,śląskie
83-406,Czarlina,Kościerzyna,kościerski,pomorskie
66-003,Czarna,Zabór,zielonogórski,lubuskie
37-125,Czarna,Czarna,łańcucki,podkarpackie
77-125,Czarna,Studzienice,bytowski,pomorskie
72-123,Czarna,Goleniów,goleniowski,zachodniopomorskie
83-262,Czarna,Woda,starogardzki,pomorskie
83-407,Czarne,Kościerzyna,kościerski,pomorskie
77-205,Czarnica,Miastko,bytowski,pomorskie
73-121,Czarnkowo,Marianowo,stargardzki,zachodniopomorskie
47-150,Czarnocin,Leśnica,strzelecki,opolskie
66-522,Czarnolesie,Dobiegniew,strzelecko-drezdenecki,lubuskie
22-120,Czarnołozy,Wojsławice,chełmski,lubelskie
38-420,Czarnorzeki,Korczyna,krośnieński,podkarpackie
63-020,Czarnotki,Zaniemyśl,średzki,wielkopolskie
08-107,Czarnoty,Paprotnia,siedlecki,mazowieckie
66-633,Czarnowice,Gubin,krośnieński,lubuskie
98-310,Czarnożyły,Czarnożyły,wieluński,łódzkie
86-031,Czarnówczyn,Osielsko,bydgoski,kujawsko-pomorskie
63-330,Czarnuszka,Dobrzyca,pleszewski,wielkopolskie
21-075,Czarny,Ludwin,łęczyński,lubelskie
84-103,Czarny,Puck,pucki,pomorskie
33-390,Czarny,Łącko,nowosądecki,małopolskie
83-213,Czarnylas,Skórcz,starogardzki,pomorskie
22-455,Czartoria,Miączyn,zamojski,lubelskie
22-630,Czartowczyk,Tyszowce,tomaszowski,lubelskie
66-530,Czartowo,Drezdenko,strzelecko-drezdenecki,lubuskie
66-435,Czartów,Krzeszyce,sulęciński,lubuskie
38-516,Czaszyn,Zagórz,sanocki,podkarpackie
42-310,Czatachowa,Żarki,myszkowski,śląskie
83-042,Cząstkowo,Wielkie,gdański,pomorskie
08-205,Czeberaki,Kornica,łosicki,mazowieckie
62-242,Czechowo,Niechanowo,gnieźnieński,wielkopolskie
32-406,Czechówka,Siepraw,myślenicki,małopolskie
58-115,Czechy,Śląska,świdnicki,dolnośląskie
78-450,Czechy,Grzmiąca,szczecinecki,zachodniopomorskie
87-220,Czeczewo,Chełmiński,grudziądzki,kujawsko-pomorskie
83-304,Czeczewo,Przodkowo,kartuski,pomorskie
84-208,Czeczewo,Przodkowo,kartuski,pomorskie
74-312,Czeczewo,Myślibórz,myśliborski,zachodniopomorskie
38-223,Czekaj,Jasielski,jasielski,podkarpackie
42-677,Czekanów,Zbrosławice,tarnogórski,śląskie
41-253,Czeladź,Czeladź,będziński,śląskie
41-250,Czeladź,Czeladź,będziński,śląskie
37-562,Czelatyce,Rokietnica,jarosławski,podkarpackie
74-505,Czelin,Mieszkowice,gryfiński,zachodniopomorskie
49-314,Czepielowice,Lubsza,brzeski,opolskie
21-518,Czeputka,Sosnówka,bialski,lubelskie
37-530,Czerce,Sieniawa,przeworski,podkarpackie
38-485,Czeremcha,Jaśliska,krośnieński,podkarpackie
38-245,Czermna,Szerzyny,tarnowski,małopolskie
72-204,Czermnica,Nowogard,goleniowski,zachodniopomorskie
32-065,Czerna,Krzeszowice,krakowski,małopolskie
88-321,Czerniak,Mogilno,mogileński,kujawsko-pomorskie
58-521,Czernica,Sudecki,karkonoski,dolnośląskie
44-282,Czernica,Gaszowice,rybnicki,śląskie
77-411,Czernice,Zakrzewo,złotowski,wielkopolskie
32-070,Czernichów,Czernichów,krakowski,małopolskie
34-311,Czernichów,Czernichów,żywiecki,śląskie
59-300,Czerniec,Lubin,lubiński,dolnośląskie
23-465,Czernięcin,Turobin,biłgorajski,lubelskie
78-112,Czernin,Dygowo,kołobrzeski,zachodniopomorskie
57-221,Czerńczyce,Ziębice,ząbkowicki,dolnośląskie
44-230,Czerwionka-,Czerwionka-Leszczyny,rybnicki,śląskie
44-238,Czerwionka-,Czerwionka-Leszczyny,rybnicki,śląskie
26-140,Czerwona,Łączna,skarżyski,świętokrzyskie
59-942,Czerwona,Węgliniec,zgorzelecki,dolnośląskie
62-004,Czerwonak,Czerwonak,poznański,wielkopolskie
48-133,Czerwonków,Baborów,głubczycki,opolskie
16-413,Czerwony,Suwałki,suwalski,podlaskie
49-332,Czeska,Olszanka,brzeski,opolskie
83-400,Częstkowo,Kościerzyna,kościerski,pomorskie
42-216,Częstochowa,Częstochowa,Częstochowa,śląskie
42-229,Częstochowa,Częstochowa,Częstochowa,śląskie
42-208,Częstochowa,Częstochowa,Częstochowa,śląskie
42-280,Częstochowa,Częstochowa,Częstochowa,śląskie
42-218,Częstochowa,Częstochowa,Częstochowa,śląskie
42-224,Częstochowa,Częstochowa,Częstochowa,śląskie
42-202,Częstochowa,Częstochowa,Częstochowa,śląskie
42-217,Częstochowa,Częstochowa,Częstochowa,śląskie
42-207,Częstochowa,Częstochowa,Częstochowa,śląskie
42-226,Częstochowa,Częstochowa,Częstochowa,śląskie
42-271,Częstochowa,Częstochowa,Częstochowa,śląskie
42-215,Częstochowa,Częstochowa,Częstochowa,śląskie
42-221,Częstochowa,Częstochowa,Częstochowa,śląskie
42-209,Częstochowa,Częstochowa,Częstochowa,śląskie
76-214,Człuchy,Smołdzino,słupski,pomorskie
18-312,Czochanie-Góra,Rutki,zambrowski,podlaskie
78-445,Czochryń,Sulinowo,szczecinecki,zachodniopomorskie
34-440,Czorsztyn,Czorsztyn,nowotarski,małopolskie
77-320,Czosnowo,Przechlewo,człuchowski,pomorskie
42-284,Cztery,Herby,lubliniecki,śląskie
32-049,Czubrowice,Jerzmanowice-Przeginia,krakowski,małopolskie
22-106,Czułczyce,Sawin,chełmski,lubelskie
32-061,Czułówek,Czernichów,krakowski,małopolskie
32-112,Czuszów,Pałecznica,proszowicki,małopolskie
19-314,Czyńcze,Kalinowo,ełcki,warmińsko-mazurskie
88-181,Czyste,Inowrocław,inowrocławski,kujawsko-pomorskie
08-400,Czyszkówek,Garwolin,garwoliński,mazowieckie
64-551,Czyściec,Kaźmierz,szamotulski,wielkopolskie
17-207,Czyże,Czyże,hajnowski,podlaskie
62-573,Czyżew,Rychwał,koniński,wielkopolskie
44-352,Czyżowice,Gorzyce,wodzisławski,śląskie
26-025,Czyżów,Łagów,kielecki,świętokrzyskie
20-388,Ćmiłów,Głusk,lubelski,lubelskie
43-229,Ćwiklice,Pszczyna,pszczyński,śląskie
33-264,Ćwików,Olesno,dąbrowski,małopolskie
56-504,Dalborowice,Kłoda,oleśnicki,dolnośląskie
07-211,Dalekie,Długosiodło,wyszkowski,mazowieckie
59-180,Dalków,Gaworzyce,polkowicki,dolnośląskie
47-330,Dalnie,Zdzieszowice,krapkowicki,opolskie
16-326,Dalny,Płaska,augustowski,podlaskie
83-113,Dalwin,Tczew,tczewski,pomorskie
62-110,Damasławek,Damasławek,wągrowiecki,wielkopolskie
83-209,Damaszka,Tczew,tczewski,pomorskie
55-340,Damianowo,Udanin,średzki,dolnośląskie
62-104,Danabórz,Wągrowiec,wągrowiecki,wielkopolskie
43-331,Dankowice,Wilamowice,bielski,śląskie
42-160,Dankowice,Krzepice,kłobucki,śląskie
42-161,Dankowice-Piaski,Krzepice,kłobucki,śląskie
78-531,Danowice,Wierzchowo,drawski,zachodniopomorskie
22-220,Dańce,Hanna,włodawski,lubelskie
57-343,Dańczów,Kłodzki,kłodzki,dolnośląskie
72-510,Dargobądz,Wolin,kamieński,zachodniopomorskie
78-120,Dargocice,Gościno,kołobrzeski,zachodniopomorskie
72-316,Dargomyśl,Małe,łobeski,zachodniopomorskie
76-153,Darłowo,Darłowo,sławieński,zachodniopomorskie
37-734,Darowice,Fredropol,przemyski,podkarpackie
24-320,Darowne,Lubelskie,opolski,lubelskie
72-518,Darzowice,Wolin,kamieński,zachodniopomorskie
84-342,Darżewo,Lęborska,lęborski,pomorskie
99-107,Daszyna,Daszyna,łęczycki,łódzkie
21-205,Dawidy,Jabłoń,parczewski,lubelskie
05-090,Dawidy,Raszyn,pruszkowski,mazowieckie
87-815,Dąb,Włocławek,włocławski,kujawsko-pomorskie
06-561,Dąbek,Stupsk,mławski,mazowieckie
59-230,Dąbie,Prochowice,legnicki,dolnośląskie
39-311,Dąbie,Wielki,mielecki,podkarpackie
62-570,Dąbroszyn,Rychwał,koniński,wielkopolskie
89-430,Dąbrowa,Krajeński,sępoleński,kujawsko-pomorskie
33-311,Dąbrowa,Chełmiec,nowosądecki,małopolskie
08-109,Dąbrowa,Przesmyki,siedlecki,mazowieckie
05-092,Dąbrowa,warszawski,zachodni,mazowieckie
07-205,Dąbrowa,Rząśnik,wyszkowski,mazowieckie
46-211,Dąbrowa,Kluczbork,kluczborski,opolskie
83-441,Dąbrowa,Karsin,kościerski,pomorskie
84-106,Dąbrowa,Krokowa,pucki,pomorskie
14-204,Dąbrowa,Iława,iławski,warmińsko-mazurskie
62-237,Dąbrowa,Trzemeszno,gnieźnieński,wielkopolskie
64-360,Dąbrowa,Zbąszyń,nowotomyski,wielkopolskie
62-069,Dąbrowa,Dopiewo,poznański,wielkopolskie
26-414,Dąbrowa,Potworów,przysuski,mazowieckie
42-520,Dąbrowa,Dąbrowa,Górnicza,śląskie
41-300,Dąbrowa,Dąbrowa,Górnicza,śląskie
41-303,Dąbrowa,Dąbrowa,Górnicza,śląskie
42-530,Dąbrowa,Dąbrowa,Górnicza,śląskie
42-523,Dąbrowa,Dąbrowa,Górnicza,śląskie
26-613,Dąbrowa,Jastrzębia,radomski,mazowieckie
72-200,Dąbrowa,Nowogard,goleniowski,zachodniopomorskie
22-604,Dąbrowa,Tarnawatka,tomaszowski,lubelskie
23-200,Dąbrowa-Bór,Kraśnik,kraśnicki,lubelskie
18-210,Dąbrowa-Bybytki,Szepietowo,wysokomazowiecki,podlaskie
21-008,Dąbrowica,Jastków,lubelski,lubelskie
37-303,Dąbrowica,Kuryłówka,leżajski,podkarpackie
28-350,Dąbrowica,Słupia,jędrzejowski,świętokrzyskie
96-124,Dąbrowice,Maków,skierniewicki,łódzkie
14-107,Dąbrowo,Grunwald,ostródzki,warmińsko-mazurskie
87-632,Dąbrówka,Czernikowo,toruński,kujawsko-pomorskie
23-423,Dąbrówka,Górny,biłgorajski,lubelskie
66-133,Dąbrówka,Kargowa,zielonogórski,lubuskie
34-146,Dąbrówka,Stryszów,wadowicki,małopolskie
38-211,Dąbrówka,Brzyska,jasielski,podkarpackie
83-135,Dąbrówka,Gniew,tczewski,pomorskie
63-900,Dąbrówka,Rawicz,rawicki,wielkopolskie
46-034,Dąbrówka,Pokój,namysłowski,opolskie
32-822,Dąbrówka,Szczurowa,brzeski,małopolskie
36-065,Dąbrówka,Dynów,rzeszowski,podkarpackie
33-115,Dąbrówka,Pleśna,tarnowski,małopolskie
83-111,Dąbrówka,Tczew,tczewski,pomorskie
95-100,Dąbrówka,Zgierz,zgierski,łódzkie
84-218,Dąbrówka,Łęczyce,wejherowski,pomorskie
39-315,Dąbrówka,Wielki,mielecki,podkarpackie
37-100,Dąbrówki,Czarna,łańcucki,podkarpackie
33-270,Demblin,Wietrzychowice,tarnowski,małopolskie
11-320,Derc,Jeziorany,olsztyński,warmińsko-mazurskie
07-201,Deskurów,Wyszków,wyszkowski,mazowieckie
22-448,Deszkowice,Sułów,zamojski,lubelskie
22-413,Deszkowice-Kolonia,Nielisz,zamojski,lubelskie
26-650,Dęba,Przytyk,radomski,mazowieckie
39-200,Dębica,Dębica,dębicki,podkarpackie
87-853,Dębice,Włocławek,włocławski,kujawsko-pomorskie
74-240,Dębiec,Lipiany,pyrzycki,zachodniopomorskie
13-220,Dębień,Rybno,działdowski,warmińsko-mazurskie
23-251,Dębina,Dzierzkowice,kraśnicki,lubelskie
22-244,Dębina,Brus,włodawski,lubelskie
32-830,Dębina,Wojnicz,tarnowski,małopolskie
89-412,Dębiny,Sośno,sępoleński,kujawsko-pomorskie
63-904,Dębionka,Pakosław,rawicki,wielkopolskie
84-110,Dębki,Krokowa,pucki,pomorskie
08-530,Dęblin,Dęblin,rycki,lubelskie
38-503,Dębna,Sanok,sanocki,podkarpackie
46-113,Dębnik,Wilków,namysłowski,opolskie
32-852,Dębno,Dębno,brzeski,małopolskie
32-854,Dębno,Dębno,brzeski,małopolskie
34-434,Dębno,Targ,nowotarski,małopolskie
74-400,Dębno,Dębno,myśliborski,zachodniopomorskie
83-423,Dębogóry,Kościerzyna,kościerski,pomorskie
81-198,Dębogórze,Kosakowo,pucki,pomorskie
84-230,Dębogórze-Wybudowanie,Kosakowo,pucki,pomorskie
78-607,Dębołęka,Wałcz,wałecki,zachodniopomorskie
39-225,Dęborzyn,Jodłowa,dębicki,podkarpackie
72-015,Dębostrów,Police,policki,zachodniopomorskie
87-207,Dębowa,Łąka,wąbrzeski,kujawsko-pomorskie
67-400,Dębowa,Wschowa,wschowski,lubuskie
62-641,Dębowiczki,Olszówka,kolski,wielkopolskie
22-420,Dębowiec,Skierbieszów,zamojski,lubelskie
66-307,Dębowiec,Bledzew,międzyrzecki,lubuskie
38-220,Dębowiec,Dębowiec,jasielski,podkarpackie
43-426,Dębowiec,Dębowiec,cieszyński,śląskie
87-340,Dębowo,Osiek,brodnicki,kujawsko-pomorskie
06-460,Dębowo,Grudusk,ciechanowski,mazowieckie
62-214,Dębówiec,Gniezno,gnieźnieński,wielkopolskie
20-823,Dębówka,Jastków,lubelski,lubelskie
89-334,Dębówko,Białośliwie,pilski,wielkopolskie
22-680,Dęby,Królewska,tomaszowski,lubelskie
07-437,Dęby,Łyse,ostrołęcki,mazowieckie
63-913,Dłoń,Górka,rawicki,wielkopolskie
62-097,Długa,Goślina,poznański,wielkopolskie
05-071,Długa,Halinów,miński,mazowieckie
62-820,Długa,Stawiszyn,kaliski,wielkopolskie
64-100,Długie,Święciechowa,leszczyński,wielkopolskie
72-220,Długołęka,Nowogard,goleniowski,zachodniopomorskie
06-231,Długołęka,Młynarze,makowski,mazowieckie
34-471,Długopole,Targ,nowotarski,małopolskie
57-520,Długopole,Kłodzka,kłodzki,dolnośląskie
64-980,Dłużewo,Trzcianka,czarnkowsko-,wielkopolskie
62-213,Dobiejewo,Mieleszyn,gnieźnieński,wielkopolskie
76-031,Dobiesławiec,Będzino,koszaliński,zachodniopomorskie
88-170,Dobieszewice,Janikowo,inowrocławski,kujawsko-pomorskie
42-584,Dobieszowice,Bobrowniki,będziński,śląskie
37-554,Dobkowice,Chłopice,jarosławski,podkarpackie
57-241,Doboszowice,Ząbkowicki,ząbkowicki,dolnośląskie
34-642,Dobra,Dobra,limanowski,małopolskie
47-364,Dobra,Strzeleczki,krapkowicki,opolskie
32-125,Dobranowice,Igołomia-Wawrzeńczyce,krakowski,małopolskie
21-509,Dobratycze,Kodeń,bialski,lubelskie
87-522,Dobre,Brzuze,rypiński,kujawsko-pomorskie
39-220,Dobrków,Pilzno,dębicki,podkarpackie
32-862,Dobrociesz,Iwkowa,brzeski,małopolskie
58-200,Dobrocin,Dzierżoniów,dzierżoniowski,dolnośląskie
78-609,Dobrogoszcz,Wałcz,wałecki,zachodniopomorskie
42-425,Dobrogoszczyce,Kroczyce,zawierciański,śląskie
66-443,Dobrojewo,Skwierzyna,międzyrzecki,lubuskie
22-200,Dobropol,Wyryki,włodawski,lubelskie
72-511,Dobropole,Wolin,kamieński,zachodniopomorskie
48-231,Dobroszewice,Lubrza,prudnicki,opolskie
39-322,Dobrynin,Przecław,mielecki,podkarpackie
38-122,Dobrzechów,Strzyżów,strzyżowski,podkarpackie
46-081,Dobrzeń,Wielki,opolski,opolskie
99-322,Dobrzewy,Oporów,kutnowski,łódzkie
55-002,Dobrzykowice,Czernica,wrocławski,dolnośląskie
89-311,Dobrzyniewo,Wyrzysk,pilski,wielkopolskie
72-307,Dobrzyń,Gryfice,gryficki,zachodniopomorskie
22-650,Dobużek,Łaszczów,tomaszowski,lubelskie
62-406,Dolany,Lądek,słupecki,wielkopolskie
57-340,Dolina,Szczytna,kłodzki,dolnośląskie
37-613,Doliny,Cieszanów,lubaczowski,podkarpackie
32-821,Dołęga,Szczurowa,brzeski,małopolskie
72-002,Dołuje,(Szczecińska),policki,zachodniopomorskie
64-060,Doły,Kamieniec,grodziski,wielkopolskie
77-211,Domanice,Miastko,bytowski,pomorskie
99-434,Domaniewice,Domaniewice,łowicki,łódzkie
73-131,Domanowo,Stargard,stargardzki,zachodniopomorskie
21-307,Domaszewnica,Ulan-Majorat,radzyński,lubelskie
57-522,Domaszków,Międzylesie,kłodzki,dolnośląskie
46-146,Domaszowice,Domaszowice,namysłowski,opolskie
46-070,Domecko,Komprachcice,opolski,opolskie
22-440,Dominikanówka,Krasnobród,zamojski,lubelskie
38-303,Dominikowice,Gorlice,gorlicki,małopolskie
21-007,Dominów,Mełgiew,świdnicki,lubelskie
37-405,Domostawa,Jarocin,niżański,podkarpackie
62-070,Dopiewiec,Dopiewo,poznański,wielkopolskie
64-426,Dormowo,Międzychód,międzychodzki,wielkopolskie
89-422,Dorotowo,Więcbork,sępoleński,kujawsko-pomorskie
11-034,Dorotowo,Stawiguda,olsztyński,warmińsko-mazurskie
63-505,Doruchów,Doruchów,ostrzeszowski,wielkopolskie
32-222,Dosłońce,Racławice,miechowski,małopolskie
14-202,Dół,Iława,iławski,warmińsko-mazurskie
38-462,Draganowa,Chorkówka,krośnieński,podkarpackie
42-700,Draliny,Pawonków,lubliniecki,śląskie
66-551,Drawiny,Drezdenko,strzelecko-drezdenecki,lubuskie
64-731,Drawski,Drawsko,czarnkowsko-,wielkopolskie
06-450,Dreglin,Glinojeck,ciechanowski,mazowieckie
06-458,Drogiszka,Strzegowo,mławski,mazowieckie
43-424,Drogomyśl,Strumień,cieszyński,śląskie
48-315,Drogoszów,Łambinowice,nyski,opolskie
37-753,Drohobyczka,Dubiecko,przemyski,podkarpackie
37-716,Drohojów,Orły,przemyski,podkarpackie
57-312,Droszków,Kłodzko,kłodzki,dolnośląskie
83-315,Drozdowo,Stężyca,kartuski,pomorskie
72-350,Drozdowo,Karnice,gryficki,zachodniopomorskie
21-109,Drozdówka,Uścimów,lubartowski,lubelskie
77-413,Drożyska,Zakrzewo,złotowski,wielkopolskie
77-424,Drożyska,Zakrzewo,złotowski,wielkopolskie
32-709,Drwinia,Drwinia,bocheński,małopolskie
62-740,Dryja,Tuliszków,turecki,wielkopolskie
67-407,Dryżyna,Szlichtyngowa,wschowski,lubuskie
64-705,Drzązgowo,Chodzież,chodzieski,wielkopolskie
62-024,Drzązgowo,Kostrzyn,poznański,wielkopolskie
69-100,Drzecin,Słubice,słubicki,lubuskie
69-110,Drzeńsko,Rzepin,słubicki,lubuskie
86-065,Drzewce,Błota,bydgoski,kujawsko-pomorskie
78-650,Drzewoszewo,Mirosławiec,wałecki,zachodniopomorskie
62-067,Drzymałowo,Rakoniewice,grodziski,wielkopolskie
98-331,Dubidze,Brzeźnica,pajęczański,łódzkie
37-750,Dubiecko,Dubiecko,przemyski,podkarpackie
86-221,Dubielno,Biskupie,chełmiński,kujawsko-pomorskie
39-310,Dulcza,Wielki,mielecki,podkarpackie
39-312,Dulcza,Wielki,mielecki,podkarpackie
16-315,Dulkowszczyzna,Lipsk,augustowski,podlaskie
32-545,Dulowa,Trzebinia,chrzanowski,małopolskie
88-101,Dulsk,Inowrocław,inowrocławski,kujawsko-pomorskie
37-550,Duńkowice,Radymno,jarosławski,podkarpackie
95-073,Duraj,Parzęczew,zgierski,łódzkie
14-106,Durąg,Ostróda,ostródzki,warmińsko-mazurskie
39-451,Durdy,Sandomierski,tarnobrzeski,podkarpackie
34-433,Dursztyn,Targ,nowotarski,małopolskie
38-542,Duszatyn,Komańcza,sanocki,podkarpackie
62-238,Duszno,Trzemeszno,gnieźnieński,wielkopolskie
22-652,Dutrów,Telatyn,tomaszowski,lubelskie
83-242,Duże,Osieczna,starogardzki,pomorskie
32-642,Dwory,Oświęcim,oświęcimski,małopolskie
12-130,Dybowo,Pasym,szczycieński,warmińsko-mazurskie
68-111,Dybów,Żagań,żagański,lubuskie
84-360,Dychlino,Wicko,lęborski,pomorskie
36-204,Dydnia,Dydnia,brzozowski,podkarpackie
36-069,Dylągowa,Dynów,rzeszowski,podkarpackie
36-025,Dylągówka,Hyżne,rzeszowski,podkarpackie
25-090,Dyminy,Morawica,kielecki,świętokrzyskie
62-235,Dysiek,Trzemeszno,gnieźnieński,wielkopolskie
57-255,Dzbanów,Bardo,ząbkowicki,dolnośląskie
11-610,Dziaduszyn,Pozezdrze,węgorzewski,warmińsko-mazurskie
34-408,Dział,Dunajec,nowotarski,małopolskie
59-915,Działoszyn,Bogatynia,zgorzelecki,dolnośląskie
34-514,Dzianisz,Kościelisko,tatrzański,małopolskie
09-412,Dziarnowo,Biała,płocki,mazowieckie
08-443,Dziecinów,Sobienie-Jeziory,otwocki,mazowieckie
58-308,Dziećmorowice,Walim,wałbrzyski,dolnośląskie
47-370,Dziedzice,Strzeleczki,krapkowicki,opolskie
74-322,Dziedzice,Barlinek,myśliborski,zachodniopomorskie
86-013,Dziedzinek,Koronowo,bydgoski,kujawsko-pomorskie
89-128,Dziegciarnia,Łobżenica,pilski,wielkopolskie
62-261,Dziekanowice,Łubowo,gnieźnieński,wielkopolskie
64-843,Dziembowo,Kaczory,pilski,wielkopolskie
37-415,Dzierdziówka,Zaleszany,stalowowolski,podkarpackie
47-244,Dziergowice,Bierawa,kędzierzyńsko-,opolskie
63-704,Dzierżanów,Krotoszyn,krotoszyński,wielkopolskie
77-142,Dzierżążnik,Studzienice,bytowski,pomorskie
64-729,Dzierżążno,Wieleń,czarnkowsko-,wielkopolskie
37-620,Dziewięcierz,Horyniec-Zdrój,lubaczowski,podkarpackie
48-370,Dziewiętlice,Paczków,nyski,opolskie
43-445,Dzięgielów,Goleszów,cieszyński,śląskie
86-100,Dziki,Świecie,świecki,kujawsko-pomorskie
57-432,Dzikowiec,Ruda,kłodzki,dolnośląskie
36-122,Dzikowiec,Dzikowiec,kolbuszowski,podkarpackie
18-214,Dzikowiny,Klukowo,wysokomazowiecki,podlaskie
87-125,Dzikowo,Obrowo,toruński,kujawsko-pomorskie
21-025,Dziuchów,Niemce,lubelski,lubelskie
58-513,Dziwiszów,Sudecki,karkonoski,dolnośląskie
72-420,Dziwnów,Dziwnów,kamieński,zachodniopomorskie
78-131,Dźwirzyno,Kołobrzeg,kołobrzeski,zachodniopomorskie
89-120,Elżbiecin,Notecią,nakielski,kujawsko-pomorskie
22-171,Elżbiecin,Rejowiec,chełmski,lubelskie
96-515,Elżbietów,Teresin,sochaczewski,mazowieckie
05-170,Emolinek,Zakroczym,nowodworski,mazowieckie
59-511,Ernestynów,Złotoryja,złotoryjski,dolnośląskie
23-212,Ewunin,Wilkołaz,kraśnicki,lubelskie
32-051,Facimiech,Skawina,krakowski,małopolskie
09-142,Falbogi,Załuski,płoński,mazowieckie
38-507,Falejówka,Sanok,sanocki,podkarpackie
38-459,Faliszówka,Chorkówka,krośnieński,podkarpackie
22-640,Falków,Rachanie,tomaszowski,lubelskie
34-435,Falsztyn,Niżne,nowotarski,małopolskie
15-694,Fasty,Duże,białostocki,podlaskie
18-212,Ferma,Brańsk,bielski,podlaskie
32-841,Filipowice,Zakliczyn,tarnowski,małopolskie
21-040,Franciszków,Mełgiew,świdnicki,lubelskie
18-204,Franki-Dąbrowa,Kobylin-Borzymy,wysokomazowiecki,podlaskie
63-400,Franklinów,Wielkopolski,ostrowski,wielkopolskie
43-227,Frydek,Miedźna,pszczyński,śląskie
34-108,Frydrychowice,Wieprz,wadowicki,małopolskie
38-130,Frysztak,Frysztak,strzyżowski,podkarpackie
32-067,Frywałd,Krzeszowice,krakowski,małopolskie
42-440,Fugasówka,Ogrodzieniec,zawierciański,śląskie
39-441,Furmany,Gorzyce,tarnobrzeski,podkarpackie
33-388,Gaboń,Sącz,nowosądecki,małopolskie
89-121,Gabrielin,Notecią,nakielski,kujawsko-pomorskie
27-220,Gadka,Mirzec,starachowicki,świętokrzyskie
64-713,Gajewo,Czarnków,czarnkowsko-,wielkopolskie
57-515,Gajnik,Międzylesie,kłodzki,dolnośląskie
57-420,Gajów,Radków,kłodzki,dolnośląskie
07-200,Gajówka,Brańszczyk,wyszkowski,mazowieckie
14-241,Gałdowo,Iława,iławski,warmińsko-mazurskie
05-552,Garbatka,Lesznowola,piaseczyński,mazowieckie
62-020,Garby,Swarzędz,poznański,wielkopolskie
74-210,Gardziec,Przelewice,pyrzycki,zachodniopomorskie
74-506,Garnowo,Chojna,gryfiński,zachodniopomorskie
44-293,Gaszowice,Gaszowice,rybnicki,śląskie
26-502,Gąsawy,Jastrząb,szydłowiecki,mazowieckie
08-430,Gąsiory,Żelechów,garwoliński,mazowieckie
80-680,Gdańsk,Gdańsk,Gdańsk,pomorskie
80-307,Gdańsk,Gdańsk,Gdańsk,pomorskie
80-249,Gdańsk,Gdańsk,Gdańsk,pomorskie
80-858,Gdańsk,Gdańsk,Gdańsk,pomorskie
80-690,Gdańsk,Gdańsk,Gdańsk,pomorskie
80-438,Gdańsk,Gdańsk,Gdańsk,pomorskie
80-732,Gdańsk,Gdańsk,Gdańsk,pomorskie
80-288,Gdańsk,Gdańsk,Gdańsk,pomorskie
80-175,Gdańsk,Gdańsk,Gdańsk,pomorskie
80-705,Gdańsk,Gdańsk,Gdańsk,pomorskie
80-601,Gdańsk,Gdańsk,Gdańsk,pomorskie
80-756,Gdańsk,Gdańsk,Gdańsk,pomorskie
80-034,Gdańsk,Gdańsk,Gdańsk,pomorskie
80-041,Gdańsk,Gdańsk,Gdańsk,pomorskie
80-279,Gdańsk,Gdańsk,Gdańsk,pomorskie
80-387,Gdańsk,Gdańsk,Gdańsk,pomorskie
80-392,Gdańsk,Gdańsk,Gdańsk,pomorskie
80-012,Gdańsk,Gdańsk,Gdańsk,pomorskie
80-119,Gdańsk,Gdańsk,Gdańsk,pomorskie
80-316,Gdańsk,Gdańsk,Gdańsk,pomorskie
80-819,Gdańsk,Gdańsk,Gdańsk,pomorskie
80-177,Gdańsk,Gdańsk,Gdańsk,pomorskie
80-163,Gdańsk,Gdańsk,Gdańsk,pomorskie
80-171,Gdańsk,Gdańsk,Gdańsk,pomorskie
80-410,Gdańsk,Gdańsk,Gdańsk,pomorskie
80-463,Gdańsk,Gdańsk,Gdańsk,pomorskie
80-706,Gdańsk,Gdańsk,Gdańsk,pomorskie
80-341,Gdańsk,Gdańsk,Gdańsk,pomorskie
80-753,Gdańsk,Gdańsk,Gdańsk,pomorskie
80-253,Gdańsk,Gdańsk,Gdańsk,pomorskie
80-893,Gdańsk,Gdańsk,Gdańsk,pomorskie
80-750,Gdańsk,Gdańsk,Gdańsk,pomorskie
80-008,Gdańsk,Gdańsk,Gdańsk,pomorskie
80-309,Gdańsk,Gdańsk,Gdańsk,pomorskie
80-137,Gdańsk,Gdańsk,Gdańsk,pomorskie
80-848,Gdańsk,Gdańsk,Gdańsk,pomorskie
80-306,Gdańsk,Gdańsk,Gdańsk,pomorskie
80-151,Gdańsk,Gdańsk,Gdańsk,pomorskie
80-382,Gdańsk,Gdańsk,Gdańsk,pomorskie
80-388,Gdańsk,Gdańsk,Gdańsk,pomorskie
80-355,Gdańsk,Gdańsk,Gdańsk,pomorskie
80-435,Gdańsk,Gdańsk,Gdańsk,pomorskie
80-280,Gdańsk,Gdańsk,Gdańsk,pomorskie
80-807,Gdańsk,Gdańsk,Gdańsk,pomorskie
80-851,Gdańsk,Gdańsk,Gdańsk,pomorskie
80-809,Gdańsk,Gdańsk,Gdańsk,pomorskie
80-178,Gdańsk,Gdańsk,Gdańsk,pomorskie
80-875,Gdańsk,Gdańsk,Gdańsk,pomorskie
80-339,Gdańsk,Gdańsk,Gdańsk,pomorskie
80-541,Gdańsk,Gdańsk,Gdańsk,pomorskie
80-539,Gdańsk,Gdańsk,Gdańsk,pomorskie
80-738,Gdańsk,Gdańsk,Gdańsk,pomorskie
80-342,Gdańsk,Gdańsk,Gdańsk,pomorskie
80-336,Gdańsk,Gdańsk,Gdańsk,pomorskie
80-058,Gdańsk,Gdańsk,Gdańsk,pomorskie
80-818,Gdańsk,Gdańsk,Gdańsk,pomorskie
80-230,Gdańsk,Gdańsk,Gdańsk,pomorskie
80-423,Gdańsk,Gdańsk,Gdańsk,pomorskie
80-414,Gdańsk,Gdańsk,Gdańsk,pomorskie
80-360,Gdańsk,Gdańsk,Gdańsk,pomorskie
80-385,Gdańsk,Gdańsk,Gdańsk,pomorskie
80-377,Gdańsk,Gdańsk,Gdańsk,pomorskie
80-888,Gdańsk,Gdańsk,Gdańsk,pomorskie
80-233,Gdańsk,Gdańsk,Gdańsk,pomorskie
80-740,Gdańsk,Gdańsk,Gdańsk,pomorskie
80-524,Gdańsk,Gdańsk,Gdańsk,pomorskie
80-842,Gdańsk,Gdańsk,Gdańsk,pomorskie
80-246,Gdańsk,Gdańsk,Gdańsk,pomorskie
80-135,Gdańsk,Gdańsk,Gdańsk,pomorskie
80-856,Gdańsk,Gdańsk,Gdańsk,pomorskie
80-045,Gdańsk,Gdańsk,Gdańsk,pomorskie
80-512,Gdańsk,Gdańsk,Gdańsk,pomorskie
80-243,Gdańsk,Gdańsk,Gdańsk,pomorskie
80-457,Gdańsk,Gdańsk,Gdańsk,pomorskie
80-612,Gdańsk,Gdańsk,Gdańsk,pomorskie
80-287,Gdańsk,Gdańsk,Gdańsk,pomorskie
80-462,Gdańsk,Gdańsk,Gdańsk,pomorskie
80-394,Gdańsk,Gdańsk,Gdańsk,pomorskie
80-110,Gdańsk,Gdańsk,Gdańsk,pomorskie
80-328,Gdańsk,Gdańsk,Gdańsk,pomorskie
80-376,Gdańsk,Gdańsk,Gdańsk,pomorskie
80-126,Gdańsk,Gdańsk,Gdańsk,pomorskie
80-270,Gdańsk,Gdańsk,Gdańsk,pomorskie
80-321,Gdańsk,Gdańsk,Gdańsk,pomorskie
80-561,Gdańsk,Gdańsk,Gdańsk,pomorskie
80-301,Gdańsk,Gdańsk,Gdańsk,pomorskie
80-303,Gdańsk,Gdańsk,Gdańsk,pomorskie
80-550,Gdańsk,Gdańsk,Gdańsk,pomorskie
80-830,Gdańsk,Gdańsk,Gdańsk,pomorskie
80-744,Gdańsk,Gdańsk,Gdańsk,pomorskie
80-362,Gdańsk,Gdańsk,Gdańsk,pomorskie
80-399,Gdańsk,Gdańsk,Gdańsk,pomorskie
80-375,Gdańsk,Gdańsk,Gdańsk,pomorskie
80-349,Gdańsk,Gdańsk,Gdańsk,pomorskie
80-368,Gdańsk,Gdańsk,Gdańsk,pomorskie
80-350,Gdańsk,Gdańsk,Gdańsk,pomorskie
80-748,Gdańsk,Gdańsk,Gdańsk,pomorskie
80-555,Gdańsk,Gdańsk,Gdańsk,pomorskie
80-514,Gdańsk,Gdańsk,Gdańsk,pomorskie
80-506,Gdańsk,Gdańsk,Gdańsk,pomorskie
80-208,Gdańsk,Gdańsk,Gdańsk,pomorskie
80-268,Gdańsk,Gdańsk,Gdańsk,pomorskie
80-272,Gdańsk,Gdańsk,Gdańsk,pomorskie
80-278,Gdańsk,Gdańsk,Gdańsk,pomorskie
80-871,Gdańsk,Gdańsk,Gdańsk,pomorskie
80-111,Gdańsk,Gdańsk,Gdańsk,pomorskie
80-520,Gdańsk,Gdańsk,Gdańsk,pomorskie
80-046,Gdańsk,Gdańsk,Gdańsk,pomorskie
80-176,Gdańsk,Gdańsk,Gdańsk,pomorskie
80-283,Gdańsk,Gdańsk,Gdańsk,pomorskie
80-048,Gdańsk,Gdańsk,Gdańsk,pomorskie
80-526,Gdańsk,Gdańsk,Gdańsk,pomorskie
80-330,Gdańsk,Gdańsk,Gdańsk,pomorskie
80-169,Gdańsk,Gdańsk,Gdańsk,pomorskie
80-239,Gdańsk,Gdańsk,Gdańsk,pomorskie
80-365,Gdańsk,Gdańsk,Gdańsk,pomorskie
80-174,Gdańsk,Gdańsk,Gdańsk,pomorskie
80-383,Gdańsk,Gdańsk,Gdańsk,pomorskie
80-882,Gdańsk,Gdańsk,Gdańsk,pomorskie
80-215,Gdańsk,Gdańsk,Gdańsk,pomorskie
80-516,Gdańsk,Gdańsk,Gdańsk,pomorskie
80-071,Gdańsk,Gdańsk,Gdańsk,pomorskie
80-204,Gdańsk,Gdańsk,Gdańsk,pomorskie
80-434,Gdańsk,Gdańsk,Gdańsk,pomorskie
80-802,Gdańsk,Gdańsk,Gdańsk,pomorskie
80-153,Gdańsk,Gdańsk,Gdańsk,pomorskie
80-261,Gdańsk,Gdańsk,Gdańsk,pomorskie
80-548,Gdańsk,Gdańsk,Gdańsk,pomorskie
80-262,Gdańsk,Gdańsk,Gdańsk,pomorskie
80-418,Gdańsk,Gdańsk,Gdańsk,pomorskie
80-310,Gdańsk,Gdańsk,Gdańsk,pomorskie
80-319,Gdańsk,Gdańsk,Gdańsk,pomorskie
80-315,Gdańsk,Gdańsk,Gdańsk,pomorskie
80-211,Gdańsk,Gdańsk,Gdańsk,pomorskie
80-028,Gdańsk,Gdańsk,Gdańsk,pomorskie
80-827,Gdańsk,Gdańsk,Gdańsk,pomorskie
80-831,Gdańsk,Gdańsk,Gdańsk,pomorskie
80-754,Gdańsk,Gdańsk,Gdańsk,pomorskie
80-828,Gdańsk,Gdańsk,Gdańsk,pomorskie
80-765,Gdańsk,Gdańsk,Gdańsk,pomorskie
80-547,Gdańsk,Gdańsk,Gdańsk,pomorskie
80-264,Gdańsk,Gdańsk,Gdańsk,pomorskie
80-227,Gdańsk,Gdańsk,Gdańsk,pomorskie
80-746,Gdańsk,Gdańsk,Gdańsk,pomorskie
80-286,Gdańsk,Gdańsk,Gdańsk,pomorskie
80-812,Gdańsk,Gdańsk,Gdańsk,pomorskie
80-863,Gdańsk,Gdańsk,Gdańsk,pomorskie
80-767,Gdańsk,Gdańsk,Gdańsk,pomorskie
80-821,Gdańsk,Gdańsk,Gdańsk,pomorskie
80-282,Gdańsk,Gdańsk,Gdańsk,pomorskie
80-293,Gdańsk,Gdańsk,Gdańsk,pomorskie
80-124,Gdańsk,Gdańsk,Gdańsk,pomorskie
80-844,Gdańsk,Gdańsk,Gdańsk,pomorskie
80-381,Gdańsk,Gdańsk,Gdańsk,pomorskie
80-302,Gdańsk,Gdańsk,Gdańsk,pomorskie
80-464,Gdańsk,Gdańsk,Gdańsk,pomorskie
80-318,Gdańsk,Gdańsk,Gdańsk,pomorskie
80-419,Gdańsk,Gdańsk,Gdańsk,pomorskie
80-026,Gdańsk,Gdańsk,Gdańsk,pomorskie
80-774,Gdańsk,Gdańsk,Gdańsk,pomorskie
80-511,Gdańsk,Gdańsk,Gdańsk,pomorskie
80-344,Gdańsk,Gdańsk,Gdańsk,pomorskie
80-456,Gdańsk,Gdańsk,Gdańsk,pomorskie
80-852,Gdańsk,Gdańsk,Gdańsk,pomorskie
80-833,Gdańsk,Gdańsk,Gdańsk,pomorskie
80-156,Gdańsk,Gdańsk,Gdańsk,pomorskie
80-404,Gdańsk,Gdańsk,Gdańsk,pomorskie
80-752,Gdańsk,Gdańsk,Gdańsk,pomorskie
80-776,Gdańsk,Gdańsk,Gdańsk,pomorskie
80-172,Gdańsk,Gdańsk,Gdańsk,pomorskie
80-724,Gdańsk,Gdańsk,Gdańsk,pomorskie
80-761,Gdańsk,Gdańsk,Gdańsk,pomorskie
80-718,Gdańsk,Gdańsk,Gdańsk,pomorskie
94-133,,80-864,Gdańsk,Elektryków
80-894,Gdańsk,Gdańsk,Gdańsk,pomorskie
80-214,Gdańsk,Gdańsk,Gdańsk,pomorskie
80-609,Gdańsk,Gdańsk,Gdańsk,pomorskie
80-536,Gdańsk,Gdańsk,Gdańsk,pomorskie
80-737,Gdańsk,Gdańsk,Gdańsk,pomorskie
80-231,Gdańsk,Gdańsk,Gdańsk,pomorskie
80-271,Gdańsk,Gdańsk,Gdańsk,pomorskie
80-317,Gdańsk,Gdańsk,Gdańsk,pomorskie
80-546,Gdańsk,Gdańsk,Gdańsk,pomorskie
80-447,Gdańsk,Gdańsk,Gdańsk,pomorskie
80-389,Gdańsk,Gdańsk,Gdańsk,pomorskie
80-855,Gdańsk,Gdańsk,Gdańsk,pomorskie
80-518,Gdańsk,Gdańsk,Gdańsk,pomorskie
80-716,Gdańsk,Gdańsk,Gdańsk,pomorskie
80-340,Gdańsk,Gdańsk,Gdańsk,pomorskie
80-866,Gdańsk,Gdańsk,Gdańsk,pomorskie
80-218,Gdańsk,Gdańsk,Gdańsk,pomorskie
80-401,Gdańsk,Gdańsk,Gdańsk,pomorskie
80-426,Gdańsk,Gdańsk,Gdańsk,pomorskie
80-420,Gdańsk,Gdańsk,Gdańsk,pomorskie
80-416,Gdańsk,Gdańsk,Gdańsk,pomorskie
80-502,Gdańsk,Gdańsk,Gdańsk,pomorskie
80-503,Gdańsk,Gdańsk,Gdańsk,pomorskie
80-440,Gdańsk,Gdańsk,Gdańsk,pomorskie
80-120,Gdańsk,Gdańsk,Gdańsk,pomorskie
80-203,Gdańsk,Gdańsk,Gdańsk,pomorskie
80-150,Gdańsk,Gdańsk,Gdańsk,pomorskie
80-759,Gdańsk,Gdańsk,Gdańsk,pomorskie
80-053,Gdańsk,Gdańsk,Gdańsk,pomorskie
80-847,Gdańsk,Gdańsk,Gdańsk,pomorskie
80-455,Gdańsk,Gdańsk,Gdańsk,pomorskie
80-134,Gdańsk,Gdańsk,Gdańsk,pomorskie
80-032,Gdańsk,Gdańsk,Gdańsk,pomorskie
80-733,Gdańsk,Gdańsk,Gdańsk,pomorskie
80-292,Gdańsk,Gdańsk,Gdańsk,pomorskie
80-648,Gdańsk,Gdańsk,Gdańsk,pomorskie
80-544,Gdańsk,Gdańsk,Gdańsk,pomorskie
80-538,Gdańsk,Gdańsk,Gdańsk,pomorskie
80-804,Gdańsk,Gdańsk,Gdańsk,pomorskie
80-415,Gdańsk,Gdańsk,Gdańsk,pomorskie
80-060,Gdańsk,Gdańsk,Gdańsk,pomorskie
80-030,Gdańsk,Gdańsk,Gdańsk,pomorskie
80-834,Gdańsk,Gdańsk,Gdańsk,pomorskie
80-835,Gdańsk,Gdańsk,Gdańsk,pomorskie
80-840,Gdańsk,Gdańsk,Gdańsk,pomorskie
80-837,Gdańsk,Gdańsk,Gdańsk,pomorskie
80-841,Gdańsk,Gdańsk,Gdańsk,pomorskie
80-108,Gdańsk,Gdańsk,Gdańsk,pomorskie
80-311,Gdańsk,Gdańsk,Gdańsk,pomorskie
80-236,Gdańsk,Gdańsk,Gdańsk,pomorskie
80-241,Gdańsk,Gdańsk,Gdańsk,pomorskie
80-229,Gdańsk,Gdańsk,Gdańsk,pomorskie
80-244,Gdańsk,Gdańsk,Gdańsk,pomorskie
80-258,Gdańsk,Gdańsk,Gdańsk,pomorskie
80-266,Gdańsk,Gdańsk,Gdańsk,pomorskie
80-314,Gdańsk,Gdańsk,Gdańsk,pomorskie
80-320,Gdańsk,Gdańsk,Gdańsk,pomorskie
80-337,Gdańsk,Gdańsk,Gdańsk,pomorskie
80-408,Gdańsk,Gdańsk,Gdańsk,pomorskie
80-554,Gdańsk,Gdańsk,Gdańsk,pomorskie
80-766,Gdańsk,Gdańsk,Gdańsk,pomorskie
80-508,Gdańsk,Gdańsk,Gdańsk,pomorskie
80-890,Gdańsk,Gdańsk,Gdańsk,pomorskie
80-861,Gdańsk,Gdańsk,Gdańsk,pomorskie
80-808,Gdańsk,Gdańsk,Gdańsk,pomorskie
80-210,Gdańsk,Gdańsk,Gdańsk,pomorskie
80-628,Gdańsk,Gdańsk,Gdańsk,pomorskie
80-289,Gdańsk,Gdańsk,Gdańsk,pomorskie
80-854,Gdańsk,Gdańsk,Gdańsk,pomorskie
80-465,Gdańsk,Gdańsk,Gdańsk,pomorskie
80-884,Gdańsk,Gdańsk,Gdańsk,pomorskie
80-010,Gdańsk,Gdańsk,Gdańsk,pomorskie
80-371,Gdańsk,Gdańsk,Gdańsk,pomorskie
80-367,Gdańsk,Gdańsk,Gdańsk,pomorskie
80-366,Gdańsk,Gdańsk,Gdańsk,pomorskie
80-749,Gdańsk,Gdańsk,Gdańsk,pomorskie
80-770,Gdańsk,Gdańsk,Gdańsk,pomorskie
80-216,Gdańsk,Gdańsk,Gdańsk,pomorskie
80-864,Gdańsk,Gdańsk,Gdańsk,pomorskie
80-501,Gdańsk,Gdańsk,Gdańsk,pomorskie
80-217,Gdańsk,Gdańsk,Gdańsk,pomorskie
80-308,Gdańsk,Gdańsk,Gdańsk,pomorskie
80-105,Gdańsk,Gdańsk,Gdańsk,pomorskie
80-621,Gdańsk,Gdańsk,Gdańsk,pomorskie
80-252,Gdańsk,Gdańsk,Gdańsk,pomorskie
80-449,Gdańsk,Gdańsk,Gdańsk,pomorskie
80-633,Gdańsk,Gdańsk,Gdańsk,pomorskie
80-057,Gdańsk,Gdańsk,Gdańsk,pomorskie
80-743,Gdańsk,Gdańsk,Gdańsk,pomorskie
80-603,Gdańsk,Gdańsk,Gdańsk,pomorskie
80-614,Gdańsk,Gdańsk,Gdańsk,pomorskie
80-374,Gdańsk,Gdańsk,Gdańsk,pomorskie
80-373,Gdańsk,Gdańsk,Gdańsk,pomorskie
80-364,Gdańsk,Gdańsk,Gdańsk,pomorskie
80-763,Gdańsk,Gdańsk,Gdańsk,pomorskie
80-747,Gdańsk,Gdańsk,Gdańsk,pomorskie
80-170,Gdańsk,Gdańsk,Gdańsk,pomorskie
80-354,Gdańsk,Gdańsk,Gdańsk,pomorskie
80-275,Gdańsk,Gdańsk,Gdańsk,pomorskie
80-104,Gdańsk,Gdańsk,Gdańsk,pomorskie
80-103,Gdańsk,Gdańsk,Gdańsk,pomorskie
80-141,Gdańsk,Gdańsk,Gdańsk,pomorskie
80-136,Gdańsk,Gdańsk,Gdańsk,pomorskie
80-138,Gdańsk,Gdańsk,Gdańsk,pomorskie
80-122,Gdańsk,Gdańsk,Gdańsk,pomorskie
80-125,Gdańsk,Gdańsk,Gdańsk,pomorskie
80-313,Gdańsk,Gdańsk,Gdańsk,pomorskie
80-540,Gdańsk,Gdańsk,Gdańsk,pomorskie
80-811,Gdańsk,Gdańsk,Gdańsk,pomorskie
80-011,Gdańsk,Gdańsk,Gdańsk,pomorskie
80-635,Gdańsk,Gdańsk,Gdańsk,pomorskie
80-742,Gdańsk,Gdańsk,Gdańsk,pomorskie
80-452,Gdańsk,Gdańsk,Gdańsk,pomorskie
80-402,Gdańsk,Gdańsk,Gdańsk,pomorskie
80-405,Gdańsk,Gdańsk,Gdańsk,pomorskie
80-822,Gdańsk,Gdańsk,Gdańsk,pomorskie
80-113,Gdańsk,Gdańsk,Gdańsk,pomorskie
80-627,Gdańsk,Gdańsk,Gdańsk,pomorskie
80-632,Gdańsk,Gdańsk,Gdańsk,pomorskie
80-267,Gdańsk,Gdańsk,Gdańsk,pomorskie
80-201,Gdańsk,Gdańsk,Gdańsk,pomorskie
80-154,Gdańsk,Gdańsk,Gdańsk,pomorskie
80-073,Gdańsk,Gdańsk,Gdańsk,pomorskie
80-068,Gdańsk,Gdańsk,Gdańsk,pomorskie
80-813,Gdańsk,Gdańsk,Gdańsk,pomorskie
80-070,Gdańsk,Gdańsk,Gdańsk,pomorskie
80-878,Gdańsk,Gdańsk,Gdańsk,pomorskie
80-412,Gdańsk,Gdańsk,Gdańsk,pomorskie
80-146,Gdańsk,Gdańsk,Gdańsk,pomorskie
80-133,Gdańsk,Gdańsk,Gdańsk,pomorskie
80-390,Gdańsk,Gdańsk,Gdańsk,pomorskie
80-391,Gdańsk,Gdańsk,Gdańsk,pomorskie
80-396,Gdańsk,Gdańsk,Gdańsk,pomorskie
80-397,Gdańsk,Gdańsk,Gdańsk,pomorskie
80-836,Gdańsk,Gdańsk,Gdańsk,pomorskie
80-240,Gdańsk,Gdańsk,Gdańsk,pomorskie
80-031,Gdańsk,Gdańsk,Gdańsk,pomorskie
80-450,Gdańsk,Gdańsk,Gdańsk,pomorskie
80-660,Gdańsk,Gdańsk,Gdańsk,pomorskie
80-117,Gdańsk,Gdańsk,Gdańsk,pomorskie
80-265,Gdańsk,Gdańsk,Gdańsk,pomorskie
80-451,Gdańsk,Gdańsk,Gdańsk,pomorskie
80-445,Gdańsk,Gdańsk,Gdańsk,pomorskie
80-446,Gdańsk,Gdańsk,Gdańsk,pomorskie
80-421,Gdańsk,Gdańsk,Gdańsk,pomorskie
80-427,Gdańsk,Gdańsk,Gdańsk,pomorskie
80-881,Gdańsk,Gdańsk,Gdańsk,pomorskie
80-846,Gdańsk,Gdańsk,Gdańsk,pomorskie
80-515,Gdańsk,Gdańsk,Gdańsk,pomorskie
80-857,Gdańsk,Gdańsk,Gdańsk,pomorskie
80-734,Gdańsk,Gdańsk,Gdańsk,pomorskie
80-653,Gdańsk,Gdańsk,Gdańsk,pomorskie
80-393,Gdańsk,Gdańsk,Gdańsk,pomorskie
80-708,Gdańsk,Gdańsk,Gdańsk,pomorskie
80-448,Gdańsk,Gdańsk,Gdańsk,pomorskie
80-553,Gdańsk,Gdańsk,Gdańsk,pomorskie
80-543,Gdańsk,Gdańsk,Gdańsk,pomorskie
80-701,Gdańsk,Gdańsk,Gdańsk,pomorskie
80-549,Gdańsk,Gdańsk,Gdańsk,pomorskie
80-431,Gdańsk,Gdańsk,Gdańsk,pomorskie
80-453,Gdańsk,Gdańsk,Gdańsk,pomorskie
80-803,Gdańsk,Gdańsk,Gdańsk,pomorskie
80-646,Gdańsk,Gdańsk,Gdańsk,pomorskie
80-880,Gdańsk,Gdańsk,Gdańsk,pomorskie
80-351,Gdańsk,Gdańsk,Gdańsk,pomorskie
80-560,Gdańsk,Gdańsk,Gdańsk,pomorskie
80-432,Gdańsk,Gdańsk,Gdańsk,pomorskie
80-441,Gdańsk,Gdańsk,Gdańsk,pomorskie
80-444,Gdańsk,Gdańsk,Gdańsk,pomorskie
80-442,Gdańsk,Gdańsk,Gdańsk,pomorskie
80-704,Gdańsk,Gdańsk,Gdańsk,pomorskie
80-353,Gdańsk,Gdańsk,Gdańsk,pomorskie
80-322,Gdańsk,Gdańsk,Gdańsk,pomorskie
80-281,Gdańsk,Gdańsk,Gdańsk,pomorskie
80-260,Gdańsk,Gdańsk,Gdańsk,pomorskie
80-739,Gdańsk,Gdańsk,Gdańsk,pomorskie
80-386,Gdańsk,Gdańsk,Gdańsk,pomorskie
80-003,Gdańsk,Gdańsk,Gdańsk,pomorskie
80-284,Gdańsk,Gdańsk,Gdańsk,pomorskie
80-860,Gdańsk,Gdańsk,Gdańsk,pomorskie
80-719,Gdańsk,Gdańsk,Gdańsk,pomorskie
80-417,Gdańsk,Gdańsk,Gdańsk,pomorskie
80-510,Gdańsk,Gdańsk,Gdańsk,pomorskie
80-777,Gdańsk,Gdańsk,Gdańsk,pomorskie
80-769,Gdańsk,Gdańsk,Gdańsk,pomorskie
80-647,Gdańsk,Gdańsk,Gdańsk,pomorskie
80-727,Gdańsk,Gdańsk,Gdańsk,pomorskie
80-121,Gdańsk,Gdańsk,Gdańsk,pomorskie
80-642,Gdańsk,Gdańsk,Gdańsk,pomorskie
80-235,Gdańsk,Gdańsk,Gdańsk,pomorskie
80-384,Gdańsk,Gdańsk,Gdańsk,pomorskie
80-291,Gdańsk,Gdańsk,Gdańsk,pomorskie
80-107,Gdańsk,Gdańsk,Gdańsk,pomorskie
80-112,Gdańsk,Gdańsk,Gdańsk,pomorskie
80-114,Gdańsk,Gdańsk,Gdańsk,pomorskie
80-037,Gdańsk,Gdańsk,Gdańsk,pomorskie
80-078,Gdańsk,Gdańsk,Gdańsk,pomorskie
80-406,Gdańsk,Gdańsk,Gdańsk,pomorskie
80-409,Gdańsk,Gdańsk,Gdańsk,pomorskie
80-123,Gdańsk,Gdańsk,Gdańsk,pomorskie
80-557,Gdańsk,Gdańsk,Gdańsk,pomorskie
80-533,Gdańsk,Gdańsk,Gdańsk,pomorskie
80-868,Gdańsk,Gdańsk,Gdańsk,pomorskie
80-865,Gdańsk,Gdańsk,Gdańsk,pomorskie
80-232,Gdańsk,Gdańsk,Gdańsk,pomorskie
80-251,Gdańsk,Gdańsk,Gdańsk,pomorskie
80-513,Gdańsk,Gdańsk,Gdańsk,pomorskie
80-304,Gdańsk,Gdańsk,Gdańsk,pomorskie
80-805,Gdańsk,Gdańsk,Gdańsk,pomorskie
80-645,Gdańsk,Gdańsk,Gdańsk,pomorskie
80-717,Gdańsk,Gdańsk,Gdańsk,pomorskie
80-300,Gdańsk,Gdańsk,Gdańsk,pomorskie
80-531,Gdańsk,Gdańsk,Gdańsk,pomorskie
80-425,Gdańsk,Gdańsk,Gdańsk,pomorskie
80-430,Gdańsk,Gdańsk,Gdańsk,pomorskie
80-736,Gdańsk,Gdańsk,Gdańsk,pomorskie
80-274,Gdańsk,Gdańsk,Gdańsk,pomorskie
80-723,Gdańsk,Gdańsk,Gdańsk,pomorskie
80-778,Gdańsk,Gdańsk,Gdańsk,pomorskie
80-636,Gdańsk,Gdańsk,Gdańsk,pomorskie
80-357,Gdańsk,Gdańsk,Gdańsk,pomorskie
80-356,Gdańsk,Gdańsk,Gdańsk,pomorskie
80-873,Gdańsk,Gdańsk,Gdańsk,pomorskie
80-874,Gdańsk,Gdańsk,Gdańsk,pomorskie
80-735,Gdańsk,Gdańsk,Gdańsk,pomorskie
80-296,Gdańsk,Gdańsk,Gdańsk,pomorskie
80-610,Gdańsk,Gdańsk,Gdańsk,pomorskie
80-638,Gdańsk,Gdańsk,Gdańsk,pomorskie
80-148,Gdańsk,Gdańsk,Gdańsk,pomorskie
80-063,Gdańsk,Gdańsk,Gdańsk,pomorskie
80-454,Gdańsk,Gdańsk,Gdańsk,pomorskie
80-029,Gdańsk,Gdańsk,Gdańsk,pomorskie
80-443,Gdańsk,Gdańsk,Gdańsk,pomorskie
80-532,Gdańsk,Gdańsk,Gdańsk,pomorskie
80-616,Gdańsk,Gdańsk,Gdańsk,pomorskie
80-731,Gdańsk,Gdańsk,Gdańsk,pomorskie
80-020,Gdańsk,Gdańsk,Gdańsk,pomorskie
80-622,Gdańsk,Gdańsk,Gdańsk,pomorskie
80-652,Gdańsk,Gdańsk,Gdańsk,pomorskie
80-839,Gdańsk,Gdańsk,Gdańsk,pomorskie
80-398,Gdańsk,Gdańsk,Gdańsk,pomorskie
80-259,Gdańsk,Gdańsk,Gdańsk,pomorskie
80-826,Gdańsk,Gdańsk,Gdańsk,pomorskie
80-843,Gdańsk,Gdańsk,Gdańsk,pomorskie
80-563,Gdańsk,Gdańsk,Gdańsk,pomorskie
80-542,Gdańsk,Gdańsk,Gdańsk,pomorskie
80-338,Gdańsk,Gdańsk,Gdańsk,pomorskie
80-234,Gdańsk,Gdańsk,Gdańsk,pomorskie
80-395,Gdańsk,Gdańsk,Gdańsk,pomorskie
80-751,Gdańsk,Gdańsk,Gdańsk,pomorskie
80-730,Gdańsk,Gdańsk,Gdańsk,pomorskie
80-347,Gdańsk,Gdańsk,Gdańsk,pomorskie
80-056,Gdańsk,Gdańsk,Gdańsk,pomorskie
80-725,Gdańsk,Gdańsk,Gdańsk,pomorskie
80-254,Gdańsk,Gdańsk,Gdańsk,pomorskie
80-707,Gdańsk,Gdańsk,Gdańsk,pomorskie
80-626,Gdańsk,Gdańsk,Gdańsk,pomorskie
80-335,Gdańsk,Gdańsk,Gdańsk,pomorskie
80-024,Gdańsk,Gdańsk,Gdańsk,pomorskie
80-025,Gdańsk,Gdańsk,Gdańsk,pomorskie
80-332,Gdańsk,Gdańsk,Gdańsk,pomorskie
80-363,Gdańsk,Gdańsk,Gdańsk,pomorskie
80-352,Gdańsk,Gdańsk,Gdańsk,pomorskie
80-358,Gdańsk,Gdańsk,Gdańsk,pomorskie
80-225,Gdańsk,Gdańsk,Gdańsk,pomorskie
80-460,Gdańsk,Gdańsk,Gdańsk,pomorskie
80-522,Gdańsk,Gdańsk,Gdańsk,pomorskie
80-711,Gdańsk,Gdańsk,Gdańsk,pomorskie
80-255,Gdańsk,Gdańsk,Gdańsk,pomorskie
80-038,Gdańsk,Gdańsk,Gdańsk,pomorskie
80-885,Gdańsk,Gdańsk,Gdańsk,pomorskie
80-895,Gdańsk,Gdańsk,Gdańsk,pomorskie
80-824,Gdańsk,Gdańsk,Gdańsk,pomorskie
80-845,Gdańsk,Gdańsk,Gdańsk,pomorskie
80-064,Gdańsk,Gdańsk,Gdańsk,pomorskie
80-238,Gdańsk,Gdańsk,Gdańsk,pomorskie
80-768,Gdańsk,Gdańsk,Gdańsk,pomorskie
80-519,Gdańsk,Gdańsk,Gdańsk,pomorskie
80-720,Gdańsk,Gdańsk,Gdańsk,pomorskie
80-333,Gdańsk,Gdańsk,Gdańsk,pomorskie
80-345,Gdańsk,Gdańsk,Gdańsk,pomorskie
80-343,Gdańsk,Gdańsk,Gdańsk,pomorskie
80-152,Gdańsk,Gdańsk,Gdańsk,pomorskie
80-165,Gdańsk,Gdańsk,Gdańsk,pomorskie
80-359,Gdańsk,Gdańsk,Gdańsk,pomorskie
80-378,Gdańsk,Gdańsk,Gdańsk,pomorskie
80-702,Gdańsk,Gdańsk,Gdańsk,pomorskie
80-721,Gdańsk,Gdańsk,Gdańsk,pomorskie
80-643,Gdańsk,Gdańsk,Gdańsk,pomorskie
80-055,Gdańsk,Gdańsk,Gdańsk,pomorskie
80-069,Gdańsk,Gdańsk,Gdańsk,pomorskie
80-535,Gdańsk,Gdańsk,Gdańsk,pomorskie
80-054,Gdańsk,Gdańsk,Gdańsk,pomorskie
80-035,Gdańsk,Gdańsk,Gdańsk,pomorskie
80-027,Gdańsk,Gdańsk,Gdańsk,pomorskie
80-021,Gdańsk,Gdańsk,Gdańsk,pomorskie
80-850,Gdańsk,Gdańsk,Gdańsk,pomorskie
80-061,Gdańsk,Gdańsk,Gdańsk,pomorskie
80-741,Gdańsk,Gdańsk,Gdańsk,pomorskie
80-771,Gdańsk,Gdańsk,Gdańsk,pomorskie
80-870,Gdańsk,Gdańsk,Gdańsk,pomorskie
80-050,Gdańsk,Gdańsk,Gdańsk,pomorskie
80-290,Gdańsk,Gdańsk,Gdańsk,pomorskie
80-658,Gdańsk,Gdańsk,Gdańsk,pomorskie
80-067,Gdańsk,Gdańsk,Gdańsk,pomorskie
80-033,Gdańsk,Gdańsk,Gdańsk,pomorskie
80-838,Gdańsk,Gdańsk,Gdańsk,pomorskie
80-637,Gdańsk,Gdańsk,Gdańsk,pomorskie
80-014,Gdańsk,Gdańsk,Gdańsk,pomorskie
80-369,Gdańsk,Gdańsk,Gdańsk,pomorskie
80-745,Gdańsk,Gdańsk,Gdańsk,pomorskie
80-361,Gdańsk,Gdańsk,Gdańsk,pomorskie
80-760,Gdańsk,Gdańsk,Gdańsk,pomorskie
80-042,Gdańsk,Gdańsk,Gdańsk,pomorskie
80-051,Gdańsk,Gdańsk,Gdańsk,pomorskie
80-074,Gdańsk,Gdańsk,Gdańsk,pomorskie
80-047,Gdańsk,Gdańsk,Gdańsk,pomorskie
80-052,Gdańsk,Gdańsk,Gdańsk,pomorskie
80-222,Gdańsk,Gdańsk,Gdańsk,pomorskie
80-248,Gdańsk,Gdańsk,Gdańsk,pomorskie
80-605,Gdańsk,Gdańsk,Gdańsk,pomorskie
80-758,Gdańsk,Gdańsk,Gdańsk,pomorskie
80-703,Gdańsk,Gdańsk,Gdańsk,pomorskie
80-728,Gdańsk,Gdańsk,Gdańsk,pomorskie
80-145,Gdańsk,Gdańsk,Gdańsk,pomorskie
80-617,Gdańsk,Gdańsk,Gdańsk,pomorskie
80-115,Gdańsk,Gdańsk,Gdańsk,pomorskie
80-823,Gdańsk,Gdańsk,Gdańsk,pomorskie
80-257,Gdańsk,Gdańsk,Gdańsk,pomorskie
80-065,Gdańsk,Gdańsk,Gdańsk,pomorskie
80-075,Gdańsk,Gdańsk,Gdańsk,pomorskie
80-247,Gdańsk,Gdańsk,Gdańsk,pomorskie
80-407,Gdańsk,Gdańsk,Gdańsk,pomorskie
80-623,Gdańsk,Gdańsk,Gdańsk,pomorskie
80-654,Gdańsk,Gdańsk,Gdańsk,pomorskie
80-564,Gdańsk,Gdańsk,Gdańsk,pomorskie
80-143,Gdańsk,Gdańsk,Gdańsk,pomorskie
80-631,Gdańsk,Gdańsk,Gdańsk,pomorskie
80-862,Gdańsk,Gdańsk,Gdańsk,pomorskie
80-551,Gdańsk,Gdańsk,Gdańsk,pomorskie
80-534,Gdańsk,Gdańsk,Gdańsk,pomorskie
80-545,Gdańsk,Gdańsk,Gdańsk,pomorskie
80-461,Gdańsk,Gdańsk,Gdańsk,pomorskie
80-324,Gdańsk,Gdańsk,Gdańsk,pomorskie
80-523,Gdańsk,Gdańsk,Gdańsk,pomorskie
80-859,Gdańsk,Gdańsk,Gdańsk,pomorskie
80-877,Gdańsk,Gdańsk,Gdańsk,pomorskie
80-883,Gdańsk,Gdańsk,Gdańsk,pomorskie
80-116,Gdańsk,Gdańsk,Gdańsk,pomorskie
80-607,Gdańsk,Gdańsk,Gdańsk,pomorskie
80-611,Gdańsk,Gdańsk,Gdańsk,pomorskie
80-625,Gdańsk,Gdańsk,Gdańsk,pomorskie
80-620,Gdańsk,Gdańsk,Gdańsk,pomorskie
80-312,Gdańsk,Gdańsk,Gdańsk,pomorskie
80-772,Gdańsk,Gdańsk,Gdańsk,pomorskie
80-867,Gdańsk,Gdańsk,Gdańsk,pomorskie
80-276,Gdańsk,Gdańsk,Gdańsk,pomorskie
80-755,Gdańsk,Gdańsk,Gdańsk,pomorskie
80-022,Gdańsk,Gdańsk,Gdańsk,pomorskie
80-529,Gdańsk,Gdańsk,Gdańsk,pomorskie
80-049,Gdańsk,Gdańsk,Gdańsk,pomorskie
80-562,Gdańsk,Gdańsk,Gdańsk,pomorskie
80-762,Gdańsk,Gdańsk,Gdańsk,pomorskie
80-624,Gdańsk,Gdańsk,Gdańsk,pomorskie
80-722,Gdańsk,Gdańsk,Gdańsk,pomorskie
80-764,Gdańsk,Gdańsk,Gdańsk,pomorskie
80-379,Gdańsk,Gdańsk,Gdańsk,pomorskie
80-886,Gdańsk,Gdańsk,Gdańsk,pomorskie
80-806,Gdańsk,Gdańsk,Gdańsk,pomorskie
80-331,Gdańsk,Gdańsk,Gdańsk,pomorskie
80-007,Gdańsk,Gdańsk,Gdańsk,pomorskie
80-817,Gdańsk,Gdańsk,Gdańsk,pomorskie
80-044,Gdańsk,Gdańsk,Gdańsk,pomorskie
80-039,Gdańsk,Gdańsk,Gdańsk,pomorskie
80-043,Gdańsk,Gdańsk,Gdańsk,pomorskie
80-017,Gdańsk,Gdańsk,Gdańsk,pomorskie
80-018,Gdańsk,Gdańsk,Gdańsk,pomorskie
80-001,Gdańsk,Gdańsk,Gdańsk,pomorskie
80-221,Gdańsk,Gdańsk,Gdańsk,pomorskie
80-226,Gdańsk,Gdańsk,Gdańsk,pomorskie
80-205,Gdańsk,Gdańsk,Gdańsk,pomorskie
80-530,Gdańsk,Gdańsk,Gdańsk,pomorskie
80-663,Gdańsk,Gdańsk,Gdańsk,pomorskie
80-130,Gdańsk,Gdańsk,Gdańsk,pomorskie
80-237,Gdańsk,Gdańsk,Gdańsk,pomorskie
80-077,Gdańsk,Gdańsk,Gdańsk,pomorskie
80-437,Gdańsk,Gdańsk,Gdańsk,pomorskie
80-853,Gdańsk,Gdańsk,Gdańsk,pomorskie
80-887,Gdańsk,Gdańsk,Gdańsk,pomorskie
80-242,Gdańsk,Gdańsk,Gdańsk,pomorskie
80-433,Gdańsk,Gdańsk,Gdańsk,pomorskie
80-013,Gdańsk,Gdańsk,Gdańsk,pomorskie
80-509,Gdańsk,Gdańsk,Gdańsk,pomorskie
80-346,Gdańsk,Gdańsk,Gdańsk,pomorskie
80-849,Gdańsk,Gdańsk,Gdańsk,pomorskie
80-556,Gdańsk,Gdańsk,Gdańsk,pomorskie
80-142,Gdańsk,Gdańsk,Gdańsk,pomorskie
80-757,Gdańsk,Gdańsk,Gdańsk,pomorskie
80-139,Gdańsk,Gdańsk,Gdańsk,pomorskie
80-891,Gdańsk,Gdańsk,Gdańsk,pomorskie
80-277,Gdańsk,Gdańsk,Gdańsk,pomorskie
80-155,Gdańsk,Gdańsk,Gdańsk,pomorskie
80-618,Gdańsk,Gdańsk,Gdańsk,pomorskie
80-066,Gdańsk,Gdańsk,Gdańsk,pomorskie
80-641,Gdańsk,Gdańsk,Gdańsk,pomorskie
80-147,Gdańsk,Gdańsk,Gdańsk,pomorskie
80-656,Gdańsk,Gdańsk,Gdańsk,pomorskie
80-537,Gdańsk,Gdańsk,Gdańsk,pomorskie
80-140,Gdańsk,Gdańsk,Gdańsk,pomorskie
80-665,Gdańsk,Gdańsk,Gdańsk,pomorskie
80-036,Gdańsk,Gdańsk,Gdańsk,pomorskie
80-245,Gdańsk,Gdańsk,Gdańsk,pomorskie
80-016,Gdańsk,Gdańsk,Gdańsk,pomorskie
80-634,Gdańsk,Gdańsk,Gdańsk,pomorskie
80-729,Gdańsk,Gdańsk,Gdańsk,pomorskie
80-726,Gdańsk,Gdańsk,Gdańsk,pomorskie
80-380,Gdańsk,Gdańsk,Gdańsk,pomorskie
80-869,Gdańsk,Gdańsk,Gdańsk,pomorskie
80-606,Gdańsk,Gdańsk,Gdańsk,pomorskie
80-219,Gdańsk,Gdańsk,Gdańsk,pomorskie
80-207,Gdańsk,Gdańsk,Gdańsk,pomorskie
80-076,Gdańsk,Gdańsk,Gdańsk,pomorskie
80-644,Gdańsk,Gdańsk,Gdańsk,pomorskie
80-273,Gdańsk,Gdańsk,Gdańsk,pomorskie
80-285,Gdańsk,Gdańsk,Gdańsk,pomorskie
80-062,Gdańsk,Gdańsk,Gdańsk,pomorskie
80-059,Gdańsk,Gdańsk,Gdańsk,pomorskie
81-352,Gdynia,Gdynia,Gdynia,pomorskie
81-366,Gdynia,Gdynia,Gdynia,pomorskie
81-395,Gdynia,Gdynia,Gdynia,pomorskie
81-393,Gdynia,Gdynia,Gdynia,pomorskie
81-390,Gdynia,Gdynia,Gdynia,pomorskie
81-387,Gdynia,Gdynia,Gdynia,pomorskie
81-337,Gdynia,Gdynia,Gdynia,pomorskie
81-527,Gdynia,Gdynia,Gdynia,pomorskie
81-601,Gdynia,Gdynia,Gdynia,pomorskie
81-118,Gdynia,Gdynia,Gdynia,pomorskie
81-023,Gdynia,Gdynia,Gdynia,pomorskie
81-520,Gdynia,Gdynia,Gdynia,pomorskie
81-121,Gdynia,Gdynia,Gdynia,pomorskie
81-524,Gdynia,Gdynia,Gdynia,pomorskie
81-406,Gdynia,Gdynia,Gdynia,pomorskie
81-378,Gdynia,Gdynia,Gdynia,pomorskie
81-400,Gdynia,Gdynia,Gdynia,pomorskie
81-382,Gdynia,Gdynia,Gdynia,pomorskie
81-388,Gdynia,Gdynia,Gdynia,pomorskie
81-120,Gdynia,Gdynia,Gdynia,pomorskie
81-151,Gdynia,Gdynia,Gdynia,pomorskie
81-024,Gdynia,Gdynia,Gdynia,pomorskie
81-136,Gdynia,Gdynia,Gdynia,pomorskie
81-577,Gdynia,Gdynia,Gdynia,pomorskie
81-589,Gdynia,Gdynia,Gdynia,pomorskie
81-138,Gdynia,Gdynia,Gdynia,pomorskie
81-137,Gdynia,Gdynia,Gdynia,pomorskie
81-528,Gdynia,Gdynia,Gdynia,pomorskie
81-123,Gdynia,Gdynia,Gdynia,pomorskie
81-116,Gdynia,Gdynia,Gdynia,pomorskie
81-559,Gdynia,Gdynia,Gdynia,pomorskie
81-372,Gdynia,Gdynia,Gdynia,pomorskie
81-365,Gdynia,Gdynia,Gdynia,pomorskie
81-375,Gdynia,Gdynia,Gdynia,pomorskie
81-597,Gdynia,Gdynia,Gdynia,pomorskie
81-374,Gdynia,Gdynia,Gdynia,pomorskie
81-467,Gdynia,Gdynia,Gdynia,pomorskie
81-028,Gdynia,Gdynia,Gdynia,pomorskie
81-578,Gdynia,Gdynia,Gdynia,pomorskie
81-452,Gdynia,Gdynia,Gdynia,pomorskie
81-415,Gdynia,Gdynia,Gdynia,pomorskie
81-214,Gdynia,Gdynia,Gdynia,pomorskie
81-507,Gdynia,Gdynia,Gdynia,pomorskie
81-165,Gdynia,Gdynia,Gdynia,pomorskie
81-110,Gdynia,Gdynia,Gdynia,pomorskie
81-386,Gdynia,Gdynia,Gdynia,pomorskie
81-381,Gdynia,Gdynia,Gdynia,pomorskie
81-226,Gdynia,Gdynia,Gdynia,pomorskie
81-173,Gdynia,Gdynia,Gdynia,pomorskie
81-084,Gdynia,Gdynia,Gdynia,pomorskie
81-583,Gdynia,Gdynia,Gdynia,pomorskie
81-553,Gdynia,Gdynia,Gdynia,pomorskie
81-582,Gdynia,Gdynia,Gdynia,pomorskie
81-114,Gdynia,Gdynia,Gdynia,pomorskie
81-310,Gdynia,Gdynia,Gdynia,pomorskie
81-179,Gdynia,Gdynia,Gdynia,pomorskie
81-579,Gdynia,Gdynia,Gdynia,pomorskie
81-505,Gdynia,Gdynia,Gdynia,pomorskie
81-075,Gdynia,Gdynia,Gdynia,pomorskie
81-111,Gdynia,Gdynia,Gdynia,pomorskie
81-094,Gdynia,Gdynia,Gdynia,pomorskie
81-609,Gdynia,Gdynia,Gdynia,pomorskie
81-466,Gdynia,Gdynia,Gdynia,pomorskie
81-455,Gdynia,Gdynia,Gdynia,pomorskie
81-183,Gdynia,Gdynia,Gdynia,pomorskie
81-035,Gdynia,Gdynia,Gdynia,pomorskie
81-080,Gdynia,Gdynia,Gdynia,pomorskie
81-574,Gdynia,Gdynia,Gdynia,pomorskie
81-176,Gdynia,Gdynia,Gdynia,pomorskie
81-015,Gdynia,Gdynia,Gdynia,pomorskie
81-052,Gdynia,Gdynia,Gdynia,pomorskie
81-163,Gdynia,Gdynia,Gdynia,pomorskie
81-590,Gdynia,Gdynia,Gdynia,pomorskie
81-515,Gdynia,Gdynia,Gdynia,pomorskie
81-336,Gdynia,Gdynia,Gdynia,pomorskie
81-371,Gdynia,Gdynia,Gdynia,pomorskie
81-587,Gdynia,Gdynia,Gdynia,pomorskie
81-617,Gdynia,Gdynia,Gdynia,pomorskie
81-322,Gdynia,Gdynia,Gdynia,pomorskie
81-509,Gdynia,Gdynia,Gdynia,pomorskie
81-092,Gdynia,Gdynia,Gdynia,pomorskie
81-194,Gdynia,Gdynia,Gdynia,pomorskie
81-174,Gdynia,Gdynia,Gdynia,pomorskie
81-253,Gdynia,Gdynia,Gdynia,pomorskie
81-079,Gdynia,Gdynia,Gdynia,pomorskie
81-001,Gdynia,Gdynia,Gdynia,pomorskie
81-017,Gdynia,Gdynia,Gdynia,pomorskie
81-407,Gdynia,Gdynia,Gdynia,pomorskie
81-550,Gdynia,Gdynia,Gdynia,pomorskie
81-154,Gdynia,Gdynia,Gdynia,pomorskie
81-338,Gdynia,Gdynia,Gdynia,pomorskie
81-613,Gdynia,Gdynia,Gdynia,pomorskie
81-602,Gdynia,Gdynia,Gdynia,pomorskie
81-571,Gdynia,Gdynia,Gdynia,pomorskie
81-064,Gdynia,Gdynia,Gdynia,pomorskie
81-041,Gdynia,Gdynia,Gdynia,pomorskie
81-033,Gdynia,Gdynia,Gdynia,pomorskie
81-021,Gdynia,Gdynia,Gdynia,pomorskie
81-000,Gdynia,Gdynia,Gdynia,pomorskie
81-007,Gdynia,Gdynia,Gdynia,pomorskie
81-016,Gdynia,Gdynia,Gdynia,pomorskie
81-656,Gdynia,Gdynia,Gdynia,pomorskie
81-193,Gdynia,Gdynia,Gdynia,pomorskie
81-005,Gdynia,Gdynia,Gdynia,pomorskie
81-517,Gdynia,Gdynia,Gdynia,pomorskie
81-231,Gdynia,Gdynia,Gdynia,pomorskie
81-465,Gdynia,Gdynia,Gdynia,pomorskie
81-521,Gdynia,Gdynia,Gdynia,pomorskie
81-473,Gdynia,Gdynia,Gdynia,pomorskie
81-130,Gdynia,Gdynia,Gdynia,pomorskie
81-085,Gdynia,Gdynia,Gdynia,pomorskie
81-022,Gdynia,Gdynia,Gdynia,pomorskie
81-502,Gdynia,Gdynia,Gdynia,pomorskie
81-115,Gdynia,Gdynia,Gdynia,pomorskie
81-025,Gdynia,Gdynia,Gdynia,pomorskie
81-572,Gdynia,Gdynia,Gdynia,pomorskie
81-263,Gdynia,Gdynia,Gdynia,pomorskie
81-107,Gdynia,Gdynia,Gdynia,pomorskie
81-167,Gdynia,Gdynia,Gdynia,pomorskie
81-155,Gdynia,Gdynia,Gdynia,pomorskie
81-417,Gdynia,Gdynia,Gdynia,pomorskie
81-197,Gdynia,Gdynia,Gdynia,pomorskie
81-237,Gdynia,Gdynia,Gdynia,pomorskie
81-250,Gdynia,Gdynia,Gdynia,pomorskie
81-330,Gdynia,Gdynia,Gdynia,pomorskie
81-334,Gdynia,Gdynia,Gdynia,pomorskie
81-369,Gdynia,Gdynia,Gdynia,pomorskie
81-623,Gdynia,Gdynia,Gdynia,pomorskie
81-109,Gdynia,Gdynia,Gdynia,pomorskie
81-622,Gdynia,Gdynia,Gdynia,pomorskie
81-233,Gdynia,Gdynia,Gdynia,pomorskie
81-402,Gdynia,Gdynia,Gdynia,pomorskie
81-273,Gdynia,Gdynia,Gdynia,pomorskie
81-586,Gdynia,Gdynia,Gdynia,pomorskie
81-533,Gdynia,Gdynia,Gdynia,pomorskie
81-215,Gdynia,Gdynia,Gdynia,pomorskie
81-603,Gdynia,Gdynia,Gdynia,pomorskie
81-362,Gdynia,Gdynia,Gdynia,pomorskie
81-034,Gdynia,Gdynia,Gdynia,pomorskie
81-208,Gdynia,Gdynia,Gdynia,pomorskie
81-202,Gdynia,Gdynia,Gdynia,pomorskie
81-409,Gdynia,Gdynia,Gdynia,pomorskie
81-326,Gdynia,Gdynia,Gdynia,pomorskie
81-184,Gdynia,Gdynia,Gdynia,pomorskie
81-331,Gdynia,Gdynia,Gdynia,pomorskie
81-242,Gdynia,Gdynia,Gdynia,pomorskie
81-182,Gdynia,Gdynia,Gdynia,pomorskie
81-403,Gdynia,Gdynia,Gdynia,pomorskie
81-547,Gdynia,Gdynia,Gdynia,pomorskie
81-339,Gdynia,Gdynia,Gdynia,pomorskie
81-376,Gdynia,Gdynia,Gdynia,pomorskie
81-195,Gdynia,Gdynia,Gdynia,pomorskie
81-658,Gdynia,Gdynia,Gdynia,pomorskie
81-534,Gdynia,Gdynia,Gdynia,pomorskie
81-262,Gdynia,Gdynia,Gdynia,pomorskie
81-585,Gdynia,Gdynia,Gdynia,pomorskie
81-053,Gdynia,Gdynia,Gdynia,pomorskie
81-047,Gdynia,Gdynia,Gdynia,pomorskie
81-134,Gdynia,Gdynia,Gdynia,pomorskie
81-596,Gdynia,Gdynia,Gdynia,pomorskie
81-185,Gdynia,Gdynia,Gdynia,pomorskie
81-598,Gdynia,Gdynia,Gdynia,pomorskie
81-591,Gdynia,Gdynia,Gdynia,pomorskie
81-068,Gdynia,Gdynia,Gdynia,pomorskie
81-511,Gdynia,Gdynia,Gdynia,pomorskie
81-438,Gdynia,Gdynia,Gdynia,pomorskie
81-304,Gdynia,Gdynia,Gdynia,pomorskie
81-265,Gdynia,Gdynia,Gdynia,pomorskie
81-113,Gdynia,Gdynia,Gdynia,pomorskie
81-626,Gdynia,Gdynia,Gdynia,pomorskie
81-532,Gdynia,Gdynia,Gdynia,pomorskie
81-125,Gdynia,Gdynia,Gdynia,pomorskie
81-203,Gdynia,Gdynia,Gdynia,pomorskie
81-087,Gdynia,Gdynia,Gdynia,pomorskie
81-213,Gdynia,Gdynia,Gdynia,pomorskie
81-211,Gdynia,Gdynia,Gdynia,pomorskie
81-506,Gdynia,Gdynia,Gdynia,pomorskie
81-453,Gdynia,Gdynia,Gdynia,pomorskie
81-427,Gdynia,Gdynia,Gdynia,pomorskie
81-428,Gdynia,Gdynia,Gdynia,pomorskie
81-061,Gdynia,Gdynia,Gdynia,pomorskie
81-425,Gdynia,Gdynia,Gdynia,pomorskie
81-056,Gdynia,Gdynia,Gdynia,pomorskie
81-475,Gdynia,Gdynia,Gdynia,pomorskie
81-412,Gdynia,Gdynia,Gdynia,pomorskie
81-606,Gdynia,Gdynia,Gdynia,pomorskie
81-234,Gdynia,Gdynia,Gdynia,pomorskie
81-340,Gdynia,Gdynia,Gdynia,pomorskie
81-212,Gdynia,Gdynia,Gdynia,pomorskie
81-518,Gdynia,Gdynia,Gdynia,pomorskie
81-224,Gdynia,Gdynia,Gdynia,pomorskie
81-512,Gdynia,Gdynia,Gdynia,pomorskie
81-529,Gdynia,Gdynia,Gdynia,pomorskie
81-029,Gdynia,Gdynia,Gdynia,pomorskie
81-082,Gdynia,Gdynia,Gdynia,pomorskie
81-345,Gdynia,Gdynia,Gdynia,pomorskie
81-348,Gdynia,Gdynia,Gdynia,pomorskie
81-351,Gdynia,Gdynia,Gdynia,pomorskie
81-354,Gdynia,Gdynia,Gdynia,pomorskie
81-100,Gdynia,Gdynia,Gdynia,pomorskie
81-187,Gdynia,Gdynia,Gdynia,pomorskie
81-076,Gdynia,Gdynia,Gdynia,pomorskie
81-077,Gdynia,Gdynia,Gdynia,pomorskie
81-526,Gdynia,Gdynia,Gdynia,pomorskie
81-089,Gdynia,Gdynia,Gdynia,pomorskie
81-575,Gdynia,Gdynia,Gdynia,pomorskie
81-476,Gdynia,Gdynia,Gdynia,pomorskie
81-230,Gdynia,Gdynia,Gdynia,pomorskie
81-207,Gdynia,Gdynia,Gdynia,pomorskie
81-236,Gdynia,Gdynia,Gdynia,pomorskie
81-549,Gdynia,Gdynia,Gdynia,pomorskie
81-576,Gdynia,Gdynia,Gdynia,pomorskie
81-172,Gdynia,Gdynia,Gdynia,pomorskie
81-249,Gdynia,Gdynia,Gdynia,pomorskie
81-324,Gdynia,Gdynia,Gdynia,pomorskie
81-044,Gdynia,Gdynia,Gdynia,pomorskie
81-002,Gdynia,Gdynia,Gdynia,pomorskie
81-086,Gdynia,Gdynia,Gdynia,pomorskie
81-379,Gdynia,Gdynia,Gdynia,pomorskie
81-350,Gdynia,Gdynia,Gdynia,pomorskie
81-124,Gdynia,Gdynia,Gdynia,pomorskie
81-303,Gdynia,Gdynia,Gdynia,pomorskie
81-650,Gdynia,Gdynia,Gdynia,pomorskie
81-175,Gdynia,Gdynia,Gdynia,pomorskie
81-558,Gdynia,Gdynia,Gdynia,pomorskie
81-332,Gdynia,Gdynia,Gdynia,pomorskie
81-327,Gdynia,Gdynia,Gdynia,pomorskie
81-164,Gdynia,Gdynia,Gdynia,pomorskie
81-223,Gdynia,Gdynia,Gdynia,pomorskie
81-232,Gdynia,Gdynia,Gdynia,pomorskie
81-519,Gdynia,Gdynia,Gdynia,pomorskie
81-221,Gdynia,Gdynia,Gdynia,pomorskie
81-651,Gdynia,Gdynia,Gdynia,pomorskie
81-424,Gdynia,Gdynia,Gdynia,pomorskie
81-404,Gdynia,Gdynia,Gdynia,pomorskie
81-411,Gdynia,Gdynia,Gdynia,pomorskie
81-456,Gdynia,Gdynia,Gdynia,pomorskie
81-210,Gdynia,Gdynia,Gdynia,pomorskie
81-189,Gdynia,Gdynia,Gdynia,pomorskie
81-469,Gdynia,Gdynia,Gdynia,pomorskie
81-514,Gdynia,Gdynia,Gdynia,pomorskie
81-370,Gdynia,Gdynia,Gdynia,pomorskie
81-377,Gdynia,Gdynia,Gdynia,pomorskie
81-385,Gdynia,Gdynia,Gdynia,pomorskie
81-178,Gdynia,Gdynia,Gdynia,pomorskie
81-269,Gdynia,Gdynia,Gdynia,pomorskie
81-541,Gdynia,Gdynia,Gdynia,pomorskie
81-329,Gdynia,Gdynia,Gdynia,pomorskie
81-625,Gdynia,Gdynia,Gdynia,pomorskie
81-003,Gdynia,Gdynia,Gdynia,pomorskie
81-305,Gdynia,Gdynia,Gdynia,pomorskie
81-554,Gdynia,Gdynia,Gdynia,pomorskie
81-162,Gdynia,Gdynia,Gdynia,pomorskie
81-156,Gdynia,Gdynia,Gdynia,pomorskie
81-638,Gdynia,Gdynia,Gdynia,pomorskie
81-306,Gdynia,Gdynia,Gdynia,pomorskie
81-405,Gdynia,Gdynia,Gdynia,pomorskie
81-413,Gdynia,Gdynia,Gdynia,pomorskie
81-429,Gdynia,Gdynia,Gdynia,pomorskie
81-472,Gdynia,Gdynia,Gdynia,pomorskie
81-463,Gdynia,Gdynia,Gdynia,pomorskie
81-200,Gdynia,Gdynia,Gdynia,pomorskie
81-504,Gdynia,Gdynia,Gdynia,pomorskie
81-321,Gdynia,Gdynia,Gdynia,pomorskie
81-539,Gdynia,Gdynia,Gdynia,pomorskie
81-544,Gdynia,Gdynia,Gdynia,pomorskie
81-066,Gdynia,Gdynia,Gdynia,pomorskie
81-364,Gdynia,Gdynia,Gdynia,pomorskie
81-468,Gdynia,Gdynia,Gdynia,pomorskie
81-657,Gdynia,Gdynia,Gdynia,pomorskie
81-500,Gdynia,Gdynia,Gdynia,pomorskie
81-537,Gdynia,Gdynia,Gdynia,pomorskie
81-272,Gdynia,Gdynia,Gdynia,pomorskie
81-357,Gdynia,Gdynia,Gdynia,pomorskie
81-363,Gdynia,Gdynia,Gdynia,pomorskie
81-396,Gdynia,Gdynia,Gdynia,pomorskie
81-122,Gdynia,Gdynia,Gdynia,pomorskie
81-595,Gdynia,Gdynia,Gdynia,pomorskie
81-083,Gdynia,Gdynia,Gdynia,pomorskie
81-593,Gdynia,Gdynia,Gdynia,pomorskie
81-654,Gdynia,Gdynia,Gdynia,pomorskie
81-555,Gdynia,Gdynia,Gdynia,pomorskie
81-152,Gdynia,Gdynia,Gdynia,pomorskie
81-383,Gdynia,Gdynia,Gdynia,pomorskie
81-081,Gdynia,Gdynia,Gdynia,pomorskie
81-102,Gdynia,Gdynia,Gdynia,pomorskie
81-312,Gdynia,Gdynia,Gdynia,pomorskie
81-523,Gdynia,Gdynia,Gdynia,pomorskie
81-146,Gdynia,Gdynia,Gdynia,pomorskie
81-062,Gdynia,Gdynia,Gdynia,pomorskie
81-632,Gdynia,Gdynia,Gdynia,pomorskie
81-204,Gdynia,Gdynia,Gdynia,pomorskie
81-271,Gdynia,Gdynia,Gdynia,pomorskie
81-063,Gdynia,Gdynia,Gdynia,pomorskie
81-260,Gdynia,Gdynia,Gdynia,pomorskie
81-132,Gdynia,Gdynia,Gdynia,pomorskie
81-074,Gdynia,Gdynia,Gdynia,pomorskie
81-458,Gdynia,Gdynia,Gdynia,pomorskie
81-432,Gdynia,Gdynia,Gdynia,pomorskie
81-229,Gdynia,Gdynia,Gdynia,pomorskie
81-323,Gdynia,Gdynia,Gdynia,pomorskie
81-333,Gdynia,Gdynia,Gdynia,pomorskie
81-225,Gdynia,Gdynia,Gdynia,pomorskie
81-222,Gdynia,Gdynia,Gdynia,pomorskie
81-006,Gdynia,Gdynia,Gdynia,pomorskie
81-661,Gdynia,Gdynia,Gdynia,pomorskie
81-254,Gdynia,Gdynia,Gdynia,pomorskie
81-361,Gdynia,Gdynia,Gdynia,pomorskie
81-009,Gdynia,Gdynia,Gdynia,pomorskie
81-573,Gdynia,Gdynia,Gdynia,pomorskie
81-653,Gdynia,Gdynia,Gdynia,pomorskie
81-436,Gdynia,Gdynia,Gdynia,pomorskie
81-177,Gdynia,Gdynia,Gdynia,pomorskie
81-614,Gdynia,Gdynia,Gdynia,pomorskie
81-562,Gdynia,Gdynia,Gdynia,pomorskie
81-219,Gdynia,Gdynia,Gdynia,pomorskie
81-646,Gdynia,Gdynia,Gdynia,pomorskie
81-454,Gdynia,Gdynia,Gdynia,pomorskie
81-434,Gdynia,Gdynia,Gdynia,pomorskie
81-581,Gdynia,Gdynia,Gdynia,pomorskie
81-367,Gdynia,Gdynia,Gdynia,pomorskie
81-397,Gdynia,Gdynia,Gdynia,pomorskie
81-548,Gdynia,Gdynia,Gdynia,pomorskie
81-637,Gdynia,Gdynia,Gdynia,pomorskie
81-449,Gdynia,Gdynia,Gdynia,pomorskie
81-228,Gdynia,Gdynia,Gdynia,pomorskie
81-245,Gdynia,Gdynia,Gdynia,pomorskie
81-584,Gdynia,Gdynia,Gdynia,pomorskie
81-538,Gdynia,Gdynia,Gdynia,pomorskie
81-501,Gdynia,Gdynia,Gdynia,pomorskie
81-147,Gdynia,Gdynia,Gdynia,pomorskie
81-261,Gdynia,Gdynia,Gdynia,pomorskie
81-522,Gdynia,Gdynia,Gdynia,pomorskie
81-542,Gdynia,Gdynia,Gdynia,pomorskie
81-442,Gdynia,Gdynia,Gdynia,pomorskie
81-220,Gdynia,Gdynia,Gdynia,pomorskie
81-108,Gdynia,Gdynia,Gdynia,pomorskie
81-045,Gdynia,Gdynia,Gdynia,pomorskie
81-020,Gdynia,Gdynia,Gdynia,pomorskie
81-410,Gdynia,Gdynia,Gdynia,pomorskie
81-105,Gdynia,Gdynia,Gdynia,pomorskie
81-608,Gdynia,Gdynia,Gdynia,pomorskie
81-422,Gdynia,Gdynia,Gdynia,pomorskie
81-423,Gdynia,Gdynia,Gdynia,pomorskie
81-639,Gdynia,Gdynia,Gdynia,pomorskie
81-078,Gdynia,Gdynia,Gdynia,pomorskie
81-258,Gdynia,Gdynia,Gdynia,pomorskie
81-012,Gdynia,Gdynia,Gdynia,pomorskie
81-645,Gdynia,Gdynia,Gdynia,pomorskie
81-347,Gdynia,Gdynia,Gdynia,pomorskie
81-401,Gdynia,Gdynia,Gdynia,pomorskie
81-535,Gdynia,Gdynia,Gdynia,pomorskie
81-503,Gdynia,Gdynia,Gdynia,pomorskie
81-133,Gdynia,Gdynia,Gdynia,pomorskie
81-270,Gdynia,Gdynia,Gdynia,pomorskie
81-166,Gdynia,Gdynia,Gdynia,pomorskie
81-319,Gdynia,Gdynia,Gdynia,pomorskie
81-325,Gdynia,Gdynia,Gdynia,pomorskie
81-620,Gdynia,Gdynia,Gdynia,pomorskie
81-433,Gdynia,Gdynia,Gdynia,pomorskie
81-621,Gdynia,Gdynia,Gdynia,pomorskie
81-008,Gdynia,Gdynia,Gdynia,pomorskie
81-314,Gdynia,Gdynia,Gdynia,pomorskie
81-628,Gdynia,Gdynia,Gdynia,pomorskie
81-461,Gdynia,Gdynia,Gdynia,pomorskie
81-462,Gdynia,Gdynia,Gdynia,pomorskie
81-460,Gdynia,Gdynia,Gdynia,pomorskie
81-470,Gdynia,Gdynia,Gdynia,pomorskie
81-431,Gdynia,Gdynia,Gdynia,pomorskie
81-543,Gdynia,Gdynia,Gdynia,pomorskie
81-267,Gdynia,Gdynia,Gdynia,pomorskie
81-036,Gdynia,Gdynia,Gdynia,pomorskie
81-368,Gdynia,Gdynia,Gdynia,pomorskie
81-057,Gdynia,Gdynia,Gdynia,pomorskie
81-241,Gdynia,Gdynia,Gdynia,pomorskie
81-450,Gdynia,Gdynia,Gdynia,pomorskie
81-441,Gdynia,Gdynia,Gdynia,pomorskie
81-633,Gdynia,Gdynia,Gdynia,pomorskie
81-170,Gdynia,Gdynia,Gdynia,pomorskie
81-180,Gdynia,Gdynia,Gdynia,pomorskie
81-148,Gdynia,Gdynia,Gdynia,pomorskie
81-615,Gdynia,Gdynia,Gdynia,pomorskie
81-055,Gdynia,Gdynia,Gdynia,pomorskie
81-636,Gdynia,Gdynia,Gdynia,pomorskie
81-161,Gdynia,Gdynia,Gdynia,pomorskie
81-474,Gdynia,Gdynia,Gdynia,pomorskie
81-095,Gdynia,Gdynia,Gdynia,pomorskie
81-168,Gdynia,Gdynia,Gdynia,pomorskie
81-640,Gdynia,Gdynia,Gdynia,pomorskie
81-235,Gdynia,Gdynia,Gdynia,pomorskie
81-201,Gdynia,Gdynia,Gdynia,pomorskie
81-508,Gdynia,Gdynia,Gdynia,pomorskie
81-556,Gdynia,Gdynia,Gdynia,pomorskie
81-097,Gdynia,Gdynia,Gdynia,pomorskie
81-448,Gdynia,Gdynia,Gdynia,pomorskie
81-181,Gdynia,Gdynia,Gdynia,pomorskie
81-605,Gdynia,Gdynia,Gdynia,pomorskie
81-392,Gdynia,Gdynia,Gdynia,pomorskie
81-316,Gdynia,Gdynia,Gdynia,pomorskie
81-313,Gdynia,Gdynia,Gdynia,pomorskie
81-580,Gdynia,Gdynia,Gdynia,pomorskie
81-604,Gdynia,Gdynia,Gdynia,pomorskie
81-551,Gdynia,Gdynia,Gdynia,pomorskie
81-300,Gdynia,Gdynia,Gdynia,pomorskie
81-545,Gdynia,Gdynia,Gdynia,pomorskie
81-050,Gdynia,Gdynia,Gdynia,pomorskie
81-356,Gdynia,Gdynia,Gdynia,pomorskie
81-629,Gdynia,Gdynia,Gdynia,pomorskie
81-457,Gdynia,Gdynia,Gdynia,pomorskie
81-256,Gdynia,Gdynia,Gdynia,pomorskie
81-634,Gdynia,Gdynia,Gdynia,pomorskie
81-616,Gdynia,Gdynia,Gdynia,pomorskie
81-373,Gdynia,Gdynia,Gdynia,pomorskie
81-157,Gdynia,Gdynia,Gdynia,pomorskie
81-059,Gdynia,Gdynia,Gdynia,pomorskie
81-439,Gdynia,Gdynia,Gdynia,pomorskie
81-635,Gdynia,Gdynia,Gdynia,pomorskie
81-471,Gdynia,Gdynia,Gdynia,pomorskie
81-190,Gdynia,Gdynia,Gdynia,pomorskie
81-560,Gdynia,Gdynia,Gdynia,pomorskie
81-561,Gdynia,Gdynia,Gdynia,pomorskie
81-257,Gdynia,Gdynia,Gdynia,pomorskie
81-127,Gdynia,Gdynia,Gdynia,pomorskie
81-440,Gdynia,Gdynia,Gdynia,pomorskie
81-391,Gdynia,Gdynia,Gdynia,pomorskie
81-389,Gdynia,Gdynia,Gdynia,pomorskie
81-328,Gdynia,Gdynia,Gdynia,pomorskie
81-421,Gdynia,Gdynia,Gdynia,pomorskie
81-169,Gdynia,Gdynia,Gdynia,pomorskie
81-191,Gdynia,Gdynia,Gdynia,pomorskie
81-384,Gdynia,Gdynia,Gdynia,pomorskie
81-536,Gdynia,Gdynia,Gdynia,pomorskie
81-171,Gdynia,Gdynia,Gdynia,pomorskie
81-630,Gdynia,Gdynia,Gdynia,pomorskie
81-158,Gdynia,Gdynia,Gdynia,pomorskie
81-594,Gdynia,Gdynia,Gdynia,pomorskie
81-647,Gdynia,Gdynia,Gdynia,pomorskie
81-612,Gdynia,Gdynia,Gdynia,pomorskie
81-426,Gdynia,Gdynia,Gdynia,pomorskie
81-153,Gdynia,Gdynia,Gdynia,pomorskie
81-160,Gdynia,Gdynia,Gdynia,pomorskie
81-418,Gdynia,Gdynia,Gdynia,pomorskie
81-317,Gdynia,Gdynia,Gdynia,pomorskie
81-309,Gdynia,Gdynia,Gdynia,pomorskie
81-341,Gdynia,Gdynia,Gdynia,pomorskie
81-342,Gdynia,Gdynia,Gdynia,pomorskie
81-048,Gdynia,Gdynia,Gdynia,pomorskie
81-659,Gdynia,Gdynia,Gdynia,pomorskie
81-065,Gdynia,Gdynia,Gdynia,pomorskie
81-042,Gdynia,Gdynia,Gdynia,pomorskie
81-051,Gdynia,Gdynia,Gdynia,pomorskie
81-049,Gdynia,Gdynia,Gdynia,pomorskie
81-649,Gdynia,Gdynia,Gdynia,pomorskie
81-255,Gdynia,Gdynia,Gdynia,pomorskie
81-058,Gdynia,Gdynia,Gdynia,pomorskie
81-611,Gdynia,Gdynia,Gdynia,pomorskie
81-552,Gdynia,Gdynia,Gdynia,pomorskie
81-531,Gdynia,Gdynia,Gdynia,pomorskie
81-302,Gdynia,Gdynia,Gdynia,pomorskie
81-459,Gdynia,Gdynia,Gdynia,pomorskie
81-335,Gdynia,Gdynia,Gdynia,pomorskie
81-311,Gdynia,Gdynia,Gdynia,pomorskie
81-619,Gdynia,Gdynia,Gdynia,pomorskie
81-353,Gdynia,Gdynia,Gdynia,pomorskie
81-358,Gdynia,Gdynia,Gdynia,pomorskie
81-259,Gdynia,Gdynia,Gdynia,pomorskie
81-437,Gdynia,Gdynia,Gdynia,pomorskie
81-149,Gdynia,Gdynia,Gdynia,pomorskie
81-355,Gdynia,Gdynia,Gdynia,pomorskie
81-557,Gdynia,Gdynia,Gdynia,pomorskie
81-530,Gdynia,Gdynia,Gdynia,pomorskie
81-655,Gdynia,Gdynia,Gdynia,pomorskie
81-435,Gdynia,Gdynia,Gdynia,pomorskie
81-244,Gdynia,Gdynia,Gdynia,pomorskie
81-218,Gdynia,Gdynia,Gdynia,pomorskie
81-112,Gdynia,Gdynia,Gdynia,pomorskie
81-416,Gdynia,Gdynia,Gdynia,pomorskie
81-451,Gdynia,Gdynia,Gdynia,pomorskie
81-464,Gdynia,Gdynia,Gdynia,pomorskie
81-540,Gdynia,Gdynia,Gdynia,pomorskie
81-525,Gdynia,Gdynia,Gdynia,pomorskie
81-359,Gdynia,Gdynia,Gdynia,pomorskie
81-126,Gdynia,Gdynia,Gdynia,pomorskie
81-150,Gdynia,Gdynia,Gdynia,pomorskie
81-159,Gdynia,Gdynia,Gdynia,pomorskie
81-346,Gdynia,Gdynia,Gdynia,pomorskie
81-349,Gdynia,Gdynia,Gdynia,pomorskie
81-380,Gdynia,Gdynia,Gdynia,pomorskie
81-131,Gdynia,Gdynia,Gdynia,pomorskie
81-394,Gdynia,Gdynia,Gdynia,pomorskie
81-010,Gdynia,Gdynia,Gdynia,pomorskie
62-241,Gębarzewko,Czerniejewo,gnieźnieński,wielkopolskie
64-707,Gębice,Czarnków,czarnkowsko-,wielkopolskie
87-707,Gęsin,Zakrzewo,aleksandrowski,kujawsko-pomorskie
32-085,Giebułtów,Wieś,krakowski,małopolskie
37-300,Giedlarowa,Leżajsk,leżajski,podkarpackie
16-400,Gielniewo,Suwałki,suwalski,podlaskie
83-022,Giemlice,Wielkie,gdański,pomorskie
34-122,Gierałtowice,Wieprz,wadowicki,małopolskie
44-186,Gierałtowice,Gierałtowice,gliwicki,śląskie
14-229,Gierłoż,Lubawa,iławski,warmińsko-mazurskie
42-164,Giętkowizna,Lipie,kłobucki,śląskie
34-322,Gilowice,Gilowice,żywiecki,śląskie
32-353,Glanów,Trzyciąż,olkuski,małopolskie
32-412,Glichów,Wiśniowa,myślenicki,małopolskie
07-106,Glina,Miedzna,węgrowski,mazowieckie
38-103,Glinik,Strzyżów,strzyżowski,podkarpackie
38-131,Glinik,Frysztak,strzyżowski,podkarpackie
34-371,Glinka,Ujsoły,żywiecki,śląskie
58-320,Glinno,Walim,wałbrzyski,dolnośląskie
34-730,Glisne,Dolna,limanowski,małopolskie
69-210,Glisno,Lubniewice,sulęciński,lubuskie
44-102,Gliwice,Gliwice,Gliwice,śląskie
44-100,Gliwice,Gliwice,Gliwice,śląskie
44-122,Gliwice,Gliwice,Gliwice,śląskie
44-121,Gliwice,Gliwice,Gliwice,śląskie
44-117,Gliwice,Gliwice,Gliwice,śląskie
44-109,Gliwice,Gliwice,Gliwice,śląskie
44-151,Gliwice,Gliwice,Gliwice,śląskie
44-152,Gliwice,Gliwice,Gliwice,śląskie
44-164,Gliwice,Gliwice,Gliwice,śląskie
44-105,Gliwice,Gliwice,Gliwice,śląskie
44-114,Gliwice,Gliwice,Gliwice,śląskie
44-103,Gliwice,Gliwice,Gliwice,śląskie
44-141,Gliwice,Gliwice,Gliwice,śląskie
61-120,,Gliwice,Bolesława,Chrobrego
44-113,Gliwice,Gliwice,Gliwice,śląskie
44-119,Gliwice,Gliwice,Gliwice,śląskie
48-300,Głębinów,Nysa,nyski,opolskie
58-535,Głębock,Podgórzyn,karkonoski,dolnośląskie
18-305,Głębocz,Szumowo,zambrowski,podlaskie
78-551,Głęboczek,Czaplinek,drawski,zachodniopomorskie
33-350,Głębokie,Piwniczna-Zdrój,nowosądecki,małopolskie
38-480,Głębokie,Rymanów,krośnieński,podkarpackie
32-608,Głębowice,Osiek,oświęcimski,małopolskie
37-204,Głogowiec,Tryńcza,przeworski,podkarpackie
67-200,Głogów,Głogów,głogowski,dolnośląskie
67-211,Głogówko,Kotla,głogowski,dolnośląskie
38-455,Głowienka,Piastowe,krośnieński,podkarpackie
89-634,Główczewice,Brusy,chojnicki,pomorskie
64-735,Głuchowiec,Wronki,szamotulski,wielkopolskie
26-922,Głusiec,Sieciechów,kozienicki,mazowieckie
83-328,Głusino,Kartuzy,kartuski,pomorskie
58-340,Głuszyca,Głuszyca,wałbrzyski,dolnośląskie
63-522,Głuszyna,Kraszewice,ostrzeszowski,wielkopolskie
82-112,Gniazdowo,Ostaszewo,nowodworski,pomorskie
37-203,Gniewczyna,Tryńcza,przeworski,podkarpackie
62-073,Gnin,Rakoniewice,grodziski,wielkopolskie
39-105,Gnojnica,Ropczyce,ropczycko-,podkarpackie
32-864,Gnojnik,Gnojnik,brzeski,małopolskie
08-440,Gocław,Pilawa,garwoliński,mazowieckie
43-230,Goczałkowice-Zdrój,Goczałkowice-Zdrój,pszczyński,śląskie
58-152,Goczałków,Strzegom,świdnicki,dolnośląskie
07-322,Godlewo,Nur,ostrowski,mazowieckie
44-340,Godów,Godów,wodzisławski,śląskie
58-150,Godzieszówek,Strzegom,świdnicki,dolnośląskie
78-422,Godzimierz,Szczecinek,szczecinecki,zachodniopomorskie
72-317,Godziszewo,Resko,łobeski,zachodniopomorskie
43-376,Godziszka,Buczkowice,bielski,śląskie
47-320,Gogolin,Gogolin,krapkowicki,opolskie
86-011,Gogolinek,Koronowo,bydgoski,kujawsko-pomorskie
44-323,Gogołowa,Mszana,wodzisławski,śląskie
58-111,Gogołów,Świdnica,świdnicki,dolnośląskie
43-252,Golasowice,Pawłowice,pszczyński,śląskie
36-231,Golcowa,Domaradz,brzozowski,podkarpackie
73-102,Golczewo,Stargard,stargardzki,zachodniopomorskie
74-305,Golin,Pomorski,myśliborski,zachodniopomorskie
58-350,Golińsk,Mieroszów,wałbrzyski,dolnośląskie
30-698,Golkowice,Wieliczka,wielicki,małopolskie
72-332,Gołańcz,Trzebiatów,gryficki,zachodniopomorskie
62-291,Gołaszewo,Mieścisko,wągrowiecki,wielkopolskie
58-124,Gołaszyce,Żarów,świdnicki,dolnośląskie
09-151,Goławin,Wisłą,płoński,mazowieckie
83-033,Gołębiewo,Wielkie,gdański,pomorskie
27-540,Gołębiów,Lipnik,opatowski,świętokrzyskie
64-605,Gołębowo,Oborniki,obornicki,wielkopolskie
44-341,Gołkowice,Godów,wodzisławski,śląskie
87-322,Gołkówko,Bartniczka,brodnicki,kujawsko-pomorskie
83-316,Gołubie,Stężyca,kartuski,pomorskie
32-052,Gołuchowice,Skawina,krakowski,małopolskie
66-342,Goraj,Przytoczna,międzyrzecki,lubuskie
32-327,Gorenice,Olkusz,olkuski,małopolskie
83-311,Goręczyno,Somonino,kartuski,pomorskie
57-521,Gorzanów,Kłodzka,kłodzki,dolnośląskie
39-231,Gorzejowa,Brzostek,dębicki,podkarpackie
34-100,Gorzeń,Wadowice,wadowicki,małopolskie
66-400,Gorzów,Gorzów,Wielkopolski,lubuskie
88-405,Gorzyce,Żnin,żniński,kujawsko-pomorskie
39-432,Gorzyce,Gorzyce,tarnobrzeski,podkarpackie
44-350,Gorzyce,Gorzyce,wodzisławski,śląskie
87-705,Gosławice,Zakrzewo,aleksandrowski,kujawsko-pomorskie
77-114,Gostkowo,Bytów,bytowski,pomorskie
43-176,Gostyń,Wyry,mikołowski,śląskie
49-130,Goszczowice,Tułowice,opolski,opolskie
47-246,Goszyce,Bierawa,kędzierzyńsko-,opolskie
84-241,Gościcino,Wejherowo,wejherowski,pomorskie
64-611,Gościejewo,Rogoźno,obornicki,wielkopolskie
88-422,Gościeszyn,Rogowo,żniński,kujawsko-pomorskie
66-203,Gościkowo,Świebodzin,świebodziński,lubuskie
09-410,Goślice,Bielsk,płocki,mazowieckie
89-651,Gotelp,Czersk,chojnicki,pomorskie
32-048,Gotkowice,Jerzmanowice-Przeginia,krakowski,małopolskie
63-004,Gowarzewo,Kleszczewo,poznański,wielkopolskie
68-130,Gozdnica,Gozdnica,żagański,lubuskie
06-404,Goździe,Górna,ciechanowski,mazowieckie
09-216,Gójsk,Szczutowo,sierpecki,mazowieckie
05-124,Góra,Wieliszew,legionowski,mazowieckie
49-156,Góra,Niemodlin,opolski,opolskie
84-252,Góra,Wejherowo,wejherowski,pomorskie
39-204,Góra,Żyraków,dębicki,podkarpackie
42-575,Góra,Psary,będziński,śląskie
34-623,Góra,Jodłownik,limanowski,małopolskie
47-154,Góra,Leśnica,strzelecki,opolskie
42-421,Góra,Włodowice,zawierciański,śląskie
32-820,Górka,Szczurowa,brzeski,małopolskie
98-273,Górka,Klonowa,sieradzki,łódzkie
43-436,Górki,Brenna,cieszyński,śląskie
32-091,Górna,Michałowice,krakowski,małopolskie
26-230,Górniki,Radoszyce,konecki,świętokrzyskie
36-051,Górno,Małopolski,rzeszowski,podkarpackie
28-411,Góry,Michałów,pińczowski,świętokrzyskie
37-414,Gózd,Harasiuki,niżański,podkarpackie
38-232,Grab,Krempna,jasielski,podkarpackie
69-214,Grabno,Lubuskie,słubicki,lubuskie
32-853,Grabno,Wojnicz,tarnowski,małopolskie
32-640,Graboszyce,Zator,oświęcimski,małopolskie
42-454,Grabowa,Łazy,zawierciański,śląskie
86-300,Grabowiec,Grudziądz,grudziądzki,kujawsko-pomorskie
86-108,Grabowiec,Świecie,świecki,kujawsko-pomorskie
17-307,Grabowiec,Mielnik,siemiatycki,podlaskie
36-207,Grabownica,Brzozów,brzozowski,podkarpackie
13-113,Grabowo,Janowo,nidzicki,warmińsko-mazurskie
73-110,Grabowo,Stargard,stargardzki,zachodniopomorskie
83-403,Grabowo,Karczma,kościerski,pomorskie
62-304,Grabowo,Kołaczkowo,wrzesiński,wielkopolskie
15-523,Grabówka,Grabówka,białostocki,podlaskie
13-206,Gralewo,Płośnica,działdowski,warmińsko-mazurskie
64-421,Gralewo,Międzychód,międzychodzki,wielkopolskie
05-806,Granica,Michałowice,pruszkowski,mazowieckie
33-221,Grądy,Mędrzechów,dąbrowski,małopolskie
72-341,Grądy,Gryfice,gryficki,zachodniopomorskie
76-021,Grąpa,Manowo,koszaliński,zachodniopomorskie
83-121,Gręblin,Pelplin,tczewski,pomorskie
32-120,Grębocin,Brzesko,proszowicki,małopolskie
28-236,Grobla,Rytwiany,staszowski,świętokrzyskie
59-227,Groble,Chojnów,legnicki,dolnośląskie
27-545,Grocholice,Lipnik,opatowski,świętokrzyskie
58-141,Grochotów,Strzegom,świdnicki,dolnośląskie
87-611,Grochowalsk,Wisłą,lipnowski,kujawsko-pomorskie
37-733,Grochowce,Przemyśl,przemyski,podkarpackie
82-110,Grochowo,Sztutowo,nowodworski,pomorskie
08-111,Grochówka,Zbuczyn,siedlecki,mazowieckie
32-015,Grodkowice,Kłaj,wielicki,małopolskie
59-516,Grodziec,Zagrodno,złotoryjski,dolnośląskie
05-827,Grodzisk,Mazowiecki,grodziski,mazowieckie
47-175,Grodzisko,Opolskie,strzelecki,opolskie
38-102,Grodzisko,Strzyżów,strzyżowski,podkarpackie
42-130,Grodzisko,Wielka,kłobucki,śląskie
58-262,Grodziszcze,Stoszowice,ząbkowicki,dolnośląskie
32-615,Grojec,Oświęcim,oświęcimski,małopolskie
32-590,Gromiec,Libiąż,chrzanowski,małopolskie
34-400,Gronków,Targ,nowotarski,małopolskie
69-220,Gronów,Lubuskie,słubicki,lubuskie
66-220,Gronów,Łagów,świebodziński,lubuskie
34-406,Groń,Tatrzańska,tatrzański,małopolskie
33-331,Gródek,Grybów,nowosądecki,małopolskie
86-111,Gruczno,Świecie,świecki,kujawsko-pomorskie
37-742,Gruszowa,Fredropol,przemyski,podkarpackie
32-414,Gruszów,Raciechowice,myślenicki,małopolskie
59-620,Gryfów,Śląski,lwówecki,dolnośląskie
34-450,Grywałd,Dunajcem,nowotarski,małopolskie
48-325,Gryżów,Korfantów,nyski,opolskie
26-115,Grzybowa,Kościelne,skarżyski,świętokrzyskie
06-461,Grzybowo,Regimin,ciechanowski,mazowieckie
62-309,Grzybowo,Września,wrzesiński,wielkopolskie
78-132,Grzybowo,Kołobrzeg,kołobrzeski,zachodniopomorskie
39-308,Grzybów,Górne,mielecki,podkarpackie
64-723,Gulcz,Wieleń,czarnkowsko-,wielkopolskie
77-233,Gumieniec,Trzebielino,bytowski,pomorskie
11-041,Gutkowo,Jonkowo,olsztyński,warmińsko-mazurskie
07-304,Guty-Bujno,Mazowiecka,ostrowski,mazowieckie
42-772,Gwoździany,Pawonków,lubliniecki,śląskie
32-855,Gwoździec,Zakliczyn,tarnowski,małopolskie
38-116,Gwoźnica,Niebylec,strzyżowski,podkarpackie
36-213,Haczów,Haczów,brzozowski,podkarpackie
37-231,Hadle,Polski,przeworski,podkarpackie
15-593,Halickie,Zabłudów,białostocki,podlaskie
37-123,Handzlówka,Łańcut,łańcucki,podkarpackie
38-243,Harklowa,Skołyszyn,jasielski,podkarpackie
36-067,Harta,Dynów,rzeszowski,podkarpackie
43-419,Hażlach,Hażlach,cieszyński,śląskie
43-330,Hecznarowice,Wilamowice,bielski,śląskie
42-510,Hektary,Siewierz,będziński,śląskie
84-150,Hel,Hel,pucki,pomorskie
88-126,Helenowo,Kujawskie,inowrocławski,kujawsko-pomorskie
15-511,Henrykowo,Grabówka,białostocki,podlaskie
59-800,Henryków,Lubań,lubański,dolnośląskie
22-151,Henrysin,Chełm,chełmski,lubelskie
36-245,Hłudno,Nozdrzec,brzozowski,podkarpackie
37-714,Hnatkowice,Orły,przemyski,podkarpackie
38-535,Hołuczków,Wołoska,sanocki,podkarpackie
05-080,Hornówek,warszawski,zachodni,mazowieckie
16-001,Horodniany,Kościelny,białostocki,podlaskie
22-205,Horostyta,Wyryki,włodawski,lubelskie
22-525,Hrebenne,Horodło,hrubieszowski,lubelskie
37-724,Hruszowice,Stubno,przemyski,podkarpackie
15-378,Hryniewicze,Kościelny,białostocki,podlaskie
34-436,Huba,Czorsztyn,nowotarski,małopolskie
36-147,Hucina,Niwiska,kolbuszowski,podkarpackie
34-233,Hucisko,Stryszawa,suski,małopolskie
37-311,Hucisko,Leżajsk,leżajski,podkarpackie
37-230,Hucisko,Polski,przeworski,podkarpackie
36-206,Humniska,Brzozów,brzozowski,podkarpackie
37-705,Hureczko,Medyka,przemyski,podkarpackie
37-121,Husów,Markowa,łańcucki,podkarpackie
57-516,Huta,Kłodzka,kłodzki,dolnośląskie
89-413,Huta,Koronowo,bydgoski,kujawsko-pomorskie
64-708,Huta,Czarnków,czarnkowsko-,wielkopolskie
82-316,Huta,Milejewo,elbląski,warmińsko-mazurskie
42-274,Hutki,Konopiska,częstochowski,śląskie
42-450,Hutki-Kanki,Łazy,zawierciański,śląskie
37-743,Huwniki,Fredropol,przemyski,podkarpackie
84-223,Igrzyczno,Linia,wejherowski,pomorskie
33-132,Ilkowice,Żabno,tarnowski,małopolskie
43-394,Iłownica,Jasienica,bielski,śląskie
41-407,Imielin,Imielin,bieruńsko-lędziński,śląskie
73-132,Ininy,Suchań,stargardzki,zachodniopomorskie
88-100,Inowrocław,Inowrocław,inowrocławski,kujawsko-pomorskie
38-422,Iskrzynia,Korczyna,krośnieński,podkarpackie
43-470,Istebna,Istebna,cieszyński,śląskie
42-152,Iwanowice,Opatów,kłobucki,śląskie
89-512,Iwiec,Cekcyn,tucholski,kujawsko-pomorskie
78-451,Iwin,Grzmiąca,szczecinecki,zachodniopomorskie
59-720,Iwiny,Bolesławiecka,bolesławiecki,dolnośląskie
52-116,Iwiny,Siechnice,wrocławski,dolnośląskie
32-861,Iwkowa,Iwkowa,brzeski,małopolskie
38-440,Iwonicz,Iwonicz-Zdrój,krośnieński,podkarpackie
15-603,Izabelin,Kościelny,białostocki,podlaskie
36-203,Izdebki,Nozdrzec,brzozowski,podkarpackie
34-144,Izdebnik,Lanckorona,wadowicki,małopolskie
21-526,Jabłeczna,Sławatycze,bialski,lubelskie
34-480,Jabłonka,Jabłonka,nowotarski,małopolskie
47-263,Jaborowice,Cerekiew,kędzierzyńsko-,opolskie
58-373,Jaczków,Bór,wałbrzyski,dolnośląskie
38-532,Jaćmierz,Zarszyn,sanocki,podkarpackie
34-606,Jadamwola,Łukowica,limanowski,małopolskie
32-851,Jadowniki,Brzesko,brzeski,małopolskie
33-271,Jadowniki,Wietrzychowice,tarnowski,małopolskie
76-042,Jagielno,Manowo,koszaliński,zachodniopomorskie
58-125,Jagodnik,Świdnica,świdnicki,dolnośląskie
59-941,Jagodzin,Węgliniec,zgorzelecki,dolnośląskie
62-112,Jakubowo,Wągrowiec,wągrowiecki,wielkopolskie
59-170,Jakubowo,Przemków,polkowicki,dolnośląskie
78-641,Jamienko,Tuczno,wałecki,zachodniopomorskie
84-353,Jamy,Lęborska,lęborski,pomorskie
05-506,Janczewice,Lesznowola,piaseczyński,mazowieckie
33-322,Janczowa,Korzenna,nowosądecki,małopolskie
86-182,Jania,Świekatowo,świecki,kujawsko-pomorskie
68-121,Jankowa,Iłowa,żagański,lubuskie
43-215,Jankowice,Pszczyna,pszczyński,śląskie
47-430,Jankowice,Raciborska,raciborski,śląskie
44-264,Jankowice,Świerklany,rybnicki,śląskie
47-143,Janków,Ujazd,strzelecki,opolskie
58-520,Janowice,Wielkie,karkonoski,dolnośląskie
66-111,Janowiec,Babimost,zielonogórski,lubuskie
49-330,Janów,Olszanka,brzeski,opolskie
82-220,Janówka,Pole,malborski,pomorskie
48-267,Jarnołtówek,Głuchołazy,nyski,opolskie
64-225,Jaromierz,Siedlec,wolsztyński,wielkopolskie
62-292,Jaroszewo,Mieścisko,wągrowiecki,wielkopolskie
83-236,Jaroszewy,Skarszewy,starogardzki,pomorskie
83-206,Jaroszewy,Skarszewy,starogardzki,pomorskie
05-540,Jaroszowa,Prażmów,piaseczyński,mazowieckie
62-405,Jaroszyn,Lądek,słupecki,wielkopolskie
72-111,Jarszewko,Stepnica,goleniowski,zachodniopomorskie
72-306,Jasiel,Gryfice,gryficki,zachodniopomorskie
43-385,Jasienica,Jasienica,bielski,śląskie
36-220,Jasienica,Rosielna,brzozowski,podkarpackie
77-122,Jasień,Dąbrówka,bytowski,pomorskie
36-002,Jasionka,Trzebownisko,rzeszowski,podkarpackie
36-211,Jasionów,Haczów,brzozowski,podkarpackie
84-140,Jastarnia,Jastarnia,pucki,pomorskie
33-191,Jastrzębia,Ciężkowice,tarnowski,małopolskie
34-143,Jastrzębia,Lanckorona,wadowicki,małopolskie
84-104,Jastrzębia,Władysławowo,pucki,pomorskie
46-100,Jastrzębie,Namysłów,namysłowski,opolskie
44-330,Jastrzębie-Zdrój,Jastrzębie-Zdrój,Jastrzębie-Zdrój,śląskie
44-335,Jastrzębie-Zdrój,Jastrzębie-Zdrój,Jastrzębie-Zdrój,śląskie
44-338,Jastrzębie-Zdrój,Jastrzębie-Zdrój,Jastrzębie-Zdrój,śląskie
44-268,Jastrzębie-Zdrój,Jastrzębie-Zdrój,Jastrzębie-Zdrój,śląskie
44-337,Jastrzębie-Zdrój,Jastrzębie-Zdrój,Jastrzębie-Zdrój,śląskie
44-336,Jastrzębie-Zdrój,Jastrzębie-Zdrój,Jastrzębie-Zdrój,śląskie
34-106,Jaszczurowa,Mucharz,wadowicki,małopolskie
38-124,Jaszczurowa,Wiśniowa,strzyżowski,podkarpackie
32-626,Jawiszowice,Brzeszcze,oświęcimski,małopolskie
59-400,Jawor,Jawor,jaworski,dolnośląskie
57-514,Jaworek,Międzylesie,kłodzki,dolnośląskie
34-460,Jaworki,Szczawnica,nowotarski,małopolskie
37-232,Jawornik,Polski,przeworski,podkarpackie
43-384,Jaworze,Jaworze,bielski,śląskie
34-602,Jaworzna,Laskowa,limanowski,małopolskie
43-608,Jaworzno,Jaworzno,Jaworzno,śląskie
43-607,Jaworzno,Jaworzno,Jaworzno,śląskie
43-600,Jaworzno,Jaworzno,Jaworzno,śląskie
43-603,Jaworzno,Jaworzno,Jaworzno,śląskie
43-602,Jaworzno,Jaworzno,Jaworzno,śląskie
58-140,Jaworzyna,Śląska,świdnicki,dolnośląskie
43-476,Jaworzynka,Istebna,cieszyński,śląskie
05-501,Jazgarzewszczyzna,Lesznowola,piaseczyński,mazowieckie
78-114,Jazy,Dygowo,kołobrzeski,zachodniopomorskie
58-212,Jaźwina,Łagiewniki,dzierżoniowski,dolnośląskie
58-330,Jedlina-Zdrój,Jedlina-Zdrój,wałbrzyski,dolnośląskie
44-290,Jejkowice,Jejkowice,rybnicki,śląskie
58-560,Jelenia,Jelenia,Góra,dolnośląskie
58-570,Jelenia,Jelenia,Góra,dolnośląskie
58-506,Jelenia,Jelenia,Góra,dolnośląskie
07-302,Jelenie,Mazowiecka,ostrowski,mazowieckie
68-114,Jelenin,Żagań,żagański,lubuskie
83-123,Jeleń,Gniew,tczewski,pomorskie
34-340,Jeleśnia,Jeleśnia,żywiecki,śląskie
37-310,Jelna,Sarzyna,leżajski,podkarpackie
62-002,Jelonek,Las,poznański,wielkopolskie
57-215,Jemna,Stoszowice,ząbkowicki,dolnośląskie
88-234,Jerzyce,Kujawski,radziejowski,kujawsko-pomorskie
57-350,Jerzykowice,Kłodzki,kłodzki,dolnośląskie
67-415,Jesiona,Kolsko,nowosolski,lubuskie
66-440,Jezierce,Skwierzyna,międzyrzecki,lubuskie
62-072,Jeziorki,Stęszew,poznański,wielkopolskie
78-640,Jeziorki,Tuczno,wałecki,zachodniopomorskie
67-416,Jeziorna,Sól,nowosolski,lubuskie
38-533,Jędruszkowce,Sanok,sanocki,podkarpackie
47-171,Jędrynie,Opolskie,strzelecki,opolskie
58-207,Jędrzejowice,Dzierżoniów,dzierżoniowski,dolnośląskie
22-330,Joanin,Rudnik,krasnostawski,lubelskie
34-620,Jodłownik,Jodłownik,limanowski,małopolskie
37-564,Jodłówka,Pruchnik,jarosławski,podkarpackie
33-173,Jodłówka,Tuchów,tarnowski,małopolskie
33-150,Jodłówka-Wałki,Tarnów,tarnowski,małopolskie
09-131,Joniec,Joniec,płoński,mazowieckie
34-240,Jordanów,Jordanów,suski,małopolskie
22-172,Józefin,Fabryczny,chełmski,lubelskie
17-123,Józefin,Rudka,bielski,podlaskie
64-608,Józefinowo,Rogoźno,obornicki,wielkopolskie
87-806,Józefowo,Włocławek,włocławski,kujawsko-pomorskie
95-063,Józefów,Rogów,brzeziński,łódzkie
05-119,Józefów,Nieporęt,legionowski,mazowieckie
05-410,Józefów,Józefów,otwocki,mazowieckie
05-420,Józefów,Józefów,otwocki,mazowieckie
05-860,Józefów,warszawski,zachodni,mazowieckie
63-707,Józefów,Wielkopolski,krotoszyński,wielkopolskie
58-321,Jugowice,Walim,wałbrzyski,dolnośląskie
57-430,Jugów,Ruda,kłodzki,dolnośląskie
42-250,Julianka,Przyrów,częstochowski,śląskie
84-141,Jurata,Jastarnia,pucki,pomorskie
34-231,Juszczyn,Podhalański,suski,małopolskie
34-441,Kacwin,Niżne,nowotarski,małopolskie
66-007,Kaczenice,Bobrzański,zielonogórski,lubuskie
83-034,Kaczki,Wielkie,gdański,pomorskie
43-417,Kaczyce,Zebrzydowice,cieszyński,śląskie
46-048,Kadłub,Zębowice,oleski,opolskie
05-830,Kajetany,Nadarzyn,pruszkowski,mazowieckie
42-660,Kalety,Kalety,tarnogórski,śląskie
64-920,Kalina,Kaczory,pilski,wielkopolskie
64-427,Kaliska,Międzychód,międzychodzki,wielkopolskie
66-305,Kaława,Międzyrzecz,międzyrzecki,lubuskie
48-364,Kałków,Otmuchów,nyski,opolskie
34-383,Kamesznica,Milówka,żywiecki,śląskie
34-608,Kamienica,Kamienica,limanowski,małopolskie
83-342,Kamienica,Sierakowice,kartuski,pomorskie
42-260,Kamienica,Polska,częstochowski,śląskie
57-240,Kamieniec,Ząbkowicki,ząbkowicki,dolnośląskie
32-071,Kamień,Czernichów,krakowski,małopolskie
36-053,Kamień,Kamień,rzeszowski,podkarpackie
47-325,Kamień,Gogolin,krapkowicki,opolskie
07-202,Kamieńczyk,Wyszków,wyszkowski,mazowieckie
58-352,Kamionka,Mieroszów,wałbrzyski,dolnośląskie
47-214,Kamionka,Wieś,kędzierzyńsko-,opolskie
39-122,Kamionka,Ostrów,ropczycko-,podkarpackie
32-732,Kamionna,Trzciana,bocheński,małopolskie
05-805,Kanie,Brwinów,pruszkowski,mazowieckie
46-090,Kaniów,Popielów,opolski,opolskie
43-514,Kaniów,Bestwina,bielski,śląskie
42-693,Kanol,Młyn,tarnogórski,śląskie
84-350,Karlikowo,Lęborska,lęborski,pomorskie
46-037,Karłowice,Popielów,opolski,opolskie
48-387,Karłowice,Kamiennik,nyski,opolskie
64-212,Karna,Siedlec,wolsztyński,wielkopolskie
86-342,Karolewo,Osą,grudziądzki,kujawsko-pomorskie
83-251,Karolewo,Zblewo,starogardzki,pomorskie
42-240,Karolina,Rędziny,częstochowski,śląskie
97-213,Karolinów,Mazowiecki,tomaszowski,łódzkie
58-540,Karpacz,Karpacz,karkonoski,dolnośląskie
23-206,Karpiówka,Kraśnik,kraśnicki,lubelskie
84-105,Karwia,Władysławowo,pucki,pomorskie
52-200,Karwiany,Żórawina,wrocławski,dolnośląskie
09-413,Karwosieki-Cholewice,Duży,płocki,mazowieckie
22-121,Kasiłan,Leśniowice,chełmski,lubelskie
34-741,Kasina,Dolna,limanowski,małopolskie
34-734,Kasinka,Dolna,limanowski,małopolskie
40-467,Katowice,Katowice,Katowice,śląskie
40-750,Katowice,Katowice,Katowice,śląskie
40-069,Katowice,Katowice,Katowice,śląskie
40-599,Katowice,Katowice,Katowice,śląskie
40-459,Katowice,Katowice,Katowice,śląskie
40-458,Katowice,Katowice,Katowice,śląskie
40-110,Katowice,Katowice,Katowice,śląskie
40-102,Katowice,Katowice,Katowice,śląskie
40-310,Katowice,Katowice,Katowice,śląskie
40-522,Katowice,Katowice,Katowice,śląskie
40-020,Katowice,Katowice,Katowice,śląskie
40-152,Katowice,Katowice,Katowice,śląskie
40-153,Katowice,Katowice,Katowice,śląskie
40-500,Katowice,Katowice,Katowice,śląskie
40-341,Katowice,Katowice,Katowice,śląskie
40-061,Katowice,Katowice,Katowice,śląskie
40-855,Katowice,Katowice,Katowice,śląskie
40-422,Katowice,Katowice,Katowice,śląskie
40-463,Katowice,Katowice,Katowice,śląskie
40-698,Katowice,Katowice,Katowice,śląskie
40-671,Katowice,Katowice,Katowice,śląskie
40-672,Katowice,Katowice,Katowice,śląskie
40-748,Katowice,Katowice,Katowice,śląskie
40-696,Katowice,Katowice,Katowice,śląskie
40-045,Katowice,Katowice,Katowice,śląskie
40-318,Katowice,Katowice,Katowice,śląskie
40-749,Katowice,Katowice,Katowice,śląskie
40-862,Katowice,Katowice,Katowice,śląskie
40-115,Katowice,Katowice,Katowice,śląskie
40-779,Katowice,Katowice,Katowice,śląskie
40-778,Katowice,Katowice,Katowice,śląskie
40-007,Katowice,Katowice,Katowice,śląskie
40-668,Katowice,Katowice,Katowice,śląskie
40-053,Katowice,Katowice,Katowice,śląskie
40-470,Katowice,Katowice,Katowice,śląskie
40-683,Katowice,Katowice,Katowice,śląskie
40-836,Katowice,Katowice,Katowice,śląskie
40-820,Katowice,Katowice,Katowice,śląskie
40-484,Katowice,Katowice,Katowice,śląskie
40-518,Katowice,Katowice,Katowice,śląskie
40-356,Katowice,Katowice,Katowice,śląskie
40-384,Katowice,Katowice,Katowice,śląskie
40-383,Katowice,Katowice,Katowice,śląskie
40-777,Katowice,Katowice,Katowice,śląskie
40-673,Katowice,Katowice,Katowice,śląskie
40-677,Katowice,Katowice,Katowice,śląskie
40-738,Katowice,Katowice,Katowice,śląskie
40-728,Katowice,Katowice,Katowice,śląskie
40-300,Katowice,Katowice,Katowice,śląskie
40-177,Katowice,Katowice,Katowice,śląskie
40-644,Katowice,Katowice,Katowice,śląskie
40-113,Katowice,Katowice,Katowice,śląskie
40-859,Katowice,Katowice,Katowice,śląskie
40-847,Katowice,Katowice,Katowice,śląskie
40-816,Katowice,Katowice,Katowice,śląskie
40-593,Katowice,Katowice,Katowice,śląskie
40-226,Katowice,Katowice,Katowice,śląskie
40-215,Katowice,Katowice,Katowice,śląskie
40-850,Katowice,Katowice,Katowice,śląskie
40-231,Katowice,Katowice,Katowice,śląskie
40-772,Katowice,Katowice,Katowice,śląskie
40-881,Katowice,Katowice,Katowice,śląskie
40-870,Katowice,Katowice,Katowice,śląskie
40-411,Katowice,Katowice,Katowice,śląskie
40-209,Katowice,Katowice,Katowice,śląskie
40-348,Katowice,Katowice,Katowice,śląskie
40-638,Katowice,Katowice,Katowice,śląskie
40-692,Katowice,Katowice,Katowice,śląskie
40-754,Katowice,Katowice,Katowice,śląskie
40-858,Katowice,Katowice,Katowice,śląskie
40-723,Katowice,Katowice,Katowice,śląskie
40-131,Katowice,Katowice,Katowice,śląskie
40-739,Katowice,Katowice,Katowice,śląskie
40-807,Katowice,Katowice,Katowice,śląskie
40-358,Katowice,Katowice,Katowice,śląskie
40-585,Katowice,Katowice,Katowice,śląskie
40-584,Katowice,Katowice,Katowice,śląskie
40-112,Katowice,Katowice,Katowice,śląskie
40-170,Katowice,Katowice,Katowice,śląskie
40-301,Katowice,Katowice,Katowice,śląskie
40-108,Katowice,Katowice,Katowice,śląskie
40-234,Katowice,Katowice,Katowice,śląskie
40-147,Katowice,Katowice,Katowice,śląskie
40-148,Katowice,Katowice,Katowice,śląskie
40-149,Katowice,Katowice,Katowice,śląskie
40-410,Katowice,Katowice,Katowice,śląskie
40-162,Katowice,Katowice,Katowice,śląskie
40-514,Katowice,Katowice,Katowice,śląskie
40-697,Katowice,Katowice,Katowice,śląskie
40-375,Katowice,Katowice,Katowice,śląskie
40-311,Katowice,Katowice,Katowice,śląskie
40-655,Katowice,Katowice,Katowice,śląskie
40-669,Katowice,Katowice,Katowice,śląskie
40-764,Katowice,Katowice,Katowice,śląskie
40-845,Katowice,Katowice,Katowice,śląskie
40-863,Katowice,Katowice,Katowice,śląskie
40-093,Katowice,Katowice,Katowice,śląskie
40-121,Katowice,Katowice,Katowice,śląskie
40-101,Katowice,Katowice,Katowice,śląskie
40-238,Katowice,Katowice,Katowice,śląskie
40-116,Katowice,Katowice,Katowice,śląskie
40-379,Katowice,Katowice,Katowice,śląskie
40-763,Katowice,Katowice,Katowice,śląskie
40-534,Katowice,Katowice,Katowice,śląskie
40-401,Katowice,Katowice,Katowice,śląskie
40-058,Katowice,Katowice,Katowice,śląskie
40-057,Katowice,Katowice,Katowice,śląskie
40-713,Katowice,Katowice,Katowice,śląskie
40-240,Katowice,Katowice,Katowice,śląskie
40-239,Katowice,Katowice,Katowice,śląskie
40-288,Katowice,Katowice,Katowice,śląskie
40-225,Katowice,Katowice,Katowice,śląskie
40-044,Katowice,Katowice,Katowice,śląskie
40-123,Katowice,Katowice,Katowice,śląskie
40-537,Katowice,Katowice,Katowice,śląskie
40-022,Katowice,Katowice,Katowice,śląskie
40-980,Katowice,Katowice,Katowice,śląskie
40-682,Katowice,Katowice,Katowice,śląskie
40-823,Katowice,Katowice,Katowice,śląskie
40-834,Katowice,Katowice,Katowice,śląskie
40-032,Katowice,Katowice,Katowice,śląskie
40-575,Katowice,Katowice,Katowice,śląskie
40-081,Katowice,Katowice,Katowice,śląskie
40-143,Katowice,Katowice,Katowice,śląskie
40-103,Katowice,Katowice,Katowice,śląskie
40-104,Katowice,Katowice,Katowice,śląskie
40-107,Katowice,Katowice,Katowice,śląskie
40-106,Katowice,Katowice,Katowice,śląskie
40-109,Katowice,Katowice,Katowice,śląskie
40-224,Katowice,Katowice,Katowice,śląskie
40-119,Katowice,Katowice,Katowice,śląskie
40-810,Katowice,Katowice,Katowice,śląskie
40-205,Katowice,Katowice,Katowice,śląskie
40-303,Katowice,Katowice,Katowice,śląskie
40-598,Katowice,Katowice,Katowice,śląskie
40-042,Katowice,Katowice,Katowice,śląskie
40-074,Katowice,Katowice,Katowice,śląskie
40-530,Katowice,Katowice,Katowice,śląskie
40-059,Katowice,Katowice,Katowice,śląskie
40-008,Katowice,Katowice,Katowice,śląskie
40-833,Katowice,Katowice,Katowice,śląskie
40-127,Katowice,Katowice,Katowice,śląskie
40-012,Katowice,Katowice,Katowice,śląskie
40-013,Katowice,Katowice,Katowice,śląskie
40-317,Katowice,Katowice,Katowice,śląskie
40-460,Katowice,Katowice,Katowice,śląskie
40-675,Katowice,Katowice,Katowice,śląskie
40-559,Katowice,Katowice,Katowice,śląskie
40-596,Katowice,Katowice,Katowice,śląskie
40-532,Katowice,Katowice,Katowice,śląskie
40-729,Katowice,Katowice,Katowice,śląskie
40-615,Katowice,Katowice,Katowice,śląskie
40-611,Katowice,Katowice,Katowice,śląskie
40-421,Katowice,Katowice,Katowice,śląskie
40-565,Katowice,Katowice,Katowice,śląskie
40-046,Katowice,Katowice,Katowice,śląskie
40-588,Katowice,Katowice,Katowice,śląskie
40-060,Katowice,Katowice,Katowice,śląskie
40-228,Katowice,Katowice,Katowice,śląskie
40-286,Katowice,Katowice,Katowice,śląskie
40-707,Katowice,Katowice,Katowice,śląskie
40-708,Katowice,Katowice,Katowice,śląskie
40-015,Katowice,Katowice,Katowice,śląskie
40-027,Katowice,Katowice,Katowice,śląskie
40-028,Katowice,Katowice,Katowice,śląskie
40-507,Katowice,Katowice,Katowice,śląskie
40-506,Katowice,Katowice,Katowice,śląskie
40-662,Katowice,Katowice,Katowice,śląskie
40-721,Katowice,Katowice,Katowice,śląskie
40-594,Katowice,Katowice,Katowice,śląskie
40-587,Katowice,Katowice,Katowice,śląskie
40-071,Katowice,Katowice,Katowice,śląskie
40-527,Katowice,Katowice,Katowice,śląskie
40-719,Katowice,Katowice,Katowice,śląskie
40-688,Katowice,Katowice,Katowice,śląskie
40-536,Katowice,Katowice,Katowice,śląskie
40-630,Katowice,Katowice,Katowice,śląskie
40-079,Katowice,Katowice,Katowice,śląskie
40-853,Katowice,Katowice,Katowice,śląskie
40-854,Katowice,Katowice,Katowice,śląskie
40-857,Katowice,Katowice,Katowice,śląskie
40-860,Katowice,Katowice,Katowice,śląskie
40-660,Katowice,Katowice,Katowice,śląskie
40-661,Katowice,Katowice,Katowice,śląskie
40-052,Katowice,Katowice,Katowice,śląskie
40-078,Katowice,Katowice,Katowice,śląskie
40-558,Katowice,Katowice,Katowice,śląskie
40-720,Katowice,Katowice,Katowice,śląskie
40-432,Katowice,Katowice,Katowice,śląskie
40-477,Katowice,Katowice,Katowice,śląskie
40-204,Katowice,Katowice,Katowice,śląskie
40-173,Katowice,Katowice,Katowice,śląskie
40-494,Katowice,Katowice,Katowice,śląskie
40-469,Katowice,Katowice,Katowice,śląskie
40-468,Katowice,Katowice,Katowice,śląskie
40-133,Katowice,Katowice,Katowice,śląskie
40-511,Katowice,Katowice,Katowice,śląskie
40-213,Katowice,Katowice,Katowice,śląskie
40-172,Katowice,Katowice,Katowice,śląskie
40-826,Katowice,Katowice,Katowice,śląskie
40-499,Katowice,Katowice,Katowice,śląskie
40-017,Katowice,Katowice,Katowice,śląskie
40-018,Katowice,Katowice,Katowice,śląskie
40-126,Katowice,Katowice,Katowice,śląskie
40-407,Katowice,Katowice,Katowice,śląskie
40-771,Katowice,Katowice,Katowice,śląskie
40-681,Katowice,Katowice,Katowice,śląskie
40-709,Katowice,Katowice,Katowice,śląskie
40-309,Katowice,Katowice,Katowice,śląskie
40-751,Katowice,Katowice,Katowice,śląskie
40-625,Katowice,Katowice,Katowice,śląskie
40-560,Katowice,Katowice,Katowice,śląskie
40-166,Katowice,Katowice,Katowice,śląskie
40-321,Katowice,Katowice,Katowice,śląskie
40-320,Katowice,Katowice,Katowice,śląskie
40-229,Katowice,Katowice,Katowice,śląskie
40-659,Katowice,Katowice,Katowice,śląskie
40-620,Katowice,Katowice,Katowice,śląskie
40-876,Katowice,Katowice,Katowice,śląskie
40-579,Katowice,Katowice,Katowice,śląskie
40-175,Katowice,Katowice,Katowice,śląskie
40-542,Katowice,Katowice,Katowice,śląskie
40-543,Katowice,Katowice,Katowice,śląskie
40-736,Katowice,Katowice,Katowice,śląskie
40-241,Katowice,Katowice,Katowice,śląskie
40-134,Katowice,Katowice,Katowice,śląskie
40-111,Katowice,Katowice,Katowice,śląskie
40-019,Katowice,Katowice,Katowice,śląskie
40-036,Katowice,Katowice,Katowice,śląskie
40-035,Katowice,Katowice,Katowice,śląskie
40-626,Katowice,Katowice,Katowice,śląskie
40-082,Katowice,Katowice,Katowice,śląskie
40-612,Katowice,Katowice,Katowice,śląskie
40-613,Katowice,Katowice,Katowice,śląskie
40-616,Katowice,Katowice,Katowice,śląskie
40-617,Katowice,Katowice,Katowice,śląskie
40-684,Katowice,Katowice,Katowice,śląskie
40-423,Katowice,Katowice,Katowice,śląskie
40-769,Katowice,Katowice,Katowice,śląskie
40-580,Katowice,Katowice,Katowice,śląskie
40-629,Katowice,Katowice,Katowice,śląskie
40-117,Katowice,Katowice,Katowice,śląskie
40-622,Katowice,Katowice,Katowice,śląskie
40-650,Katowice,Katowice,Katowice,śląskie
40-651,Katowice,Katowice,Katowice,śląskie
40-529,Katowice,Katowice,Katowice,śląskie
40-531,Katowice,Katowice,Katowice,śląskie
40-158,Katowice,Katowice,Katowice,śląskie
40-150,Katowice,Katowice,Katowice,śląskie
40-043,Katowice,Katowice,Katowice,śląskie
40-056,Katowice,Katowice,Katowice,śląskie
40-144,Katowice,Katowice,Katowice,śląskie
40-145,Katowice,Katowice,Katowice,śląskie
40-759,Katowice,Katowice,Katowice,śląskie
40-685,Katowice,Katowice,Katowice,śląskie
40-167,Katowice,Katowice,Katowice,śląskie
40-703,Katowice,Katowice,Katowice,śląskie
40-067,Katowice,Katowice,Katowice,śląskie
40-535,Katowice,Katowice,Katowice,śląskie
40-381,Katowice,Katowice,Katowice,śląskie
40-510,Katowice,Katowice,Katowice,śląskie
40-488,Katowice,Katowice,Katowice,śląskie
40-489,Katowice,Katowice,Katowice,śląskie
40-483,Katowice,Katowice,Katowice,śląskie
40-186,Katowice,Katowice,Katowice,śląskie
40-216,Katowice,Katowice,Katowice,śląskie
40-670,Katowice,Katowice,Katowice,śląskie
40-731,Katowice,Katowice,Katowice,śląskie
40-174,Katowice,Katowice,Katowice,śląskie
40-165,Katowice,Katowice,Katowice,śląskie
40-766,Katowice,Katowice,Katowice,śląskie
40-621,Katowice,Katowice,Katowice,śląskie
40-583,Katowice,Katowice,Katowice,śląskie
40-724,Katowice,Katowice,Katowice,śląskie
40-753,Katowice,Katowice,Katowice,śląskie
40-062,Katowice,Katowice,Katowice,śląskie
40-168,Katowice,Katowice,Katowice,śląskie
40-702,Katowice,Katowice,Katowice,śląskie
40-705,Katowice,Katowice,Katowice,śląskie
40-704,Katowice,Katowice,Katowice,śląskie
40-026,Katowice,Katowice,Katowice,śląskie
40-817,Katowice,Katowice,Katowice,śląskie
40-818,Katowice,Katowice,Katowice,śląskie
40-357,Katowice,Katowice,Katowice,śląskie
40-768,Katowice,Katowice,Katowice,śląskie
40-706,Katowice,Katowice,Katowice,śląskie
40-601,Katowice,Katowice,Katowice,śląskie
40-606,Katowice,Katowice,Katowice,śląskie
40-602,Katowice,Katowice,Katowice,śląskie
40-486,Katowice,Katowice,Katowice,śląskie
40-848,Katowice,Katowice,Katowice,śląskie
40-633,Katowice,Katowice,Katowice,śląskie
40-718,Katowice,Katowice,Katowice,śląskie
40-386,Katowice,Katowice,Katowice,śląskie
40-804,Katowice,Katowice,Katowice,śląskie
40-072,Katowice,Katowice,Katowice,śląskie
40-040,Katowice,Katowice,Katowice,śląskie
40-155,Katowice,Katowice,Katowice,śląskie
40-049,Katowice,Katowice,Katowice,śląskie
40-064,Katowice,Katowice,Katowice,śląskie
40-338,Katowice,Katowice,Katowice,śląskie
40-340,Katowice,Katowice,Katowice,śląskie
40-765,Katowice,Katowice,Katowice,śląskie
40-521,Katowice,Katowice,Katowice,śląskie
40-667,Katowice,Katowice,Katowice,śląskie
40-457,Katowice,Katowice,Katowice,śląskie
40-541,Katowice,Katowice,Katowice,śląskie
40-653,Katowice,Katowice,Katowice,śląskie
40-578,Katowice,Katowice,Katowice,śląskie
40-844,Katowice,Katowice,Katowice,śląskie
40-674,Katowice,Katowice,Katowice,śląskie
40-664,Katowice,Katowice,Katowice,śląskie
40-717,Katowice,Katowice,Katowice,śląskie
40-068,Katowice,Katowice,Katowice,śląskie
40-781,Katowice,Katowice,Katowice,śląskie
40-048,Katowice,Katowice,Katowice,śląskie
40-047,Katowice,Katowice,Katowice,śląskie
40-519,Katowice,Katowice,Katowice,śląskie
40-523,Katowice,Katowice,Katowice,śląskie
40-524,Katowice,Katowice,Katowice,śląskie
40-525,Katowice,Katowice,Katowice,śląskie
40-600,Katowice,Katowice,Katowice,śląskie
40-608,Katowice,Katowice,Katowice,śląskie
40-139,Katowice,Katowice,Katowice,śląskie
40-211,Katowice,Katowice,Katowice,śląskie
40-076,Katowice,Katowice,Katowice,śląskie
40-141,Katowice,Katowice,Katowice,śląskie
40-285,Katowice,Katowice,Katowice,śląskie
40-391,Katowice,Katowice,Katowice,śląskie
40-393,Katowice,Katowice,Katowice,śląskie
40-212,Katowice,Katowice,Katowice,śląskie
40-562,Katowice,Katowice,Katowice,śląskie
40-639,Katowice,Katowice,Katowice,śląskie
40-758,Katowice,Katowice,Katowice,śląskie
40-756,Katowice,Katowice,Katowice,śląskie
40-637,Katowice,Katowice,Katowice,śląskie
40-513,Katowice,Katowice,Katowice,śląskie
40-014,Katowice,Katowice,Katowice,śląskie
40-725,Katowice,Katowice,Katowice,śląskie
40-070,Katowice,Katowice,Katowice,śląskie
40-219,Katowice,Katowice,Katowice,śląskie
40-533,Katowice,Katowice,Katowice,śląskie
40-434,Katowice,Katowice,Katowice,śląskie
40-783,Katowice,Katowice,Katowice,śląskie
40-824,Katowice,Katowice,Katowice,śląskie
40-465,Katowice,Katowice,Katowice,śląskie
40-632,Katowice,Katowice,Katowice,śląskie
40-302,Katowice,Katowice,Katowice,śląskie
40-609,Katowice,Katowice,Katowice,śląskie
40-628,Katowice,Katowice,Katowice,śląskie
40-189,Katowice,Katowice,Katowice,śląskie
40-188,Katowice,Katowice,Katowice,śląskie
40-576,Katowice,Katowice,Katowice,śląskie
40-624,Katowice,Katowice,Katowice,śląskie
40-406,Katowice,Katowice,Katowice,śląskie
40-412,Katowice,Katowice,Katowice,śląskie
40-551,Katowice,Katowice,Katowice,śląskie
40-570,Katowice,Katowice,Katowice,śląskie
40-569,Katowice,Katowice,Katowice,śląskie
40-568,Katowice,Katowice,Katowice,śląskie
40-037,Katowice,Katowice,Katowice,śląskie
40-631,Katowice,Katowice,Katowice,śląskie
40-387,Katowice,Katowice,Katowice,śląskie
40-030,Katowice,Katowice,Katowice,śląskie
40-038,Katowice,Katowice,Katowice,śląskie
40-271,Katowice,Katowice,Katowice,śląskie
40-272,Katowice,Katowice,Katowice,śląskie
40-010,Katowice,Katowice,Katowice,śląskie
40-582,Katowice,Katowice,Katowice,śląskie
40-770,Katowice,Katowice,Katowice,śląskie
40-176,Katowice,Katowice,Katowice,śląskie
40-389,Katowice,Katowice,Katowice,śląskie
40-414,Katowice,Katowice,Katowice,śląskie
40-236,Katowice,Katowice,Katowice,śląskie
40-648,Katowice,Katowice,Katowice,śląskie
40-647,Katowice,Katowice,Katowice,śląskie
40-852,Katowice,Katowice,Katowice,śląskie
40-315,Katowice,Katowice,Katowice,śląskie
40-284,Katowice,Katowice,Katowice,śląskie
40-287,Katowice,Katowice,Katowice,śląskie
40-230,Katowice,Katowice,Katowice,śląskie
40-235,Katowice,Katowice,Katowice,śląskie
40-237,Katowice,Katowice,Katowice,śląskie
40-096,Katowice,Katowice,Katowice,śląskie
40-097,Katowice,Katowice,Katowice,śląskie
40-757,Katowice,Katowice,Katowice,śląskie
40-689,Katowice,Katowice,Katowice,śląskie
40-737,Katowice,Katowice,Katowice,śląskie
40-233,Katowice,Katowice,Katowice,śląskie
40-098,Katowice,Katowice,Katowice,śląskie
40-656,Katowice,Katowice,Katowice,śląskie
40-077,Katowice,Katowice,Katowice,śląskie
40-732,Katowice,Katowice,Katowice,śląskie
40-730,Katowice,Katowice,Katowice,śląskie
40-752,Katowice,Katowice,Katowice,śląskie
40-526,Katowice,Katowice,Katowice,śląskie
40-838,Katowice,Katowice,Katowice,śląskie
40-092,Katowice,Katowice,Katowice,śląskie
40-085,Katowice,Katowice,Katowice,śląskie
40-877,Katowice,Katowice,Katowice,śląskie
40-066,Katowice,Katowice,Katowice,śląskie
40-065,Katowice,Katowice,Katowice,śląskie
40-592,Katowice,Katowice,Katowice,śląskie
40-146,Katowice,Katowice,Katowice,śląskie
40-312,Katowice,Katowice,Katowice,śląskie
40-464,Katowice,Katowice,Katowice,śląskie
40-586,Katowice,Katowice,Katowice,śląskie
40-129,Katowice,Katowice,Katowice,śląskie
40-485,Katowice,Katowice,Katowice,śląskie
40-142,Katowice,Katowice,Katowice,śląskie
40-171,Katowice,Katowice,Katowice,śląskie
40-005,Katowice,Katowice,Katowice,śląskie
40-353,Katowice,Katowice,Katowice,śląskie
40-218,Katowice,Katowice,Katowice,śląskie
40-124,Katowice,Katowice,Katowice,śląskie
40-841,Katowice,Katowice,Katowice,śląskie
40-646,Katowice,Katowice,Katowice,śląskie
40-316,Katowice,Katowice,Katowice,śląskie
40-508,Katowice,Katowice,Katowice,śląskie
40-266,Katowice,Katowice,Katowice,śląskie
40-265,Katowice,Katowice,Katowice,śląskie
40-487,Katowice,Katowice,Katowice,śląskie
40-452,Katowice,Katowice,Katowice,śląskie
40-453,Katowice,Katowice,Katowice,śląskie
40-016,Katowice,Katowice,Katowice,śląskie
40-179,Katowice,Katowice,Katowice,śląskie
40-206,Katowice,Katowice,Katowice,śląskie
40-425,Katowice,Katowice,Katowice,śląskie
40-678,Katowice,Katowice,Katowice,śląskie
40-140,Katowice,Katowice,Katowice,śląskie
40-803,Katowice,Katowice,Katowice,śląskie
40-217,Katowice,Katowice,Katowice,śląskie
40-351,Katowice,Katowice,Katowice,śląskie
40-336,Katowice,Katowice,Katowice,śląskie
40-335,Katowice,Katowice,Katowice,śląskie
40-334,Katowice,Katowice,Katowice,śląskie
40-413,Katowice,Katowice,Katowice,śląskie
40-290,Katowice,Katowice,Katowice,śląskie
40-808,Katowice,Katowice,Katowice,śląskie
40-715,Katowice,Katowice,Katowice,śląskie
40-084,Katowice,Katowice,Katowice,śląskie
40-164,Katowice,Katowice,Katowice,śląskie
40-553,Katowice,Katowice,Katowice,śląskie
40-676,Katowice,Katowice,Katowice,śląskie
40-581,Katowice,Katowice,Katowice,śląskie
40-360,Katowice,Katowice,Katowice,śląskie
40-181,Katowice,Katowice,Katowice,śląskie
40-843,Katowice,Katowice,Katowice,śląskie
40-403,Katowice,Katowice,Katowice,śląskie
40-404,Katowice,Katowice,Katowice,śląskie
40-405,Katowice,Katowice,Katowice,śląskie
40-780,Katowice,Katowice,Katowice,śląskie
40-281,Katowice,Katowice,Katowice,śląskie
40-282,Katowice,Katowice,Katowice,śląskie
40-760,Katowice,Katowice,Katowice,śląskie
40-761,Katowice,Katowice,Katowice,śląskie
40-773,Katowice,Katowice,Katowice,śląskie
40-774,Katowice,Katowice,Katowice,śląskie
40-693,Katowice,Katowice,Katowice,śląskie
40-590,Katowice,Katowice,Katowice,śląskie
40-775,Katowice,Katowice,Katowice,śląskie
40-665,Katowice,Katowice,Katowice,śląskie
40-866,Katowice,Katowice,Katowice,śląskie
40-868,Katowice,Katowice,Katowice,śląskie
40-867,Katowice,Katowice,Katowice,śląskie
40-869,Katowice,Katowice,Katowice,śląskie
40-842,Katowice,Katowice,Katowice,śląskie
40-591,Katowice,Katowice,Katowice,śląskie
40-722,Katowice,Katowice,Katowice,śląskie
40-041,Katowice,Katowice,Katowice,śląskie
40-755,Katowice,Katowice,Katowice,śląskie
40-002,Katowice,Katowice,Katowice,śląskie
40-462,Katowice,Katowice,Katowice,śląskie
40-476,Katowice,Katowice,Katowice,śląskie
40-313,Katowice,Katowice,Katowice,śląskie
40-319,Katowice,Katowice,Katowice,śląskie
40-566,Katowice,Katowice,Katowice,śląskie
40-595,Katowice,Katowice,Katowice,śląskie
40-733,Katowice,Katowice,Katowice,śląskie
40-055,Katowice,Katowice,Katowice,śląskie
40-654,Katowice,Katowice,Katowice,śląskie
40-246,Katowice,Katowice,Katowice,śląskie
40-517,Katowice,Katowice,Katowice,śląskie
40-039,Katowice,Katowice,Katowice,śląskie
40-024,Katowice,Katowice,Katowice,śląskie
40-377,Katowice,Katowice,Katowice,śląskie
40-658,Katowice,Katowice,Katowice,śląskie
40-503,Katowice,Katowice,Katowice,śląskie
40-619,Katowice,Katowice,Katowice,śląskie
40-809,Katowice,Katowice,Katowice,śląskie
40-367,Katowice,Katowice,Katowice,śląskie
40-538,Katowice,Katowice,Katowice,śląskie
40-680,Katowice,Katowice,Katowice,śląskie
40-806,Katowice,Katowice,Katowice,śląskie
40-466,Katowice,Katowice,Katowice,śląskie
40-479,Katowice,Katowice,Katowice,śląskie
40-478,Katowice,Katowice,Katowice,śląskie
40-276,Katowice,Katowice,Katowice,śląskie
40-496,Katowice,Katowice,Katowice,śląskie
40-645,Katowice,Katowice,Katowice,śląskie
40-471,Katowice,Katowice,Katowice,śląskie
40-472,Katowice,Katowice,Katowice,śląskie
40-021,Katowice,Katowice,Katowice,śląskie
40-837,Katowice,Katowice,Katowice,śląskie
40-378,Katowice,Katowice,Katowice,śląskie
40-029,Katowice,Katowice,Katowice,śląskie
40-555,Katowice,Katowice,Katowice,śląskie
40-382,Katowice,Katowice,Katowice,śląskie
40-589,Katowice,Katowice,Katowice,śląskie
40-003,Katowice,Katowice,Katowice,śląskie
40-547,Katowice,Katowice,Katowice,śląskie
40-232,Katowice,Katowice,Katowice,śląskie
40-712,Katowice,Katowice,Katowice,śląskie
40-607,Katowice,Katowice,Katowice,śląskie
40-679,Katowice,Katowice,Katowice,śląskie
40-031,Katowice,Katowice,Katowice,śląskie
40-544,Katowice,Katowice,Katowice,śląskie
40-339,Katowice,Katowice,Katowice,śląskie
40-306,Katowice,Katowice,Katowice,śląskie
40-091,Katowice,Katowice,Katowice,śląskie
40-666,Katowice,Katowice,Katowice,śląskie
40-539,Katowice,Katowice,Katowice,śląskie
40-861,Katowice,Katowice,Katowice,śląskie
40-135,Katowice,Katowice,Katowice,śląskie
40-136,Katowice,Katowice,Katowice,śląskie
40-094,Katowice,Katowice,Katowice,śląskie
40-716,Katowice,Katowice,Katowice,śląskie
40-687,Katowice,Katowice,Katowice,śląskie
40-086,Katowice,Katowice,Katowice,śląskie
40-087,Katowice,Katowice,Katowice,śląskie
40-640,Katowice,Katowice,Katowice,śląskie
40-641,Katowice,Katowice,Katowice,śląskie
40-642,Katowice,Katowice,Katowice,śląskie
40-643,Katowice,Katowice,Katowice,śląskie
40-461,Katowice,Katowice,Katowice,śląskie
40-701,Katowice,Katowice,Katowice,śląskie
40-394,Katowice,Katowice,Katowice,śląskie
40-095,Katowice,Katowice,Katowice,śląskie
40-120,Katowice,Katowice,Katowice,śląskie
40-767,Katowice,Katowice,Katowice,śląskie
40-572,Katowice,Katowice,Katowice,śląskie
40-805,Katowice,Katowice,Katowice,śląskie
40-308,Katowice,Katowice,Katowice,śląskie
40-307,Katowice,Katowice,Katowice,śląskie
40-073,Katowice,Katowice,Katowice,śląskie
40-743,Katowice,Katowice,Katowice,śląskie
40-305,Katowice,Katowice,Katowice,śląskie
40-368,Katowice,Katowice,Katowice,śląskie
40-402,Katowice,Katowice,Katowice,śląskie
40-370,Katowice,Katowice,Katowice,śląskie
40-801,Katowice,Katowice,Katowice,śląskie
40-025,Katowice,Katowice,Katowice,śląskie
40-649,Katowice,Katowice,Katowice,śląskie
40-006,Katowice,Katowice,Katowice,śląskie
40-054,Katowice,Katowice,Katowice,śląskie
40-431,Katowice,Katowice,Katowice,śląskie
40-540,Katowice,Katowice,Katowice,śląskie
40-726,Katowice,Katowice,Katowice,śląskie
40-502,Katowice,Katowice,Katowice,śląskie
40-846,Katowice,Katowice,Katowice,śląskie
40-114,Katowice,Katowice,Katowice,śląskie
40-208,Katowice,Katowice,Katowice,śląskie
40-741,Katowice,Katowice,Katowice,śląskie
40-742,Katowice,Katowice,Katowice,śląskie
40-782,Katowice,Katowice,Katowice,śląskie
40-563,Katowice,Katowice,Katowice,śląskie
40-711,Katowice,Katowice,Katowice,śląskie
40-326,Katowice,Katowice,Katowice,śląskie
40-151,Katowice,Katowice,Katowice,śląskie
40-564,Katowice,Katowice,Katowice,śląskie
40-695,Katowice,Katowice,Katowice,śląskie
40-865,Katowice,Katowice,Katowice,śląskie
40-878,Katowice,Katowice,Katowice,śląskie
40-289,Katowice,Katowice,Katowice,śląskie
40-873,Katowice,Katowice,Katowice,śląskie
40-871,Katowice,Katowice,Katowice,śląskie
40-875,Katowice,Katowice,Katowice,śląskie
40-887,Katowice,Katowice,Katowice,śląskie
40-802,Katowice,Katowice,Katowice,śląskie
40-202,Katowice,Katowice,Katowice,śląskie
40-201,Katowice,Katowice,Katowice,śląskie
40-203,Katowice,Katowice,Katowice,śląskie
40-322,Katowice,Katowice,Katowice,śląskie
40-740,Katowice,Katowice,Katowice,śląskie
40-009,Katowice,Katowice,Katowice,śląskie
40-545,Katowice,Katowice,Katowice,śląskie
40-694,Katowice,Katowice,Katowice,śląskie
40-627,Katowice,Katowice,Katowice,śląskie
40-118,Katowice,Katowice,Katowice,śląskie
40-652,Katowice,Katowice,Katowice,śląskie
40-304,Katowice,Katowice,Katowice,śląskie
40-169,Katowice,Katowice,Katowice,śląskie
40-734,Katowice,Katowice,Katowice,śląskie
40-374,Katowice,Katowice,Katowice,śląskie
40-373,Katowice,Katowice,Katowice,śląskie
40-832,Katowice,Katowice,Katowice,śląskie
40-831,Katowice,Katowice,Katowice,śląskie
40-819,Katowice,Katowice,Katowice,śląskie
40-574,Katowice,Katowice,Katowice,śląskie
40-474,Katowice,Katowice,Katowice,śląskie
40-004,Katowice,Katowice,Katowice,śląskie
40-161,Katowice,Katowice,Katowice,śląskie
40-160,Katowice,Katowice,Katowice,śląskie
40-156,Katowice,Katowice,Katowice,śląskie
40-154,Katowice,Katowice,Katowice,śląskie
40-567,Katowice,Katowice,Katowice,śląskie
40-435,Katowice,Katowice,Katowice,śląskie
40-815,Katowice,Katowice,Katowice,śląskie
40-214,Katowice,Katowice,Katowice,śląskie
40-776,Katowice,Katowice,Katowice,śląskie
40-388,Katowice,Katowice,Katowice,śląskie
40-132,Katowice,Katowice,Katowice,śląskie
40-376,Katowice,Katowice,Katowice,śląskie
40-083,Katowice,Katowice,Katowice,śląskie
40-605,Katowice,Katowice,Katowice,śląskie
40-050,Katowice,Katowice,Katowice,śląskie
40-636,Katowice,Katowice,Katowice,śląskie
40-571,Katowice,Katowice,Katowice,śląskie
40-813,Katowice,Katowice,Katowice,śląskie
40-812,Katowice,Katowice,Katowice,śląskie
40-618,Katowice,Katowice,Katowice,śląskie
40-872,Katowice,Katowice,Katowice,śląskie
40-657,Katowice,Katowice,Katowice,śląskie
40-573,Katowice,Katowice,Katowice,śląskie
40-520,Katowice,Katowice,Katowice,śląskie
40-710,Katowice,Katowice,Katowice,śląskie
40-634,Katowice,Katowice,Katowice,śląskie
40-635,Katowice,Katowice,Katowice,śląskie
40-851,Katowice,Katowice,Katowice,śląskie
40-242,Katowice,Katowice,Katowice,śląskie
40-686,Katowice,Katowice,Katowice,śląskie
40-063,Katowice,Katowice,Katowice,śląskie
40-314,Katowice,Katowice,Katowice,śląskie
96-516,Kawęczyn,Teresin,sochaczewski,mazowieckie
62-301,Kawęczyn,Września,wrzesiński,wielkopolskie
63-024,Kaźmierki,Krzykosy,średzki,wielkopolskie
84-200,Kąpino,Wejherowo,wejherowski,pomorskie
62-051,Kątnik,Komorniki,poznański,wielkopolskie
57-540,Kąty,Lądek-Zdrój,kłodzki,dolnośląskie
46-050,Kąty,Opolski,opolski,opolskie
64-223,Kębłowo,Wolsztyn,wolsztyński,wielkopolskie
47-225,Kędzierzyn-Koźle,Kędzierzyn-Koźle,kędzierzyńsko-,opolskie
47-206,Kędzierzyn-Koźle,Kędzierzyn-Koźle,kędzierzyńsko-,opolskie
47-220,Kędzierzyn-Koźle,Kędzierzyn-Koźle,kędzierzyńsko-,opolskie
47-232,Kędzierzyn-Koźle,Kędzierzyn-Koźle,kędzierzyńsko-,opolskie
47-224,Kędzierzyn-Koźle,Kędzierzyn-Koźle,kędzierzyńsko-,opolskie
47-200,Kędzierzyn-Koźle,Kędzierzyn-Koźle,kędzierzyńsko-,opolskie
47-230,Kędzierzyn-Koźle,Kędzierzyn-Koźle,kędzierzyńsko-,opolskie
47-205,Kędzierzyn-Koźle,Kędzierzyn-Koźle,kędzierzyńsko-,opolskie
64-905,Kępa,Trzcianka,czarnkowsko-,wielkopolskie
73-109,Kępinka,Stargard,stargardzki,zachodniopomorskie
73-112,Kępy,Marianowo,stargardzki,zachodniopomorskie
32-650,Kęty,Kęty,oświęcimski,małopolskie
34-483,Kiczory,Wielka,nowotarski,małopolskie
35-106,Kielanówka,Boguchwała,rzeszowski,podkarpackie
25-102,Kielce,Kielce,Kielce,świętokrzyskie
25-753,Kielce,Kielce,Kielce,świętokrzyskie
25-825,Kielce,Kielce,Kielce,świętokrzyskie
25-217,Kielce,Kielce,Kielce,świętokrzyskie
25-014,Kielce,Kielce,Kielce,świętokrzyskie
25-734,Kielce,Kielce,Kielce,świętokrzyskie
25-045,Kielce,Kielce,Kielce,świętokrzyskie
25-337,Kielce,Kielce,Kielce,świętokrzyskie
25-717,Kielce,Kielce,Kielce,świętokrzyskie
25-445,Kielce,Kielce,Kielce,świętokrzyskie
25-150,Kielce,Kielce,Kielce,świętokrzyskie
25-756,Kielce,Kielce,Kielce,świętokrzyskie
25-671,Kielce,Kielce,Kielce,świętokrzyskie
25-213,Kielce,Kielce,Kielce,świętokrzyskie
25-817,Kielce,Kielce,Kielce,świętokrzyskie
25-373,Kielce,Kielce,Kielce,świętokrzyskie
25-224,Kielce,Kielce,Kielce,świętokrzyskie
25-718,Kielce,Kielce,Kielce,świętokrzyskie
25-716,Kielce,Kielce,Kielce,świętokrzyskie
25-565,Kielce,Kielce,Kielce,świętokrzyskie
25-852,Kielce,Kielce,Kielce,świętokrzyskie
25-744,Kielce,Kielce,Kielce,świętokrzyskie
25-722,Kielce,Kielce,Kielce,świętokrzyskie
25-046,Kielce,Kielce,Kielce,świętokrzyskie
25-236,Kielce,Kielce,Kielce,świętokrzyskie
25-823,Kielce,Kielce,Kielce,świętokrzyskie
25-093,Kielce,Kielce,Kielce,świętokrzyskie
25-803,Kielce,Kielce,Kielce,świętokrzyskie
25-308,Kielce,Kielce,Kielce,świętokrzyskie
25-432,Kielce,Kielce,Kielce,świętokrzyskie
25-394,Kielce,Kielce,Kielce,świętokrzyskie
25-607,Kielce,Kielce,Kielce,świętokrzyskie
25-623,Kielce,Kielce,Kielce,świętokrzyskie
25-702,Kielce,Kielce,Kielce,świętokrzyskie
25-409,Kielce,Kielce,Kielce,świętokrzyskie
25-434,Kielce,Kielce,Kielce,świętokrzyskie
25-433,Kielce,Kielce,Kielce,świętokrzyskie
25-802,Kielce,Kielce,Kielce,świętokrzyskie
25-706,Kielce,Kielce,Kielce,świętokrzyskie
25-210,Kielce,Kielce,Kielce,świętokrzyskie
25-818,Kielce,Kielce,Kielce,świętokrzyskie
25-104,Kielce,Kielce,Kielce,świętokrzyskie
25-209,Kielce,Kielce,Kielce,świętokrzyskie
25-542,Kielce,Kielce,Kielce,świętokrzyskie
25-749,Kielce,Kielce,Kielce,świętokrzyskie
25-144,Kielce,Kielce,Kielce,świętokrzyskie
25-252,Kielce,Kielce,Kielce,świętokrzyskie
25-362,Kielce,Kielce,Kielce,świętokrzyskie
25-322,Kielce,Kielce,Kielce,świętokrzyskie
25-609,Kielce,Kielce,Kielce,świętokrzyskie
25-619,Kielce,Kielce,Kielce,świętokrzyskie
25-851,Kielce,Kielce,Kielce,świętokrzyskie
25-436,Kielce,Kielce,Kielce,świętokrzyskie
25-020,Kielce,Kielce,Kielce,świętokrzyskie
25-041,Kielce,Kielce,Kielce,świętokrzyskie
25-720,Kielce,Kielce,Kielce,świętokrzyskie
25-122,Kielce,Kielce,Kielce,świętokrzyskie
25-128,Kielce,Kielce,Kielce,świętokrzyskie
25-135,Kielce,Kielce,Kielce,świętokrzyskie
25-139,Kielce,Kielce,Kielce,świętokrzyskie
25-356,Kielce,Kielce,Kielce,świętokrzyskie
25-515,Kielce,Kielce,Kielce,świętokrzyskie
25-422,Kielce,Kielce,Kielce,świętokrzyskie
25-732,Kielce,Kielce,Kielce,świętokrzyskie
25-347,Kielce,Kielce,Kielce,świętokrzyskie
25-253,Kielce,Kielce,Kielce,świętokrzyskie
25-752,Kielce,Kielce,Kielce,świętokrzyskie
25-382,Kielce,Kielce,Kielce,świętokrzyskie
25-106,Kielce,Kielce,Kielce,świętokrzyskie
25-130,Kielce,Kielce,Kielce,świętokrzyskie
25-132,Kielce,Kielce,Kielce,świętokrzyskie
25-136,Kielce,Kielce,Kielce,świętokrzyskie
25-504,Kielce,Kielce,Kielce,świętokrzyskie
25-721,Kielce,Kielce,Kielce,świętokrzyskie
25-353,Kielce,Kielce,Kielce,świętokrzyskie
25-647,Kielce,Kielce,Kielce,świętokrzyskie
25-219,Kielce,Kielce,Kielce,świętokrzyskie
25-435,Kielce,Kielce,Kielce,świętokrzyskie
25-319,Kielce,Kielce,Kielce,świętokrzyskie
25-202,Kielce,Kielce,Kielce,świętokrzyskie
25-408,Kielce,Kielce,Kielce,świętokrzyskie
25-233,Kielce,Kielce,Kielce,świętokrzyskie
25-521,Kielce,Kielce,Kielce,świętokrzyskie
25-631,Kielce,Kielce,Kielce,świętokrzyskie
25-637,Kielce,Kielce,Kielce,świętokrzyskie
25-539,Kielce,Kielce,Kielce,świętokrzyskie
25-719,Kielce,Kielce,Kielce,świętokrzyskie
25-650,Kielce,Kielce,Kielce,świętokrzyskie
25-149,Kielce,Kielce,Kielce,świętokrzyskie
25-208,Kielce,Kielce,Kielce,świętokrzyskie
25-325,Kielce,Kielce,Kielce,świętokrzyskie
25-043,Kielce,Kielce,Kielce,świętokrzyskie
25-705,Kielce,Kielce,Kielce,świętokrzyskie
25-413,Kielce,Kielce,Kielce,świętokrzyskie
25-320,Kielce,Kielce,Kielce,świętokrzyskie
25-420,Kielce,Kielce,Kielce,świętokrzyskie
25-204,Kielce,Kielce,Kielce,świętokrzyskie
25-109,Kielce,Kielce,Kielce,świętokrzyskie
25-304,Kielce,Kielce,Kielce,świętokrzyskie
25-120,Kielce,Kielce,Kielce,świętokrzyskie
25-390,Kielce,Kielce,Kielce,świętokrzyskie
25-816,Kielce,Kielce,Kielce,świętokrzyskie
25-626,Kielce,Kielce,Kielce,świętokrzyskie
25-044,Kielce,Kielce,Kielce,świętokrzyskie
25-822,Kielce,Kielce,Kielce,świętokrzyskie
25-438,Kielce,Kielce,Kielce,świętokrzyskie
25-354,Kielce,Kielce,Kielce,świętokrzyskie
25-439,Kielce,Kielce,Kielce,świętokrzyskie
25-640,Kielce,Kielce,Kielce,świętokrzyskie
25-425,Kielce,Kielce,Kielce,świętokrzyskie
25-757,Kielce,Kielce,Kielce,świętokrzyskie
25-819,Kielce,Kielce,Kielce,świętokrzyskie
25-110,Kielce,Kielce,Kielce,świętokrzyskie
25-107,Kielce,Kielce,Kielce,świętokrzyskie
25-031,Kielce,Kielce,Kielce,świętokrzyskie
25-704,Kielce,Kielce,Kielce,świętokrzyskie
25-826,Kielce,Kielce,Kielce,świętokrzyskie
25-047,Kielce,Kielce,Kielce,świętokrzyskie
25-440,Kielce,Kielce,Kielce,świętokrzyskie
25-815,Kielce,Kielce,Kielce,świętokrzyskie
25-659,Kielce,Kielce,Kielce,świętokrzyskie
25-529,Kielce,Kielce,Kielce,świętokrzyskie
25-346,Kielce,Kielce,Kielce,świętokrzyskie
25-368,Kielce,Kielce,Kielce,świętokrzyskie
25-456,Kielce,Kielce,Kielce,świętokrzyskie
25-415,Kielce,Kielce,Kielce,świętokrzyskie
25-651,Kielce,Kielce,Kielce,świętokrzyskie
25-804,Kielce,Kielce,Kielce,świętokrzyskie
25-805,Kielce,Kielce,Kielce,świętokrzyskie
25-808,Kielce,Kielce,Kielce,świętokrzyskie
25-649,Kielce,Kielce,Kielce,świętokrzyskie
25-034,Kielce,Kielce,Kielce,świętokrzyskie
25-212,Kielce,Kielce,Kielce,świętokrzyskie
25-606,Kielce,Kielce,Kielce,świętokrzyskie
25-225,Kielce,Kielce,Kielce,świętokrzyskie
25-441,Kielce,Kielce,Kielce,świętokrzyskie
25-682,Kielce,Kielce,Kielce,świętokrzyskie
25-727,Kielce,Kielce,Kielce,świętokrzyskie
25-736,Kielce,Kielce,Kielce,świętokrzyskie
25-739,Kielce,Kielce,Kielce,świętokrzyskie
25-443,Kielce,Kielce,Kielce,świętokrzyskie
25-022,Kielce,Kielce,Kielce,świętokrzyskie
25-661,Kielce,Kielce,Kielce,świętokrzyskie
25-220,Kielce,Kielce,Kielce,świętokrzyskie
25-616,Kielce,Kielce,Kielce,świętokrzyskie
25-636,Kielce,Kielce,Kielce,świętokrzyskie
25-568,Kielce,Kielce,Kielce,świętokrzyskie
25-350,Kielce,Kielce,Kielce,świętokrzyskie
25-333,Kielce,Kielce,Kielce,świętokrzyskie
25-612,Kielce,Kielce,Kielce,świętokrzyskie
25-618,Kielce,Kielce,Kielce,świętokrzyskie
25-668,Kielce,Kielce,Kielce,świętokrzyskie
25-118,Kielce,Kielce,Kielce,świętokrzyskie
25-680,Kielce,Kielce,Kielce,świętokrzyskie
25-143,Kielce,Kielce,Kielce,świętokrzyskie
25-430,Kielce,Kielce,Kielce,świętokrzyskie
25-613,Kielce,Kielce,Kielce,świętokrzyskie
25-610,Kielce,Kielce,Kielce,świętokrzyskie
25-608,Kielce,Kielce,Kielce,świętokrzyskie
25-712,Kielce,Kielce,Kielce,świętokrzyskie
25-703,Kielce,Kielce,Kielce,świętokrzyskie
25-119,Kielce,Kielce,Kielce,świętokrzyskie
25-124,Kielce,Kielce,Kielce,świętokrzyskie
25-025,Kielce,Kielce,Kielce,świętokrzyskie
25-131,Kielce,Kielce,Kielce,świętokrzyskie
25-550,Kielce,Kielce,Kielce,świętokrzyskie
25-444,Kielce,Kielce,Kielce,świętokrzyskie
25-335,Kielce,Kielce,Kielce,świętokrzyskie
25-746,Kielce,Kielce,Kielce,świętokrzyskie
25-257,Kielce,Kielce,Kielce,świętokrzyskie
25-523,Kielce,Kielce,Kielce,świętokrzyskie
25-223,Kielce,Kielce,Kielce,świętokrzyskie
25-535,Kielce,Kielce,Kielce,świętokrzyskie
25-564,Kielce,Kielce,Kielce,świętokrzyskie
25-540,Kielce,Kielce,Kielce,świętokrzyskie
25-117,Kielce,Kielce,Kielce,świętokrzyskie
25-348,Kielce,Kielce,Kielce,świętokrzyskie
25-317,Kielce,Kielce,Kielce,świętokrzyskie
25-679,Kielce,Kielce,Kielce,świętokrzyskie
25-309,Kielce,Kielce,Kielce,świętokrzyskie
25-402,Kielce,Kielce,Kielce,świętokrzyskie
25-148,Kielce,Kielce,Kielce,świętokrzyskie
25-011,Kielce,Kielce,Kielce,świętokrzyskie
25-755,Kielce,Kielce,Kielce,świętokrzyskie
25-019,Kielce,Kielce,Kielce,świętokrzyskie
25-711,Kielce,Kielce,Kielce,świętokrzyskie
25-713,Kielce,Kielce,Kielce,świętokrzyskie
25-551,Kielce,Kielce,Kielce,świętokrzyskie
25-357,Kielce,Kielce,Kielce,świętokrzyskie
25-214,Kielce,Kielce,Kielce,świętokrzyskie
25-411,Kielce,Kielce,Kielce,świętokrzyskie
25-555,Kielce,Kielce,Kielce,świętokrzyskie
25-633,Kielce,Kielce,Kielce,świętokrzyskie
25-530,Kielce,Kielce,Kielce,świętokrzyskie
25-226,Kielce,Kielce,Kielce,świętokrzyskie
25-829,Kielce,Kielce,Kielce,świętokrzyskie
25-237,Kielce,Kielce,Kielce,świętokrzyskie
25-538,Kielce,Kielce,Kielce,świętokrzyskie
25-553,Kielce,Kielce,Kielce,świętokrzyskie
25-384,Kielce,Kielce,Kielce,świętokrzyskie
25-221,Kielce,Kielce,Kielce,świętokrzyskie
25-620,Kielce,Kielce,Kielce,świętokrzyskie
25-644,Kielce,Kielce,Kielce,świętokrzyskie
25-715,Kielce,Kielce,Kielce,świętokrzyskie
25-340,Kielce,Kielce,Kielce,świętokrzyskie
25-141,Kielce,Kielce,Kielce,świętokrzyskie
25-672,Kielce,Kielce,Kielce,świętokrzyskie
25-406,Kielce,Kielce,Kielce,świętokrzyskie
25-509,Kielce,Kielce,Kielce,świętokrzyskie
25-336,Kielce,Kielce,Kielce,świętokrzyskie
25-123,Kielce,Kielce,Kielce,świętokrzyskie
25-129,Kielce,Kielce,Kielce,świętokrzyskie
25-134,Kielce,Kielce,Kielce,świętokrzyskie
25-137,Kielce,Kielce,Kielce,świętokrzyskie
25-458,Kielce,Kielce,Kielce,świętokrzyskie
25-341,Kielce,Kielce,Kielce,świętokrzyskie
25-376,Kielce,Kielce,Kielce,świętokrzyskie
25-310,Kielce,Kielce,Kielce,świętokrzyskie
25-316,Kielce,Kielce,Kielce,świętokrzyskie
25-635,Kielce,Kielce,Kielce,świętokrzyskie
25-514,Kielce,Kielce,Kielce,świętokrzyskie
25-029,Kielce,Kielce,Kielce,świętokrzyskie
25-036,Kielce,Kielce,Kielce,świętokrzyskie
25-023,Kielce,Kielce,Kielce,świętokrzyskie
25-701,Kielce,Kielce,Kielce,świętokrzyskie
25-801,Kielce,Kielce,Kielce,świętokrzyskie
25-657,Kielce,Kielce,Kielce,świętokrzyskie
25-758,Kielce,Kielce,Kielce,świętokrzyskie
25-669,Kielce,Kielce,Kielce,świętokrzyskie
25-751,Kielce,Kielce,Kielce,świętokrzyskie
25-750,Kielce,Kielce,Kielce,świętokrzyskie
25-527,Kielce,Kielce,Kielce,świętokrzyskie
25-344,Kielce,Kielce,Kielce,świętokrzyskie
25-446,Kielce,Kielce,Kielce,świętokrzyskie
25-218,Kielce,Kielce,Kielce,świętokrzyskie
25-121,Kielce,Kielce,Kielce,świętokrzyskie
25-042,Kielce,Kielce,Kielce,świętokrzyskie
25-032,Kielce,Kielce,Kielce,świętokrzyskie
25-381,Kielce,Kielce,Kielce,świętokrzyskie
25-622,Kielce,Kielce,Kielce,świętokrzyskie
25-035,Kielce,Kielce,Kielce,świętokrzyskie
25-328,Kielce,Kielce,Kielce,świętokrzyskie
25-311,Kielce,Kielce,Kielce,świętokrzyskie
25-321,Kielce,Kielce,Kielce,świętokrzyskie
25-326,Kielce,Kielce,Kielce,świętokrzyskie
25-146,Kielce,Kielce,Kielce,świętokrzyskie
25-664,Kielce,Kielce,Kielce,świętokrzyskie
25-673,Kielce,Kielce,Kielce,świętokrzyskie
25-138,Kielce,Kielce,Kielce,świętokrzyskie
25-313,Kielce,Kielce,Kielce,świętokrzyskie
25-140,Kielce,Kielce,Kielce,świętokrzyskie
25-677,Kielce,Kielce,Kielce,świętokrzyskie
25-361,Kielce,Kielce,Kielce,świętokrzyskie
25-147,Kielce,Kielce,Kielce,świętokrzyskie
25-663,Kielce,Kielce,Kielce,świętokrzyskie
25-724,Kielce,Kielce,Kielce,świętokrzyskie
25-605,Kielce,Kielce,Kielce,świętokrzyskie
25-222,Kielce,Kielce,Kielce,świętokrzyskie
25-116,Kielce,Kielce,Kielce,świętokrzyskie
25-655,Kielce,Kielce,Kielce,świętokrzyskie
25-824,Kielce,Kielce,Kielce,świętokrzyskie
25-231,Kielce,Kielce,Kielce,świętokrzyskie
25-511,Kielce,Kielce,Kielce,świętokrzyskie
25-614,Kielce,Kielce,Kielce,świętokrzyskie
25-646,Kielce,Kielce,Kielce,świętokrzyskie
25-754,Kielce,Kielce,Kielce,świętokrzyskie
25-447,Kielce,Kielce,Kielce,świętokrzyskie
25-448,Kielce,Kielce,Kielce,świętokrzyskie
25-630,Kielce,Kielce,Kielce,świętokrzyskie
25-639,Kielce,Kielce,Kielce,świętokrzyskie
25-387,Kielce,Kielce,Kielce,świętokrzyskie
25-302,Kielce,Kielce,Kielce,świętokrzyskie
25-012,Kielce,Kielce,Kielce,świętokrzyskie
25-379,Kielce,Kielce,Kielce,świętokrzyskie
25-533,Kielce,Kielce,Kielce,świętokrzyskie
25-546,Kielce,Kielce,Kielce,świętokrzyskie
25-549,Kielce,Kielce,Kielce,świętokrzyskie
25-412,Kielce,Kielce,Kielce,świętokrzyskie
25-111,Kielce,Kielce,Kielce,świętokrzyskie
25-342,Kielce,Kielce,Kielce,świętokrzyskie
25-345,Kielce,Kielce,Kielce,świętokrzyskie
25-814,Kielce,Kielce,Kielce,świętokrzyskie
25-634,Kielce,Kielce,Kielce,świętokrzyskie
25-806,Kielce,Kielce,Kielce,świętokrzyskie
25-809,Kielce,Kielce,Kielce,świętokrzyskie
25-352,Kielce,Kielce,Kielce,świętokrzyskie
25-670,Kielce,Kielce,Kielce,świętokrzyskie
25-709,Kielce,Kielce,Kielce,świętokrzyskie
25-730,Kielce,Kielce,Kielce,świętokrzyskie
25-726,Kielce,Kielce,Kielce,świętokrzyskie
25-611,Kielce,Kielce,Kielce,świętokrzyskie
25-624,Kielce,Kielce,Kielce,świętokrzyskie
25-759,Kielce,Kielce,Kielce,świętokrzyskie
25-364,Kielce,Kielce,Kielce,świętokrzyskie
25-449,Kielce,Kielce,Kielce,świętokrzyskie
25-556,Kielce,Kielce,Kielce,świętokrzyskie
25-707,Kielce,Kielce,Kielce,świętokrzyskie
25-334,Kielce,Kielce,Kielce,świętokrzyskie
25-332,Kielce,Kielce,Kielce,świętokrzyskie
25-421,Kielce,Kielce,Kielce,świętokrzyskie
25-424,Kielce,Kielce,Kielce,świętokrzyskie
25-426,Kielce,Kielce,Kielce,świętokrzyskie
25-127,Kielce,Kielce,Kielce,świętokrzyskie
25-437,Kielce,Kielce,Kielce,świętokrzyskie
25-010,Kielce,Kielce,Kielce,świętokrzyskie
25-331,Kielce,Kielce,Kielce,świętokrzyskie
25-628,Kielce,Kielce,Kielce,świętokrzyskie
25-151,Kielce,Kielce,Kielce,świętokrzyskie
25-305,Kielce,Kielce,Kielce,świętokrzyskie
25-506,Kielce,Kielce,Kielce,świętokrzyskie
25-615,Kielce,Kielce,Kielce,świętokrzyskie
25-108,Kielce,Kielce,Kielce,świętokrzyskie
25-410,Kielce,Kielce,Kielce,świętokrzyskie
25-450,Kielce,Kielce,Kielce,świętokrzyskie
25-532,Kielce,Kielce,Kielce,świętokrzyskie
25-522,Kielce,Kielce,Kielce,świętokrzyskie
25-516,Kielce,Kielce,Kielce,świętokrzyskie
25-024,Kielce,Kielce,Kielce,świętokrzyskie
25-037,Kielce,Kielce,Kielce,świętokrzyskie
25-525,Kielce,Kielce,Kielce,świętokrzyskie
25-526,Kielce,Kielce,Kielce,świętokrzyskie
25-142,Kielce,Kielce,Kielce,świętokrzyskie
25-548,Kielce,Kielce,Kielce,świętokrzyskie
25-429,Kielce,Kielce,Kielce,świętokrzyskie
25-028,Kielce,Kielce,Kielce,świętokrzyskie
25-725,Kielce,Kielce,Kielce,świętokrzyskie
25-017,Kielce,Kielce,Kielce,świętokrzyskie
25-004,Kielce,Kielce,Kielce,świętokrzyskie
25-502,Kielce,Kielce,Kielce,świętokrzyskie
25-040,Kielce,Kielce,Kielce,świętokrzyskie
25-503,Kielce,Kielce,Kielce,świętokrzyskie
25-811,Kielce,Kielce,Kielce,świętokrzyskie
25-807,Kielce,Kielce,Kielce,świętokrzyskie
25-658,Kielce,Kielce,Kielce,świętokrzyskie
25-562,Kielce,Kielce,Kielce,świętokrzyskie
25-125,Kielce,Kielce,Kielce,świętokrzyskie
25-675,Kielce,Kielce,Kielce,świętokrzyskie
25-559,Kielce,Kielce,Kielce,świętokrzyskie
25-323,Kielce,Kielce,Kielce,świętokrzyskie
25-723,Kielce,Kielce,Kielce,świętokrzyskie
25-601,Kielce,Kielce,Kielce,świętokrzyskie
25-621,Kielce,Kielce,Kielce,świętokrzyskie
25-735,Kielce,Kielce,Kielce,świętokrzyskie
25-625,Kielce,Kielce,Kielce,świętokrzyskie
25-737,Kielce,Kielce,Kielce,świętokrzyskie
25-632,Kielce,Kielce,Kielce,świętokrzyskie
25-638,Kielce,Kielce,Kielce,świętokrzyskie
25-645,Kielce,Kielce,Kielce,świętokrzyskie
25-154,Kielce,Kielce,Kielce,świętokrzyskie
25-431,Kielce,Kielce,Kielce,świętokrzyskie
25-510,Kielce,Kielce,Kielce,świętokrzyskie
25-617,Kielce,Kielce,Kielce,świętokrzyskie
25-666,Kielce,Kielce,Kielce,świętokrzyskie
25-561,Kielce,Kielce,Kielce,świętokrzyskie
25-508,Kielce,Kielce,Kielce,świętokrzyskie
25-008,Kielce,Kielce,Kielce,świętokrzyskie
25-006,Kielce,Kielce,Kielce,świętokrzyskie
25-810,Kielce,Kielce,Kielce,świętokrzyskie
25-519,Kielce,Kielce,Kielce,świętokrzyskie
25-103,Kielce,Kielce,Kielce,świętokrzyskie
25-391,Kielce,Kielce,Kielce,świętokrzyskie
25-738,Kielce,Kielce,Kielce,świętokrzyskie
25-714,Kielce,Kielce,Kielce,świętokrzyskie
25-708,Kielce,Kielce,Kielce,świętokrzyskie
25-710,Kielce,Kielce,Kielce,świętokrzyskie
25-343,Kielce,Kielce,Kielce,świętokrzyskie
25-349,Kielce,Kielce,Kielce,świętokrzyskie
25-386,Kielce,Kielce,Kielce,świętokrzyskie
25-155,Kielce,Kielce,Kielce,świętokrzyskie
25-652,Kielce,Kielce,Kielce,świętokrzyskie
25-145,Kielce,Kielce,Kielce,świętokrzyskie
25-442,Kielce,Kielce,Kielce,świętokrzyskie
25-745,Kielce,Kielce,Kielce,świętokrzyskie
25-395,Kielce,Kielce,Kielce,świętokrzyskie
25-385,Kielce,Kielce,Kielce,świętokrzyskie
25-366,Kielce,Kielce,Kielce,świętokrzyskie
25-371,Kielce,Kielce,Kielce,świętokrzyskie
25-513,Kielce,Kielce,Kielce,świętokrzyskie
25-827,Kielce,Kielce,Kielce,świętokrzyskie
25-534,Kielce,Kielce,Kielce,świętokrzyskie
25-660,Kielce,Kielce,Kielce,świętokrzyskie
25-417,Kielce,Kielce,Kielce,świętokrzyskie
25-665,Kielce,Kielce,Kielce,świętokrzyskie
25-813,Kielce,Kielce,Kielce,świętokrzyskie
25-330,Kielce,Kielce,Kielce,świętokrzyskie
25-451,Kielce,Kielce,Kielce,świętokrzyskie
25-229,Kielce,Kielce,Kielce,świętokrzyskie
25-133,Kielce,Kielce,Kielce,świętokrzyskie
25-403,Kielce,Kielce,Kielce,świętokrzyskie
25-662,Kielce,Kielce,Kielce,świętokrzyskie
25-558,Kielce,Kielce,Kielce,świętokrzyskie
25-667,Kielce,Kielce,Kielce,świętokrzyskie
25-419,Kielce,Kielce,Kielce,świętokrzyskie
25-016,Kielce,Kielce,Kielce,świętokrzyskie
25-729,Kielce,Kielce,Kielce,świętokrzyskie
25-459,Kielce,Kielce,Kielce,świętokrzyskie
25-303,Kielce,Kielce,Kielce,świętokrzyskie
25-039,Kielce,Kielce,Kielce,świętokrzyskie
25-629,Kielce,Kielce,Kielce,świętokrzyskie
25-318,Kielce,Kielce,Kielce,świętokrzyskie
25-324,Kielce,Kielce,Kielce,świętokrzyskie
25-329,Kielce,Kielce,Kielce,świętokrzyskie
25-365,Kielce,Kielce,Kielce,świętokrzyskie
25-372,Kielce,Kielce,Kielce,świętokrzyskie
25-821,Kielce,Kielce,Kielce,świętokrzyskie
25-007,Kielce,Kielce,Kielce,świętokrzyskie
25-301,Kielce,Kielce,Kielce,świętokrzyskie
25-507,Kielce,Kielce,Kielce,świętokrzyskie
25-005,Kielce,Kielce,Kielce,świętokrzyskie
25-501,Kielce,Kielce,Kielce,świętokrzyskie
25-002,Kielce,Kielce,Kielce,świętokrzyskie
25-383,Kielce,Kielce,Kielce,świętokrzyskie
25-505,Kielce,Kielce,Kielce,świętokrzyskie
25-369,Kielce,Kielce,Kielce,świętokrzyskie
25-812,Kielce,Kielce,Kielce,świętokrzyskie
25-656,Kielce,Kielce,Kielce,świętokrzyskie
25-731,Kielce,Kielce,Kielce,świętokrzyskie
25-460,Kielce,Kielce,Kielce,świętokrzyskie
25-452,Kielce,Kielce,Kielce,świętokrzyskie
25-026,Kielce,Kielce,Kielce,świętokrzyskie
25-828,Kielce,Kielce,Kielce,świętokrzyskie
25-544,Kielce,Kielce,Kielce,świętokrzyskie
25-315,Kielce,Kielce,Kielce,świętokrzyskie
25-112,Kielce,Kielce,Kielce,świętokrzyskie
25-232,Kielce,Kielce,Kielce,świętokrzyskie
25-566,Kielce,Kielce,Kielce,świętokrzyskie
25-401,Kielce,Kielce,Kielce,świętokrzyskie
25-453,Kielce,Kielce,Kielce,świętokrzyskie
25-457,Kielce,Kielce,Kielce,świętokrzyskie
25-230,Kielce,Kielce,Kielce,świętokrzyskie
25-259,Kielce,Kielce,Kielce,świętokrzyskie
25-405,Kielce,Kielce,Kielce,świętokrzyskie
25-604,Kielce,Kielce,Kielce,świętokrzyskie
25-728,Kielce,Kielce,Kielce,świętokrzyskie
25-733,Kielce,Kielce,Kielce,świętokrzyskie
25-152,Kielce,Kielce,Kielce,świętokrzyskie
25-545,Kielce,Kielce,Kielce,świętokrzyskie
25-033,Kielce,Kielce,Kielce,świętokrzyskie
25-380,Kielce,Kielce,Kielce,świętokrzyskie
25-114,Kielce,Kielce,Kielce,świętokrzyskie
25-115,Kielce,Kielce,Kielce,świętokrzyskie
25-418,Kielce,Kielce,Kielce,świętokrzyskie
25-211,Kielce,Kielce,Kielce,świętokrzyskie
25-520,Kielce,Kielce,Kielce,świętokrzyskie
25-227,Kielce,Kielce,Kielce,świętokrzyskie
25-554,Kielce,Kielce,Kielce,świętokrzyskie
25-537,Kielce,Kielce,Kielce,świętokrzyskie
25-557,Kielce,Kielce,Kielce,świętokrzyskie
25-314,Kielce,Kielce,Kielce,świętokrzyskie
25-228,Kielce,Kielce,Kielce,świętokrzyskie
25-105,Kielce,Kielce,Kielce,świętokrzyskie
25-101,Kielce,Kielce,Kielce,świętokrzyskie
25-512,Kielce,Kielce,Kielce,świętokrzyskie
25-306,Kielce,Kielce,Kielce,świętokrzyskie
25-312,Kielce,Kielce,Kielce,świętokrzyskie
25-518,Kielce,Kielce,Kielce,świętokrzyskie
25-531,Kielce,Kielce,Kielce,świętokrzyskie
25-541,Kielce,Kielce,Kielce,świętokrzyskie
25-547,Kielce,Kielce,Kielce,świętokrzyskie
25-414,Kielce,Kielce,Kielce,świętokrzyskie
25-254,Kielce,Kielce,Kielce,świętokrzyskie
25-363,Kielce,Kielce,Kielce,świętokrzyskie
25-327,Kielce,Kielce,Kielce,świętokrzyskie
25-255,Kielce,Kielce,Kielce,świętokrzyskie
25-454,Kielce,Kielce,Kielce,świętokrzyskie
25-552,Kielce,Kielce,Kielce,świętokrzyskie
25-627,Kielce,Kielce,Kielce,świętokrzyskie
25-307,Kielce,Kielce,Kielce,świętokrzyskie
25-536,Kielce,Kielce,Kielce,świętokrzyskie
25-377,Kielce,Kielce,Kielce,świętokrzyskie
25-389,Kielce,Kielce,Kielce,świętokrzyskie
25-375,Kielce,Kielce,Kielce,świętokrzyskie
25-201,Kielce,Kielce,Kielce,świętokrzyskie
25-205,Kielce,Kielce,Kielce,świętokrzyskie
25-367,Kielce,Kielce,Kielce,świętokrzyskie
25-003,Kielce,Kielce,Kielce,świętokrzyskie
25-654,Kielce,Kielce,Kielce,świętokrzyskie
25-027,Kielce,Kielce,Kielce,świętokrzyskie
25-524,Kielce,Kielce,Kielce,świętokrzyskie
25-528,Kielce,Kielce,Kielce,świętokrzyskie
25-560,Kielce,Kielce,Kielce,świętokrzyskie
25-563,Kielce,Kielce,Kielce,świętokrzyskie
25-038,Kielce,Kielce,Kielce,świętokrzyskie
25-338,Kielce,Kielce,Kielce,świętokrzyskie
25-355,Kielce,Kielce,Kielce,świętokrzyskie
25-339,Kielce,Kielce,Kielce,świętokrzyskie
25-358,Kielce,Kielce,Kielce,świętokrzyskie
25-392,Kielce,Kielce,Kielce,świętokrzyskie
25-009,Kielce,Kielce,Kielce,świętokrzyskie
25-681,Kielce,Kielce,Kielce,świętokrzyskie
25-416,Kielce,Kielce,Kielce,świętokrzyskie
25-378,Kielce,Kielce,Kielce,świętokrzyskie
25-258,Kielce,Kielce,Kielce,świętokrzyskie
25-015,Kielce,Kielce,Kielce,świętokrzyskie
25-678,Kielce,Kielce,Kielce,świętokrzyskie
25-370,Kielce,Kielce,Kielce,świętokrzyskie
25-653,Kielce,Kielce,Kielce,świętokrzyskie
25-018,Kielce,Kielce,Kielce,świętokrzyskie
25-455,Kielce,Kielce,Kielce,świętokrzyskie
47-126,Kielcza,Zawadzkie,strzelecki,opolskie
74-121,Kiełbice,Widuchowa,gryfiński,zachodniopomorskie
51-311,Kiełczówek,Długołęka,wrocławski,dolnośląskie
83-307,Kiełpino,Kartuzy,kartuski,pomorskie
10-371,Kieźliny,Dywity,olsztyński,warmińsko-mazurskie
89-321,Kijaszkowo,Wysoka,pilski,wielkopolskie
34-652,Kisielówka,Limanowa,limanowski,małopolskie
15-635,Klepacze,Choroszcz,białostocki,podlaskie
42-261,Klepaczka,Starcza,częstochowski,śląskie
38-333,Klęczany,Gorlice,gorlicki,małopolskie
34-404,Klikuszowa,Targ,nowotarski,małopolskie
38-312,Klimkówka,Ropa,gorlicki,małopolskie
89-524,Klonowo,Lubiewo,tucholski,kujawsko-pomorskie
46-203,Kluczbork,Kluczbork,kluczborski,opolskie
57-208,Kluczowa,Śląskie,ząbkowicki,dolnośląskie
84-107,Kłanino,Krokowa,pucki,pomorskie
36-145,Kłapówka,Kolbuszowa,kolbuszowski,podkarpackie
42-100,Kłobuck,Kłobuck,kłobucki,śląskie
83-035,Kłodawa,Wielkie,gdański,pomorskie
34-654,Kłodne,Limanowa,limanowski,małopolskie
66-233,Kłodnica,Łagów,świebodziński,lubuskie
69-121,Kłopot,Cybinka,słubicki,lubuskie
44-190,Knurów,Knurów,gliwicki,śląskie
44-196,Knurów,Knurów,gliwicki,śląskie
44-193,Knurów,Knurów,gliwicki,śląskie
44-194,Knurów,Knurów,gliwicki,śląskie
43-262,Kobielice,Suszec,pszczyński,śląskie
43-210,Kobiór,Kobiór,pszczyński,śląskie
44-285,Kobyla,Kornowac,raciborski,śląskie
21-540,Kobylany,Terespol,bialski,lubelskie
37-627,Kobylnica,Oczy,lubaczowski,podkarpackie
34-603,Kobyłczyna,Laskowa,limanowski,małopolskie
05-230,Kobyłka,Kobyłka,wołomiński,mazowieckie
42-713,Kochanowice,Kochanowice,lubliniecki,śląskie
34-321,Kocierz,Łękawica,żywiecki,śląskie
34-323,Kocoń,Ślemień,żywiecki,śląskie
73-116,Kolin,Dolice,stargardzki,zachodniopomorskie
83-032,Kolnik,Pszczółki,gdański,pomorskie
99-323,Kolonia,Oporów,kutnowski,łódzkie
87-126,Kolonia,Obrowo,toruński,kujawsko-pomorskie
47-113,Kolonowskie,Kolonowskie,strzelecki,opolskie
47-110,Kolonowskie,Kolonowskie,strzelecki,opolskie
58-211,Kołaczów,Dzierżoniów,dzierżoniowski,dolnośląskie
38-213,Kołaczyce,Kołaczyce,jasielski,podkarpackie
33-163,Kołkówka,Strzyżewski,tarnowski,małopolskie
05-135,Komornica,Wieliszew,legionowski,mazowieckie
76-032,Komorniki,Mielno,koszaliński,zachodniopomorskie
46-264,Komorzno,Wołczyn,kluczborski,opolskie
43-474,Koniaków,Istebna,cieszyński,śląskie
62-500,Konin,Konin,Konin,wielkopolskie
34-735,Konina,Niedźwiedź,limanowski,małopolskie
33-326,Koniuszowa,Korzenna,nowosądecki,małopolskie
21-030,Konopnica,Konopnica,lubelski,lubelskie
57-541,Konradów,Lądek-Zdrój,kłodzki,dolnośląskie
22-207,Konstantyn,Hanna,włodawski,lubelskie
64-813,Konstantynowo,Chodzież,chodzieski,wielkopolskie
95-050,Konstantynów,Łódzki,pabianicki,łódzkie
37-400,Kończyce,Nisko,niżański,podkarpackie
43-410,Kończyce,Zebrzydowice,cieszyński,śląskie
43-416,Kończyce,Hażlach,cieszyński,śląskie
36-121,Kopcie,Dzikowiec,kolbuszowski,podkarpackie
37-420,Kopki,Sanem,niżański,podkarpackie
34-335,Korbielów,Jeleśnia,żywiecki,śląskie
36-130,Korczowiska,Raniżów,kolbuszowski,podkarpackie
76-106,Korlino,Postomino,sławieński,zachodniopomorskie
37-545,Korzenica,Laszki,jarosławski,podkarpackie
37-112,Kosina,Łańcut,łańcucki,podkarpackie
36-107,Kosowy,Niwiska,kolbuszowski,podkarpackie
37-511,Kostków,Jarosław,jarosławski,podkarpackie
09-402,Kostrogaj,Radzanowo,płocki,mazowieckie
58-532,Kostrzyca,Mysłakowice,karkonoski,dolnośląskie
66-470,Kostrzyn,Odrą,gorzowski,lubuskie
75-900,Koszalin,Koszalin,Koszalin,zachodniopomorskie
75-684,Koszalin,Koszalin,Koszalin,zachodniopomorskie
75-337,Koszalin,Koszalin,Koszalin,zachodniopomorskie
75-200,Koszalin,Koszalin,Koszalin,zachodniopomorskie
75-204,Koszalin,Koszalin,Koszalin,zachodniopomorskie
75-430,Koszalin,Koszalin,Koszalin,zachodniopomorskie
75-412,Koszalin,Koszalin,Koszalin,zachodniopomorskie
75-414,Koszalin,Koszalin,Koszalin,zachodniopomorskie
75-056,Koszalin,Koszalin,Koszalin,zachodniopomorskie
75-013,Koszalin,Koszalin,Koszalin,zachodniopomorskie
75-014,Koszalin,Koszalin,Koszalin,zachodniopomorskie
75-012,Koszalin,Koszalin,Koszalin,zachodniopomorskie
75-015,Koszalin,Koszalin,Koszalin,zachodniopomorskie
75-626,Koszalin,Koszalin,Koszalin,zachodniopomorskie
75-202,Koszalin,Koszalin,Koszalin,zachodniopomorskie
75-644,Koszalin,Koszalin,Koszalin,zachodniopomorskie
75-646,Koszalin,Koszalin,Koszalin,zachodniopomorskie
75-003,Koszalin,Koszalin,Koszalin,zachodniopomorskie
75-685,Koszalin,Koszalin,Koszalin,zachodniopomorskie
75-122,Koszalin,Koszalin,Koszalin,zachodniopomorskie
75-366,Koszalin,Koszalin,Koszalin,zachodniopomorskie
75-710,Koszalin,Koszalin,Koszalin,zachodniopomorskie
75-330,Koszalin,Koszalin,Koszalin,zachodniopomorskie
75-331,Koszalin,Koszalin,Koszalin,zachodniopomorskie
75-077,Koszalin,Koszalin,Koszalin,zachodniopomorskie
75-668,Koszalin,Koszalin,Koszalin,zachodniopomorskie
75-819,Koszalin,Koszalin,Koszalin,zachodniopomorskie
75-305,Koszalin,Koszalin,Koszalin,zachodniopomorskie
75-302,Koszalin,Koszalin,Koszalin,zachodniopomorskie
75-308,Koszalin,Koszalin,Koszalin,zachodniopomorskie
75-303,Koszalin,Koszalin,Koszalin,zachodniopomorskie
75-309,Koszalin,Koszalin,Koszalin,zachodniopomorskie
75-370,Koszalin,Koszalin,Koszalin,zachodniopomorskie
75-669,Koszalin,Koszalin,Koszalin,zachodniopomorskie
75-662,Koszalin,Koszalin,Koszalin,zachodniopomorskie
75-373,Koszalin,Koszalin,Koszalin,zachodniopomorskie
75-813,Koszalin,Koszalin,Koszalin,zachodniopomorskie
75-057,Koszalin,Koszalin,Koszalin,zachodniopomorskie
75-211,Koszalin,Koszalin,Koszalin,zachodniopomorskie
75-385,Koszalin,Koszalin,Koszalin,zachodniopomorskie
75-209,Koszalin,Koszalin,Koszalin,zachodniopomorskie
75-063,Koszalin,Koszalin,Koszalin,zachodniopomorskie
75-064,Koszalin,Koszalin,Koszalin,zachodniopomorskie
75-257,Koszalin,Koszalin,Koszalin,zachodniopomorskie
75-680,Koszalin,Koszalin,Koszalin,zachodniopomorskie
75-713,Koszalin,Koszalin,Koszalin,zachodniopomorskie
75-365,Koszalin,Koszalin,Koszalin,zachodniopomorskie
75-671,Koszalin,Koszalin,Koszalin,zachodniopomorskie
75-810,Koszalin,Koszalin,Koszalin,zachodniopomorskie
75-526,Koszalin,Koszalin,Koszalin,zachodniopomorskie
75-676,Koszalin,Koszalin,Koszalin,zachodniopomorskie
75-136,Koszalin,Koszalin,Koszalin,zachodniopomorskie
75-323,Koszalin,Koszalin,Koszalin,zachodniopomorskie
75-433,Koszalin,Koszalin,Koszalin,zachodniopomorskie
75-256,Koszalin,Koszalin,Koszalin,zachodniopomorskie
75-630,Koszalin,Koszalin,Koszalin,zachodniopomorskie
75-809,Koszalin,Koszalin,Koszalin,zachodniopomorskie
75-581,Koszalin,Koszalin,Koszalin,zachodniopomorskie
75-631,Koszalin,Koszalin,Koszalin,zachodniopomorskie
75-391,Koszalin,Koszalin,Koszalin,zachodniopomorskie
75-818,Koszalin,Koszalin,Koszalin,zachodniopomorskie
75-670,Koszalin,Koszalin,Koszalin,zachodniopomorskie
75-577,Koszalin,Koszalin,Koszalin,zachodniopomorskie
75-576,Koszalin,Koszalin,Koszalin,zachodniopomorskie
75-566,Koszalin,Koszalin,Koszalin,zachodniopomorskie
75-567,Koszalin,Koszalin,Koszalin,zachodniopomorskie
75-327,Koszalin,Koszalin,Koszalin,zachodniopomorskie
75-363,Koszalin,Koszalin,Koszalin,zachodniopomorskie
75-021,Koszalin,Koszalin,Koszalin,zachodniopomorskie
75-650,Koszalin,Koszalin,Koszalin,zachodniopomorskie
75-634,Koszalin,Koszalin,Koszalin,zachodniopomorskie
75-677,Koszalin,Koszalin,Koszalin,zachodniopomorskie
75-697,Koszalin,Koszalin,Koszalin,zachodniopomorskie
75-313,Koszalin,Koszalin,Koszalin,zachodniopomorskie
75-354,Koszalin,Koszalin,Koszalin,zachodniopomorskie
75-351,Koszalin,Koszalin,Koszalin,zachodniopomorskie
75-300,Koszalin,Koszalin,Koszalin,zachodniopomorskie
75-055,Koszalin,Koszalin,Koszalin,zachodniopomorskie
75-736,Koszalin,Koszalin,Koszalin,zachodniopomorskie
75-361,Koszalin,Koszalin,Koszalin,zachodniopomorskie
75-375,Koszalin,Koszalin,Koszalin,zachodniopomorskie
75-816,Koszalin,Koszalin,Koszalin,zachodniopomorskie
75-230,Koszalin,Koszalin,Koszalin,zachodniopomorskie
75-362,Koszalin,Koszalin,Koszalin,zachodniopomorskie
75-065,Koszalin,Koszalin,Koszalin,zachodniopomorskie
75-329,Koszalin,Koszalin,Koszalin,zachodniopomorskie
75-074,Koszalin,Koszalin,Koszalin,zachodniopomorskie
75-201,Koszalin,Koszalin,Koszalin,zachodniopomorskie
75-034,Koszalin,Koszalin,Koszalin,zachodniopomorskie
75-845,Koszalin,Koszalin,Koszalin,zachodniopomorskie
75-222,Koszalin,Koszalin,Koszalin,zachodniopomorskie
75-426,Koszalin,Koszalin,Koszalin,zachodniopomorskie
75-427,Koszalin,Koszalin,Koszalin,zachodniopomorskie
75-434,Koszalin,Koszalin,Koszalin,zachodniopomorskie
75-236,Koszalin,Koszalin,Koszalin,zachodniopomorskie
75-388,Koszalin,Koszalin,Koszalin,zachodniopomorskie
75-253,Koszalin,Koszalin,Koszalin,zachodniopomorskie
75-254,Koszalin,Koszalin,Koszalin,zachodniopomorskie
75-251,Koszalin,Koszalin,Koszalin,zachodniopomorskie
75-255,Koszalin,Koszalin,Koszalin,zachodniopomorskie
75-429,Koszalin,Koszalin,Koszalin,zachodniopomorskie
75-304,Koszalin,Koszalin,Koszalin,zachodniopomorskie
75-675,Koszalin,Koszalin,Koszalin,zachodniopomorskie
75-519,Koszalin,Koszalin,Koszalin,zachodniopomorskie
75-333,Koszalin,Koszalin,Koszalin,zachodniopomorskie
75-402,Koszalin,Koszalin,Koszalin,zachodniopomorskie
75-383,Koszalin,Koszalin,Koszalin,zachodniopomorskie
75-002,Koszalin,Koszalin,Koszalin,zachodniopomorskie
75-628,Koszalin,Koszalin,Koszalin,zachodniopomorskie
75-241,Koszalin,Koszalin,Koszalin,zachodniopomorskie
75-801,Koszalin,Koszalin,Koszalin,zachodniopomorskie
75-073,Koszalin,Koszalin,Koszalin,zachodniopomorskie
75-638,Koszalin,Koszalin,Koszalin,zachodniopomorskie
75-357,Koszalin,Koszalin,Koszalin,zachodniopomorskie
75-607,Koszalin,Koszalin,Koszalin,zachodniopomorskie
75-689,Koszalin,Koszalin,Koszalin,zachodniopomorskie
75-679,Koszalin,Koszalin,Koszalin,zachodniopomorskie
75-206,Koszalin,Koszalin,Koszalin,zachodniopomorskie
75-447,Koszalin,Koszalin,Koszalin,zachodniopomorskie
75-307,Koszalin,Koszalin,Koszalin,zachodniopomorskie
75-452,Koszalin,Koszalin,Koszalin,zachodniopomorskie
75-438,Koszalin,Koszalin,Koszalin,zachodniopomorskie
75-682,Koszalin,Koszalin,Koszalin,zachodniopomorskie
75-121,Koszalin,Koszalin,Koszalin,zachodniopomorskie
75-681,Koszalin,Koszalin,Koszalin,zachodniopomorskie
75-401,Koszalin,Koszalin,Koszalin,zachodniopomorskie
75-382,Koszalin,Koszalin,Koszalin,zachodniopomorskie
75-686,Koszalin,Koszalin,Koszalin,zachodniopomorskie
75-580,Koszalin,Koszalin,Koszalin,zachodniopomorskie
75-698,Koszalin,Koszalin,Koszalin,zachodniopomorskie
75-369,Koszalin,Koszalin,Koszalin,zachodniopomorskie
75-667,Koszalin,Koszalin,Koszalin,zachodniopomorskie
75-719,Koszalin,Koszalin,Koszalin,zachodniopomorskie
75-563,Koszalin,Koszalin,Koszalin,zachodniopomorskie
75-714,Koszalin,Koszalin,Koszalin,zachodniopomorskie
75-036,Koszalin,Koszalin,Koszalin,zachodniopomorskie
75-058,Koszalin,Koszalin,Koszalin,zachodniopomorskie
75-310,Koszalin,Koszalin,Koszalin,zachodniopomorskie
75-393,Koszalin,Koszalin,Koszalin,zachodniopomorskie
75-358,Koszalin,Koszalin,Koszalin,zachodniopomorskie
75-353,Koszalin,Koszalin,Koszalin,zachodniopomorskie
75-658,Koszalin,Koszalin,Koszalin,zachodniopomorskie
75-108,Koszalin,Koszalin,Koszalin,zachodniopomorskie
75-378,Koszalin,Koszalin,Koszalin,zachodniopomorskie
75-448,Koszalin,Koszalin,Koszalin,zachodniopomorskie
75-070,Koszalin,Koszalin,Koszalin,zachodniopomorskie
75-724,Koszalin,Koszalin,Koszalin,zachodniopomorskie
75-716,Koszalin,Koszalin,Koszalin,zachodniopomorskie
75-826,Koszalin,Koszalin,Koszalin,zachodniopomorskie
75-827,Koszalin,Koszalin,Koszalin,zachodniopomorskie
75-820,Koszalin,Koszalin,Koszalin,zachodniopomorskie
75-821,Koszalin,Koszalin,Koszalin,zachodniopomorskie
75-828,Koszalin,Koszalin,Koszalin,zachodniopomorskie
75-823,Koszalin,Koszalin,Koszalin,zachodniopomorskie
75-425,Koszalin,Koszalin,Koszalin,zachodniopomorskie
75-368,Koszalin,Koszalin,Koszalin,zachodniopomorskie
75-232,Koszalin,Koszalin,Koszalin,zachodniopomorskie
75-404,Koszalin,Koszalin,Koszalin,zachodniopomorskie
75-406,Koszalin,Koszalin,Koszalin,zachodniopomorskie
75-407,Koszalin,Koszalin,Koszalin,zachodniopomorskie
75-409,Koszalin,Koszalin,Koszalin,zachodniopomorskie
75-415,Koszalin,Koszalin,Koszalin,zachodniopomorskie
75-405,Koszalin,Koszalin,Koszalin,zachodniopomorskie
75-359,Koszalin,Koszalin,Koszalin,zachodniopomorskie
75-352,Koszalin,Koszalin,Koszalin,zachodniopomorskie
75-824,Koszalin,Koszalin,Koszalin,zachodniopomorskie
75-825,Koszalin,Koszalin,Koszalin,zachodniopomorskie
75-078,Koszalin,Koszalin,Koszalin,zachodniopomorskie
75-081,Koszalin,Koszalin,Koszalin,zachodniopomorskie
75-032,Koszalin,Koszalin,Koszalin,zachodniopomorskie
75-229,Koszalin,Koszalin,Koszalin,zachodniopomorskie
75-408,Koszalin,Koszalin,Koszalin,zachodniopomorskie
75-328,Koszalin,Koszalin,Koszalin,zachodniopomorskie
75-590,Koszalin,Koszalin,Koszalin,zachodniopomorskie
75-395,Koszalin,Koszalin,Koszalin,zachodniopomorskie
75-208,Koszalin,Koszalin,Koszalin,zachodniopomorskie
75-332,Koszalin,Koszalin,Koszalin,zachodniopomorskie
75-343,Koszalin,Koszalin,Koszalin,zachodniopomorskie
75-832,Koszalin,Koszalin,Koszalin,zachodniopomorskie
75-843,Koszalin,Koszalin,Koszalin,zachodniopomorskie
75-834,Koszalin,Koszalin,Koszalin,zachodniopomorskie
75-844,Koszalin,Koszalin,Koszalin,zachodniopomorskie
75-837,Koszalin,Koszalin,Koszalin,zachodniopomorskie
75-842,Koszalin,Koszalin,Koszalin,zachodniopomorskie
75-733,Koszalin,Koszalin,Koszalin,zachodniopomorskie
75-450,Koszalin,Koszalin,Koszalin,zachodniopomorskie
75-648,Koszalin,Koszalin,Koszalin,zachodniopomorskie
75-584,Koszalin,Koszalin,Koszalin,zachodniopomorskie
75-583,Koszalin,Koszalin,Koszalin,zachodniopomorskie
75-585,Koszalin,Koszalin,Koszalin,zachodniopomorskie
75-213,Koszalin,Koszalin,Koszalin,zachodniopomorskie
75-690,Koszalin,Koszalin,Koszalin,zachodniopomorskie
75-397,Koszalin,Koszalin,Koszalin,zachodniopomorskie
75-848,Koszalin,Koszalin,Koszalin,zachodniopomorskie
75-833,Koszalin,Koszalin,Koszalin,zachodniopomorskie
75-109,Koszalin,Koszalin,Koszalin,zachodniopomorskie
75-113,Koszalin,Koszalin,Koszalin,zachodniopomorskie
75-111,Koszalin,Koszalin,Koszalin,zachodniopomorskie
75-112,Koszalin,Koszalin,Koszalin,zachodniopomorskie
75-838,Koszalin,Koszalin,Koszalin,zachodniopomorskie
75-839,Koszalin,Koszalin,Koszalin,zachodniopomorskie
75-390,Koszalin,Koszalin,Koszalin,zachodniopomorskie
75-364,Koszalin,Koszalin,Koszalin,zachodniopomorskie
75-639,Koszalin,Koszalin,Koszalin,zachodniopomorskie
75-800,Koszalin,Koszalin,Koszalin,zachodniopomorskie
75-442,Koszalin,Koszalin,Koszalin,zachodniopomorskie
75-379,Koszalin,Koszalin,Koszalin,zachodniopomorskie
75-708,Koszalin,Koszalin,Koszalin,zachodniopomorskie
75-075,Koszalin,Koszalin,Koszalin,zachodniopomorskie
75-059,Koszalin,Koszalin,Koszalin,zachodniopomorskie
75-224,Koszalin,Koszalin,Koszalin,zachodniopomorskie
75-540,Koszalin,Koszalin,Koszalin,zachodniopomorskie
75-543,Koszalin,Koszalin,Koszalin,zachodniopomorskie
75-544,Koszalin,Koszalin,Koszalin,zachodniopomorskie
75-542,Koszalin,Koszalin,Koszalin,zachodniopomorskie
75-399,Koszalin,Koszalin,Koszalin,zachodniopomorskie
75-394,Koszalin,Koszalin,Koszalin,zachodniopomorskie
75-004,Koszalin,Koszalin,Koszalin,zachodniopomorskie
75-129,Koszalin,Koszalin,Koszalin,zachodniopomorskie
75-124,Koszalin,Koszalin,Koszalin,zachodniopomorskie
75-132,Koszalin,Koszalin,Koszalin,zachodniopomorskie
75-125,Koszalin,Koszalin,Koszalin,zachodniopomorskie
75-506,Koszalin,Koszalin,Koszalin,zachodniopomorskie
75-372,Koszalin,Koszalin,Koszalin,zachodniopomorskie
75-054,Koszalin,Koszalin,Koszalin,zachodniopomorskie
75-050,Koszalin,Koszalin,Koszalin,zachodniopomorskie
75-052,Koszalin,Koszalin,Koszalin,zachodniopomorskie
75-420,Koszalin,Koszalin,Koszalin,zachodniopomorskie
75-423,Koszalin,Koszalin,Koszalin,zachodniopomorskie
75-421,Koszalin,Koszalin,Koszalin,zachodniopomorskie
75-422,Koszalin,Koszalin,Koszalin,zachodniopomorskie
75-424,Koszalin,Koszalin,Koszalin,zachodniopomorskie
75-721,Koszalin,Koszalin,Koszalin,zachodniopomorskie
75-729,Koszalin,Koszalin,Koszalin,zachodniopomorskie
75-731,Koszalin,Koszalin,Koszalin,zachodniopomorskie
75-732,Koszalin,Koszalin,Koszalin,zachodniopomorskie
75-734,Koszalin,Koszalin,Koszalin,zachodniopomorskie
75-726,Koszalin,Koszalin,Koszalin,zachodniopomorskie
75-728,Koszalin,Koszalin,Koszalin,zachodniopomorskie
75-548,Koszalin,Koszalin,Koszalin,zachodniopomorskie
75-557,Koszalin,Koszalin,Koszalin,zachodniopomorskie
75-558,Koszalin,Koszalin,Koszalin,zachodniopomorskie
75-549,Koszalin,Koszalin,Koszalin,zachodniopomorskie
75-551,Koszalin,Koszalin,Koszalin,zachodniopomorskie
75-556,Koszalin,Koszalin,Koszalin,zachodniopomorskie
75-665,Koszalin,Koszalin,Koszalin,zachodniopomorskie
75-218,Koszalin,Koszalin,Koszalin,zachodniopomorskie
75-221,Koszalin,Koszalin,Koszalin,zachodniopomorskie
75-212,Koszalin,Koszalin,Koszalin,zachodniopomorskie
75-223,Koszalin,Koszalin,Koszalin,zachodniopomorskie
75-225,Koszalin,Koszalin,Koszalin,zachodniopomorskie
75-215,Koszalin,Koszalin,Koszalin,zachodniopomorskie
75-227,Koszalin,Koszalin,Koszalin,zachodniopomorskie
75-234,Koszalin,Koszalin,Koszalin,zachodniopomorskie
75-217,Koszalin,Koszalin,Koszalin,zachodniopomorskie
75-235,Koszalin,Koszalin,Koszalin,zachodniopomorskie
75-237,Koszalin,Koszalin,Koszalin,zachodniopomorskie
75-338,Koszalin,Koszalin,Koszalin,zachodniopomorskie
75-242,Koszalin,Koszalin,Koszalin,zachodniopomorskie
75-252,Koszalin,Koszalin,Koszalin,zachodniopomorskie
75-244,Koszalin,Koszalin,Koszalin,zachodniopomorskie
75-656,Koszalin,Koszalin,Koszalin,zachodniopomorskie
75-587,Koszalin,Koszalin,Koszalin,zachodniopomorskie
75-835,Koszalin,Koszalin,Koszalin,zachodniopomorskie
75-696,Koszalin,Koszalin,Koszalin,zachodniopomorskie
75-306,Koszalin,Koszalin,Koszalin,zachodniopomorskie
75-588,Koszalin,Koszalin,Koszalin,zachodniopomorskie
75-504,Koszalin,Koszalin,Koszalin,zachodniopomorskie
75-203,Koszalin,Koszalin,Koszalin,zachodniopomorskie
75-443,Koszalin,Koszalin,Koszalin,zachodniopomorskie
75-727,Koszalin,Koszalin,Koszalin,zachodniopomorskie
75-522,Koszalin,Koszalin,Koszalin,zachodniopomorskie
75-637,Koszalin,Koszalin,Koszalin,zachodniopomorskie
75-817,Koszalin,Koszalin,Koszalin,zachodniopomorskie
75-645,Koszalin,Koszalin,Koszalin,zachodniopomorskie
75-411,Koszalin,Koszalin,Koszalin,zachodniopomorskie
75-621,Koszalin,Koszalin,Koszalin,zachodniopomorskie
75-400,Koszalin,Koszalin,Koszalin,zachodniopomorskie
75-367,Koszalin,Koszalin,Koszalin,zachodniopomorskie
75-403,Koszalin,Koszalin,Koszalin,zachodniopomorskie
75-500,Koszalin,Koszalin,Koszalin,zachodniopomorskie
75-509,Koszalin,Koszalin,Koszalin,zachodniopomorskie
75-511,Koszalin,Koszalin,Koszalin,zachodniopomorskie
75-501,Koszalin,Koszalin,Koszalin,zachodniopomorskie
75-512,Koszalin,Koszalin,Koszalin,zachodniopomorskie
75-502,Koszalin,Koszalin,Koszalin,zachodniopomorskie
75-525,Koszalin,Koszalin,Koszalin,zachodniopomorskie
75-520,Koszalin,Koszalin,Koszalin,zachodniopomorskie
75-521,Koszalin,Koszalin,Koszalin,zachodniopomorskie
75-523,Koszalin,Koszalin,Koszalin,zachodniopomorskie
75-529,Koszalin,Koszalin,Koszalin,zachodniopomorskie
75-531,Koszalin,Koszalin,Koszalin,zachodniopomorskie
75-334,Koszalin,Koszalin,Koszalin,zachodniopomorskie
75-636,Koszalin,Koszalin,Koszalin,zachodniopomorskie
75-348,Koszalin,Koszalin,Koszalin,zachodniopomorskie
75-805,Koszalin,Koszalin,Koszalin,zachodniopomorskie
75-017,Koszalin,Koszalin,Koszalin,zachodniopomorskie
75-695,Koszalin,Koszalin,Koszalin,zachodniopomorskie
75-320,Koszalin,Koszalin,Koszalin,zachodniopomorskie
75-322,Koszalin,Koszalin,Koszalin,zachodniopomorskie
75-336,Koszalin,Koszalin,Koszalin,zachodniopomorskie
75-321,Koszalin,Koszalin,Koszalin,zachodniopomorskie
75-335,Koszalin,Koszalin,Koszalin,zachodniopomorskie
75-325,Koszalin,Koszalin,Koszalin,zachodniopomorskie
75-240,Koszalin,Koszalin,Koszalin,zachodniopomorskie
75-396,Koszalin,Koszalin,Koszalin,zachodniopomorskie
75-688,Koszalin,Koszalin,Koszalin,zachodniopomorskie
75-802,Koszalin,Koszalin,Koszalin,zachodniopomorskie
75-815,Koszalin,Koszalin,Koszalin,zachodniopomorskie
75-808,Koszalin,Koszalin,Koszalin,zachodniopomorskie
75-811,Koszalin,Koszalin,Koszalin,zachodniopomorskie
75-072,Koszalin,Koszalin,Koszalin,zachodniopomorskie
75-410,Koszalin,Koszalin,Koszalin,zachodniopomorskie
75-841,Koszalin,Koszalin,Koszalin,zachodniopomorskie
75-100,Koszalin,Koszalin,Koszalin,zachodniopomorskie
75-103,Koszalin,Koszalin,Koszalin,zachodniopomorskie
75-105,Koszalin,Koszalin,Koszalin,zachodniopomorskie
75-107,Koszalin,Koszalin,Koszalin,zachodniopomorskie
75-324,Koszalin,Koszalin,Koszalin,zachodniopomorskie
75-654,Koszalin,Koszalin,Koszalin,zachodniopomorskie
75-216,Koszalin,Koszalin,Koszalin,zachodniopomorskie
75-693,Koszalin,Koszalin,Koszalin,zachodniopomorskie
75-620,Koszalin,Koszalin,Koszalin,zachodniopomorskie
75-106,Koszalin,Koszalin,Koszalin,zachodniopomorskie
75-374,Koszalin,Koszalin,Koszalin,zachodniopomorskie
75-104,Koszalin,Koszalin,Koszalin,zachodniopomorskie
75-661,Koszalin,Koszalin,Koszalin,zachodniopomorskie
75-507,Koszalin,Koszalin,Koszalin,zachodniopomorskie
75-436,Koszalin,Koszalin,Koszalin,zachodniopomorskie
75-706,Koszalin,Koszalin,Koszalin,zachodniopomorskie
75-344,Koszalin,Koszalin,Koszalin,zachodniopomorskie
75-851,Koszalin,Koszalin,Koszalin,zachodniopomorskie
75-220,Koszalin,Koszalin,Koszalin,zachodniopomorskie
75-228,Koszalin,Koszalin,Koszalin,zachodniopomorskie
75-007,Koszalin,Koszalin,Koszalin,zachodniopomorskie
75-243,Koszalin,Koszalin,Koszalin,zachodniopomorskie
75-674,Koszalin,Koszalin,Koszalin,zachodniopomorskie
75-647,Koszalin,Koszalin,Koszalin,zachodniopomorskie
75-643,Koszalin,Koszalin,Koszalin,zachodniopomorskie
75-389,Koszalin,Koszalin,Koszalin,zachodniopomorskie
75-384,Koszalin,Koszalin,Koszalin,zachodniopomorskie
75-349,Koszalin,Koszalin,Koszalin,zachodniopomorskie
75-360,Koszalin,Koszalin,Koszalin,zachodniopomorskie
75-836,Koszalin,Koszalin,Koszalin,zachodniopomorskie
75-803,Koszalin,Koszalin,Koszalin,zachodniopomorskie
75-642,Koszalin,Koszalin,Koszalin,zachodniopomorskie
75-009,Koszalin,Koszalin,Koszalin,zachodniopomorskie
75-846,Koszalin,Koszalin,Koszalin,zachodniopomorskie
75-683,Koszalin,Koszalin,Koszalin,zachodniopomorskie
75-673,Koszalin,Koszalin,Koszalin,zachodniopomorskie
75-451,Koszalin,Koszalin,Koszalin,zachodniopomorskie
75-233,Koszalin,Koszalin,Koszalin,zachodniopomorskie
75-503,Koszalin,Koszalin,Koszalin,zachodniopomorskie
75-205,Koszalin,Koszalin,Koszalin,zachodniopomorskie
75-610,Koszalin,Koszalin,Koszalin,zachodniopomorskie
75-356,Koszalin,Koszalin,Koszalin,zachodniopomorskie
75-449,Koszalin,Koszalin,Koszalin,zachodniopomorskie
75-850,Koszalin,Koszalin,Koszalin,zachodniopomorskie
75-660,Koszalin,Koszalin,Koszalin,zachodniopomorskie
75-738,Koszalin,Koszalin,Koszalin,zachodniopomorskie
75-704,Koszalin,Koszalin,Koszalin,zachodniopomorskie
75-355,Koszalin,Koszalin,Koszalin,zachodniopomorskie
75-527,Koszalin,Koszalin,Koszalin,zachodniopomorskie
75-687,Koszalin,Koszalin,Koszalin,zachodniopomorskie
75-123,Koszalin,Koszalin,Koszalin,zachodniopomorskie
75-130,Koszalin,Koszalin,Koszalin,zachodniopomorskie
75-120,Koszalin,Koszalin,Koszalin,zachodniopomorskie
75-135,Koszalin,Koszalin,Koszalin,zachodniopomorskie
75-137,Koszalin,Koszalin,Koszalin,zachodniopomorskie
75-814,Koszalin,Koszalin,Koszalin,zachodniopomorskie
75-250,Koszalin,Koszalin,Koszalin,zachodniopomorskie
75-720,Koszalin,Koszalin,Koszalin,zachodniopomorskie
75-545,Koszalin,Koszalin,Koszalin,zachodniopomorskie
75-546,Koszalin,Koszalin,Koszalin,zachodniopomorskie
75-573,Koszalin,Koszalin,Koszalin,zachodniopomorskie
75-547,Koszalin,Koszalin,Koszalin,zachodniopomorskie
75-574,Koszalin,Koszalin,Koszalin,zachodniopomorskie
75-562,Koszalin,Koszalin,Koszalin,zachodniopomorskie
75-564,Koszalin,Koszalin,Koszalin,zachodniopomorskie
75-207,Koszalin,Koszalin,Koszalin,zachodniopomorskie
75-398,Koszalin,Koszalin,Koszalin,zachodniopomorskie
75-380,Koszalin,Koszalin,Koszalin,zachodniopomorskie
75-453,Koszalin,Koszalin,Koszalin,zachodniopomorskie
75-386,Koszalin,Koszalin,Koszalin,zachodniopomorskie
75-589,Koszalin,Koszalin,Koszalin,zachodniopomorskie
75-381,Koszalin,Koszalin,Koszalin,zachodniopomorskie
75-571,Koszalin,Koszalin,Koszalin,zachodniopomorskie
75-560,Koszalin,Koszalin,Koszalin,zachodniopomorskie
75-572,Koszalin,Koszalin,Koszalin,zachodniopomorskie
75-575,Koszalin,Koszalin,Koszalin,zachodniopomorskie
75-561,Koszalin,Koszalin,Koszalin,zachodniopomorskie
75-565,Koszalin,Koszalin,Koszalin,zachodniopomorskie
75-578,Koszalin,Koszalin,Koszalin,zachodniopomorskie
75-568,Koszalin,Koszalin,Koszalin,zachodniopomorskie
75-579,Koszalin,Koszalin,Koszalin,zachodniopomorskie
75-569,Koszalin,Koszalin,Koszalin,zachodniopomorskie
75-678,Koszalin,Koszalin,Koszalin,zachodniopomorskie
75-376,Koszalin,Koszalin,Koszalin,zachodniopomorskie
75-444,Koszalin,Koszalin,Koszalin,zachodniopomorskie
75-699,Koszalin,Koszalin,Koszalin,zachodniopomorskie
75-691,Koszalin,Koszalin,Koszalin,zachodniopomorskie
75-446,Koszalin,Koszalin,Koszalin,zachodniopomorskie
75-445,Koszalin,Koszalin,Koszalin,zachodniopomorskie
75-541,Koszalin,Koszalin,Koszalin,zachodniopomorskie
75-339,Koszalin,Koszalin,Koszalin,zachodniopomorskie
75-847,Koszalin,Koszalin,Koszalin,zachodniopomorskie
75-528,Koszalin,Koszalin,Koszalin,zachodniopomorskie
75-635,Koszalin,Koszalin,Koszalin,zachodniopomorskie
75-341,Koszalin,Koszalin,Koszalin,zachodniopomorskie
75-346,Koszalin,Koszalin,Koszalin,zachodniopomorskie
75-342,Koszalin,Koszalin,Koszalin,zachodniopomorskie
75-347,Koszalin,Koszalin,Koszalin,zachodniopomorskie
75-061,Koszalin,Koszalin,Koszalin,zachodniopomorskie
75-377,Koszalin,Koszalin,Koszalin,zachodniopomorskie
75-666,Koszalin,Koszalin,Koszalin,zachodniopomorskie
75-700,Koszalin,Koszalin,Koszalin,zachodniopomorskie
75-711,Koszalin,Koszalin,Koszalin,zachodniopomorskie
75-701,Koszalin,Koszalin,Koszalin,zachodniopomorskie
75-712,Koszalin,Koszalin,Koszalin,zachodniopomorskie
75-705,Koszalin,Koszalin,Koszalin,zachodniopomorskie
75-707,Koszalin,Koszalin,Koszalin,zachodniopomorskie
75-715,Koszalin,Koszalin,Koszalin,zachodniopomorskie
75-717,Koszalin,Koszalin,Koszalin,zachodniopomorskie
75-709,Koszalin,Koszalin,Koszalin,zachodniopomorskie
75-622,Koszalin,Koszalin,Koszalin,zachodniopomorskie
75-076,Koszalin,Koszalin,Koszalin,zachodniopomorskie
75-694,Koszalin,Koszalin,Koszalin,zachodniopomorskie
75-371,Koszalin,Koszalin,Koszalin,zachodniopomorskie
75-508,Koszalin,Koszalin,Koszalin,zachodniopomorskie
75-627,Koszalin,Koszalin,Koszalin,zachodniopomorskie
75-632,Koszalin,Koszalin,Koszalin,zachodniopomorskie
75-633,Koszalin,Koszalin,Koszalin,zachodniopomorskie
75-629,Koszalin,Koszalin,Koszalin,zachodniopomorskie
75-062,Koszalin,Koszalin,Koszalin,zachodniopomorskie
75-127,Koszalin,Koszalin,Koszalin,zachodniopomorskie
75-663,Koszalin,Koszalin,Koszalin,zachodniopomorskie
75-051,Koszalin,Koszalin,Koszalin,zachodniopomorskie
75-552,Koszalin,Koszalin,Koszalin,zachodniopomorskie
75-554,Koszalin,Koszalin,Koszalin,zachodniopomorskie
75-555,Koszalin,Koszalin,Koszalin,zachodniopomorskie
75-553,Koszalin,Koszalin,Koszalin,zachodniopomorskie
75-664,Koszalin,Koszalin,Koszalin,zachodniopomorskie
75-852,Koszalin,Koszalin,Koszalin,zachodniopomorskie
75-586,Koszalin,Koszalin,Koszalin,zachodniopomorskie
75-437,Koszalin,Koszalin,Koszalin,zachodniopomorskie
75-029,Koszalin,Koszalin,Koszalin,zachodniopomorskie
75-031,Koszalin,Koszalin,Koszalin,zachodniopomorskie
75-028,Koszalin,Koszalin,Koszalin,zachodniopomorskie
75-033,Koszalin,Koszalin,Koszalin,zachodniopomorskie
75-027,Koszalin,Koszalin,Koszalin,zachodniopomorskie
75-025,Koszalin,Koszalin,Koszalin,zachodniopomorskie
75-035,Koszalin,Koszalin,Koszalin,zachodniopomorskie
75-037,Koszalin,Koszalin,Koszalin,zachodniopomorskie
75-022,Koszalin,Koszalin,Koszalin,zachodniopomorskie
75-038,Koszalin,Koszalin,Koszalin,zachodniopomorskie
75-020,Koszalin,Koszalin,Koszalin,zachodniopomorskie
75-006,Koszalin,Koszalin,Koszalin,zachodniopomorskie
75-042,Koszalin,Koszalin,Koszalin,zachodniopomorskie
75-005,Koszalin,Koszalin,Koszalin,zachodniopomorskie
75-008,Koszalin,Koszalin,Koszalin,zachodniopomorskie
75-011,Koszalin,Koszalin,Koszalin,zachodniopomorskie
75-001,Koszalin,Koszalin,Koszalin,zachodniopomorskie
75-600,Koszalin,Koszalin,Koszalin,zachodniopomorskie
75-601,Koszalin,Koszalin,Koszalin,zachodniopomorskie
75-602,Koszalin,Koszalin,Koszalin,zachodniopomorskie
75-614,Koszalin,Koszalin,Koszalin,zachodniopomorskie
75-613,Koszalin,Koszalin,Koszalin,zachodniopomorskie
75-603,Koszalin,Koszalin,Koszalin,zachodniopomorskie
75-604,Koszalin,Koszalin,Koszalin,zachodniopomorskie
75-605,Koszalin,Koszalin,Koszalin,zachodniopomorskie
75-612,Koszalin,Koszalin,Koszalin,zachodniopomorskie
75-608,Koszalin,Koszalin,Koszalin,zachodniopomorskie
75-611,Koszalin,Koszalin,Koszalin,zachodniopomorskie
75-609,Koszalin,Koszalin,Koszalin,zachodniopomorskie
75-659,Koszalin,Koszalin,Koszalin,zachodniopomorskie
75-657,Koszalin,Koszalin,Koszalin,zachodniopomorskie
75-655,Koszalin,Koszalin,Koszalin,zachodniopomorskie
75-653,Koszalin,Koszalin,Koszalin,zachodniopomorskie
75-641,Koszalin,Koszalin,Koszalin,zachodniopomorskie
75-672,Koszalin,Koszalin,Koszalin,zachodniopomorskie
75-392,Koszalin,Koszalin,Koszalin,zachodniopomorskie
75-226,Koszalin,Koszalin,Koszalin,zachodniopomorskie
75-703,Koszalin,Koszalin,Koszalin,zachodniopomorskie
75-692,Koszalin,Koszalin,Koszalin,zachodniopomorskie
75-131,Koszalin,Koszalin,Koszalin,zachodniopomorskie
34-332,Koszarawa,Koszarawa,żywiecki,śląskie
33-111,Koszyce,Tarnów,tarnowski,małopolskie
34-511,Kościelisko,Kościelisko,tatrzański,małopolskie
83-226,Kościelna,Graniczne,starogardzki,pomorskie
59-950,Kościelna,Węgliniec,zgorzelecki,dolnośląskie
62-811,Kościelna,Gołuchów,pleszewski,wielkopolskie
83-200,Koteże,Gdański,starogardzki,pomorskie
63-220,Kotlin,Kotlin,jarociński,wielkopolskie
46-045,Kotórz,Turawa,opolski,opolskie
33-161,Kowalowa,Ryglice,tarnowski,małopolskie
58-530,Kowary,Kowary,karkonoski,dolnośląskie
08-104,Kownaciska,Suchożebry,siedlecki,mazowieckie
22-105,Koza-Gotówka,Chełm,chełmski,lubelskie
62-028,Koziegłowy,Czerwonak,poznański,wielkopolskie
74-204,Kozielice,Kozielice,pyrzycki,zachodniopomorskie
62-107,Kozielsko,Damasławek,wągrowiecki,wielkopolskie
66-428,Kozin,Lubiszyn,gorzowski,lubuskie
38-126,Kozłówek,Wiśniowa,strzyżowski,podkarpackie
39-103,Kozodrza,Ostrów,ropczycko-,podkarpackie
64-420,Kozubówka,Kwilcz,międzychodzki,wielkopolskie
43-340,Kozy,Kozy,bielski,śląskie
47-351,Kórnica,Krapkowice,krapkowicki,opolskie
05-831,Krakowiany,Nadarzyn,pruszkowski,mazowieckie
31-401,Kraków,Kraków,Kraków,małopolskie
31-425,Kraków,Kraków,Kraków,małopolskie
31-406,Kraków,Kraków,Kraków,małopolskie
31-236,Kraków,Kraków,Kraków,małopolskie
31-241,Kraków,Kraków,Kraków,małopolskie
30-062,Kraków,Kraków,Kraków,małopolskie
30-063,Kraków,Kraków,Kraków,małopolskie
30-815,Kraków,Kraków,Kraków,małopolskie
30-555,Kraków,Kraków,Kraków,małopolskie
31-120,Kraków,Kraków,Kraków,małopolskie
30-059,Kraków,Kraków,Kraków,małopolskie
30-820,Kraków,Kraków,Kraków,małopolskie
30-605,Kraków,Kraków,Kraków,małopolskie
30-798,Kraków,Kraków,Kraków,małopolskie
30-737,Kraków,Kraków,Kraków,małopolskie
31-071,Kraków,Kraków,Kraków,małopolskie
31-068,Kraków,Kraków,Kraków,małopolskie
30-221,Kraków,Kraków,Kraków,małopolskie
31-466,Kraków,Kraków,Kraków,małopolskie
30-050,Kraków,Kraków,Kraków,małopolskie
31-356,Kraków,Kraków,Kraków,małopolskie
30-662,Kraków,Kraków,Kraków,małopolskie
30-716,Kraków,Kraków,Kraków,małopolskie
30-837,Kraków,Kraków,Kraków,małopolskie
30-660,Kraków,Kraków,Kraków,małopolskie
31-417,Kraków,Kraków,Kraków,małopolskie
30-132,Kraków,Kraków,Kraków,małopolskie
30-437,Kraków,Kraków,Kraków,małopolskie
30-298,Kraków,Kraków,Kraków,małopolskie
30-203,Kraków,Kraków,Kraków,małopolskie
31-839,Kraków,Kraków,Kraków,małopolskie
31-751,Kraków,Kraków,Kraków,małopolskie
30-638,Kraków,Kraków,Kraków,małopolskie
30-654,Kraków,Kraków,Kraków,małopolskie
31-831,Kraków,Kraków,Kraków,małopolskie
31-008,Kraków,Kraków,Kraków,małopolskie
31-419,Kraków,Kraków,Kraków,małopolskie
30-389,Kraków,Kraków,Kraków,małopolskie
31-711,Kraków,Kraków,Kraków,małopolskie
30-138,Kraków,Kraków,Kraków,małopolskie
31-636,Kraków,Kraków,Kraków,małopolskie
31-572,Kraków,Kraków,Kraków,małopolskie
31-505,Kraków,Kraków,Kraków,małopolskie
30-150,Kraków,Kraków,Kraków,małopolskie
30-433,Kraków,Kraków,Kraków,małopolskie
31-242,Kraków,Kraków,Kraków,małopolskie
30-035,Kraków,Kraków,Kraków,małopolskie
30-043,Kraków,Kraków,Kraków,małopolskie
30-075,Kraków,Kraków,Kraków,małopolskie
31-932,Kraków,Kraków,Kraków,małopolskie
31-144,Kraków,Kraków,Kraków,małopolskie
30-243,Kraków,Kraków,Kraków,małopolskie
30-249,Kraków,Kraków,Kraków,małopolskie
31-064,Kraków,Kraków,Kraków,małopolskie
30-010,Kraków,Kraków,Kraków,małopolskie
31-336,Kraków,Kraków,Kraków,małopolskie
30-393,Kraków,Kraków,Kraków,małopolskie
31-479,Kraków,Kraków,Kraków,małopolskie
30-396,Kraków,Kraków,Kraków,małopolskie
30-694,Kraków,Kraków,Kraków,małopolskie
30-398,Kraków,Kraków,Kraków,małopolskie
30-733,Kraków,Kraków,Kraków,małopolskie
31-465,Kraków,Kraków,Kraków,małopolskie
31-566,Kraków,Kraków,Kraków,małopolskie
30-142,Kraków,Kraków,Kraków,małopolskie
30-394,Kraków,Kraków,Kraków,małopolskie
30-149,Kraków,Kraków,Kraków,małopolskie
30-198,Kraków,Kraków,Kraków,małopolskie
30-805,Kraków,Kraków,Kraków,małopolskie
31-214,Kraków,Kraków,Kraków,małopolskie
30-318,Kraków,Kraków,Kraków,małopolskie
31-235,Kraków,Kraków,Kraków,małopolskie
30-436,Kraków,Kraków,Kraków,małopolskie
30-129,Kraków,Kraków,Kraków,małopolskie
31-515,Kraków,Kraków,Kraków,małopolskie
30-227,Kraków,Kraków,Kraków,małopolskie
30-838,Kraków,Kraków,Kraków,małopolskie
31-979,Kraków,Kraków,Kraków,małopolskie
30-807,Kraków,Kraków,Kraków,małopolskie
30-307,Kraków,Kraków,Kraków,małopolskie
31-998,Kraków,Kraków,Kraków,małopolskie
31-057,Kraków,Kraków,Kraków,małopolskie
31-999,Kraków,Kraków,Kraków,małopolskie
30-392,Kraków,Kraków,Kraków,małopolskie
30-440,Kraków,Kraków,Kraków,małopolskie
31-134,Kraków,Kraków,Kraków,małopolskie
31-143,Kraków,Kraków,Kraków,małopolskie
31-156,Kraków,Kraków,Kraków,małopolskie
30-439,Kraków,Kraków,Kraków,małopolskie
31-845,Kraków,Kraków,Kraków,małopolskie
31-273,Kraków,Kraków,Kraków,małopolskie
31-862,Kraków,Kraków,Kraków,małopolskie
30-735,Kraków,Kraków,Kraków,małopolskie
31-421,Kraków,Kraków,Kraków,małopolskie
30-742,Kraków,Kraków,Kraków,małopolskie
31-619,Kraków,Kraków,Kraków,małopolskie
30-245,Kraków,Kraków,Kraków,małopolskie
30-376,Kraków,Kraków,Kraków,małopolskie
30-217,Kraków,Kraków,Kraków,małopolskie
30-236,Kraków,Kraków,Kraków,małopolskie
30-699,Kraków,Kraków,Kraków,małopolskie
31-517,Kraków,Kraków,Kraków,małopolskie
30-536,Kraków,Kraków,Kraków,małopolskie
30-207,Kraków,Kraków,Kraków,małopolskie
30-066,Kraków,Kraków,Kraków,małopolskie
30-233,Kraków,Kraków,Kraków,małopolskie
30-038,Kraków,Kraków,Kraków,małopolskie
31-069,Kraków,Kraków,Kraków,małopolskie
31-327,Kraków,Kraków,Kraków,małopolskie
30-622,Kraków,Kraków,Kraków,małopolskie
30-611,Kraków,Kraków,Kraków,małopolskie
31-403,Kraków,Kraków,Kraków,małopolskie
31-215,Kraków,Kraków,Kraków,małopolskie
30-327,Kraków,Kraków,Kraków,małopolskie
31-221,Kraków,Kraków,Kraków,małopolskie
30-434,Kraków,Kraków,Kraków,małopolskie
31-410,Kraków,Kraków,Kraków,małopolskie
31-234,Kraków,Kraków,Kraków,małopolskie
30-218,Kraków,Kraków,Kraków,małopolskie
30-246,Kraków,Kraków,Kraków,małopolskie
30-244,Kraków,Kraków,Kraków,małopolskie
30-382,Kraków,Kraków,Kraków,małopolskie
31-860,Kraków,Kraków,Kraków,małopolskie
30-864,Kraków,Kraków,Kraków,małopolskie
30-388,Kraków,Kraków,Kraków,małopolskie
30-432,Kraków,Kraków,Kraków,małopolskie
30-812,Kraków,Kraków,Kraków,małopolskie
30-826,Kraków,Kraków,Kraków,małopolskie
30-856,Kraków,Kraków,Kraków,małopolskie
31-764,Kraków,Kraków,Kraków,małopolskie
30-732,Kraków,Kraków,Kraków,małopolskie
31-535,Kraków,Kraków,Kraków,małopolskie
31-538,Kraków,Kraków,Kraków,małopolskie
31-502,Kraków,Kraków,Kraków,małopolskie
31-529,Kraków,Kraków,Kraków,małopolskie
31-331,Kraków,Kraków,Kraków,małopolskie
31-752,Kraków,Kraków,Kraków,małopolskie
30-643,Kraków,Kraków,Kraków,małopolskie
31-431,Kraków,Kraków,Kraków,małopolskie
31-573,Kraków,Kraków,Kraków,małopolskie
30-690,Kraków,Kraków,Kraków,małopolskie
30-399,Kraków,Kraków,Kraków,małopolskie
31-408,Kraków,Kraków,Kraków,małopolskie
30-381,Kraków,Kraków,Kraków,małopolskie
31-552,Kraków,Kraków,Kraków,małopolskie
31-216,Kraków,Kraków,Kraków,małopolskie
30-348,Kraków,Kraków,Kraków,małopolskie
30-693,Kraków,Kraków,Kraków,małopolskie
31-061,Kraków,Kraków,Kraków,małopolskie
31-231,Kraków,Kraków,Kraków,małopolskie
30-346,Kraków,Kraków,Kraków,małopolskie
30-851,Kraków,Kraków,Kraków,małopolskie
30-223,Kraków,Kraków,Kraków,małopolskie
30-379,Kraków,Kraków,Kraków,małopolskie
30-898,Kraków,Kraków,Kraków,małopolskie
31-048,Kraków,Kraków,Kraków,małopolskie
31-808,Kraków,Kraków,Kraków,małopolskie
31-579,Kraków,Kraków,Kraków,małopolskie
30-547,Kraków,Kraków,Kraków,małopolskie
31-477,Kraków,Kraków,Kraków,małopolskie
31-416,Kraków,Kraków,Kraków,małopolskie
31-519,Kraków,Kraków,Kraków,małopolskie
31-428,Kraków,Kraków,Kraków,małopolskie
31-710,Kraków,Kraków,Kraków,małopolskie
30-415,Kraków,Kraków,Kraków,małopolskie
31-030,Kraków,Kraków,Kraków,małopolskie
31-836,Kraków,Kraków,Kraków,małopolskie
30-498,Kraków,Kraków,Kraków,małopolskie
30-108,Kraków,Kraków,Kraków,małopolskie
30-438,Kraków,Kraków,Kraków,małopolskie
30-427,Kraków,Kraków,Kraków,małopolskie
30-215,Kraków,Kraków,Kraków,małopolskie
30-252,Kraków,Kraków,Kraków,małopolskie
30-408,Kraków,Kraków,Kraków,małopolskie
31-939,Kraków,Kraków,Kraków,małopolskie
31-508,Kraków,Kraków,Kraków,małopolskie
31-476,Kraków,Kraków,Kraków,małopolskie
31-503,Kraków,Kraków,Kraków,małopolskie
31-352,Kraków,Kraków,Kraków,małopolskie
31-418,Kraków,Kraków,Kraków,małopolskie
31-055,Kraków,Kraków,Kraków,małopolskie
31-059,Kraków,Kraków,Kraków,małopolskie
31-104,Kraków,Kraków,Kraków,małopolskie
30-610,Kraków,Kraków,Kraków,małopolskie
30-556,Kraków,Kraków,Kraków,małopolskie
31-005,Kraków,Kraków,Kraków,małopolskie
31-985,Kraków,Kraków,Kraków,małopolskie
30-802,Kraków,Kraków,Kraków,małopolskie
30-395,Kraków,Kraków,Kraków,małopolskie
31-463,Kraków,Kraków,Kraków,małopolskie
31-201,Kraków,Kraków,Kraków,małopolskie
31-518,Kraków,Kraków,Kraków,małopolskie
30-506,Kraków,Kraków,Kraków,małopolskie
31-801,Kraków,Kraków,Kraków,małopolskie
30-084,Kraków,Kraków,Kraków,małopolskie
30-091,Kraków,Kraków,Kraków,małopolskie
30-121,Kraków,Kraków,Kraków,małopolskie
30-347,Kraków,Kraków,Kraków,małopolskie
30-405,Kraków,Kraków,Kraków,małopolskie
30-253,Kraków,Kraków,Kraków,małopolskie
31-478,Kraków,Kraków,Kraków,małopolskie
30-235,Kraków,Kraków,Kraków,małopolskie
31-050,Kraków,Kraków,Kraków,małopolskie
31-398,Kraków,Kraków,Kraków,małopolskie
30-072,Kraków,Kraków,Kraków,małopolskie
31-347,Kraków,Kraków,Kraków,małopolskie
30-799,Kraków,Kraków,Kraków,małopolskie
31-324,Kraków,Kraków,Kraków,małopolskie
30-741,Kraków,Kraków,Kraków,małopolskie
31-222,Kraków,Kraków,Kraków,małopolskie
31-036,Kraków,Kraków,Kraków,małopolskie
30-310,Kraków,Kraków,Kraków,małopolskie
30-114,Kraków,Kraków,Kraków,małopolskie
31-965,Kraków,Kraków,Kraków,małopolskie
31-907,Kraków,Kraków,Kraków,małopolskie
31-978,Kraków,Kraków,Kraków,małopolskie
30-409,Kraków,Kraków,Kraków,małopolskie
30-335,Kraków,Kraków,Kraków,małopolskie
30-641,Kraków,Kraków,Kraków,małopolskie
30-383,Kraków,Kraków,Kraków,małopolskie
31-213,Kraków,Kraków,Kraków,małopolskie
31-766,Kraków,Kraków,Kraków,małopolskie
30-056,Kraków,Kraków,Kraków,małopolskie
30-623,Kraków,Kraków,Kraków,małopolskie
30-614,Kraków,Kraków,Kraków,małopolskie
30-685,Kraków,Kraków,Kraków,małopolskie
30-231,Kraków,Kraków,Kraków,małopolskie
31-612,Kraków,Kraków,Kraków,małopolskie
30-404,Kraków,Kraków,Kraków,małopolskie
30-362,Kraków,Kraków,Kraków,małopolskie
31-809,Kraków,Kraków,Kraków,małopolskie
31-414,Kraków,Kraków,Kraków,małopolskie
30-507,Kraków,Kraków,Kraków,małopolskie
31-983,Kraków,Kraków,Kraków,małopolskie
31-982,Kraków,Kraków,Kraków,małopolskie
31-586,Kraków,Kraków,Kraków,małopolskie
31-934,Kraków,Kraków,Kraków,małopolskie
31-910,Kraków,Kraków,Kraków,małopolskie
31-335,Kraków,Kraków,Kraków,małopolskie
31-464,Kraków,Kraków,Kraków,małopolskie
31-303,Kraków,Kraków,Kraków,małopolskie
31-301,Kraków,Kraków,Kraków,małopolskie
31-322,Kraków,Kraków,Kraków,małopolskie
31-340,Kraków,Kraków,Kraków,małopolskie
31-348,Kraków,Kraków,Kraków,małopolskie
30-238,Kraków,Kraków,Kraków,małopolskie
31-423,Kraków,Kraków,Kraków,małopolskie
30-424,Kraków,Kraków,Kraków,małopolskie
31-525,Kraków,Kraków,Kraków,małopolskie
30-806,Kraków,Kraków,Kraków,małopolskie
30-069,Kraków,Kraków,Kraków,małopolskie
30-612,Kraków,Kraków,Kraków,małopolskie
31-067,Kraków,Kraków,Kraków,małopolskie
31-349,Kraków,Kraków,Kraków,małopolskie
30-609,Kraków,Kraków,Kraków,małopolskie
30-057,Kraków,Kraków,Kraków,małopolskie
31-532,Kraków,Kraków,Kraków,małopolskie
30-065,Kraków,Kraków,Kraków,małopolskie
30-047,Kraków,Kraków,Kraków,małopolskie
30-049,Kraków,Kraków,Kraków,małopolskie
31-053,Kraków,Kraków,Kraków,małopolskie
31-429,Kraków,Kraków,Kraków,małopolskie
31-574,Kraków,Kraków,Kraków,małopolskie
30-419,Kraków,Kraków,Kraków,małopolskie
31-587,Kraków,Kraków,Kraków,małopolskie
30-015,Kraków,Kraków,Kraków,małopolskie
31-467,Kraków,Kraków,Kraków,małopolskie
31-763,Kraków,Kraków,Kraków,małopolskie
30-443,Kraków,Kraków,Kraków,małopolskie
31-409,Kraków,Kraków,Kraków,małopolskie
30-229,Kraków,Kraków,Kraków,małopolskie
31-357,Kraków,Kraków,Kraków,małopolskie
31-588,Kraków,Kraków,Kraków,małopolskie
31-117,Kraków,Kraków,Kraków,małopolskie
30-251,Kraków,Kraków,Kraków,małopolskie
31-553,Kraków,Kraków,Kraków,małopolskie
30-501,Kraków,Kraków,Kraków,małopolskie
30-689,Kraków,Kraków,Kraków,małopolskie
30-048,Kraków,Kraków,Kraków,małopolskie
31-630,Kraków,Kraków,Kraków,małopolskie
31-110,Kraków,Kraków,Kraków,małopolskie
31-126,Kraków,Kraków,Kraków,małopolskie
30-054,Kraków,Kraków,Kraków,małopolskie
30-322,Kraków,Kraków,Kraków,małopolskie
30-328,Kraków,Kraków,Kraków,małopolskie
30-828,Kraków,Kraków,Kraków,małopolskie
30-086,Kraków,Kraków,Kraków,małopolskie
30-094,Kraków,Kraków,Kraków,małopolskie
30-695,Kraków,Kraków,Kraków,małopolskie
31-319,Kraków,Kraków,Kraków,małopolskie
30-445,Kraków,Kraków,Kraków,małopolskie
30-665,Kraków,Kraków,Kraków,małopolskie
31-947,Kraków,Kraków,Kraków,małopolskie
31-121,Kraków,Kraków,Kraków,małopolskie
30-085,Kraków,Kraków,Kraków,małopolskie
30-526,Kraków,Kraków,Kraków,małopolskie
31-571,Kraków,Kraków,Kraków,małopolskie
30-863,Kraków,Kraków,Kraków,małopolskie
30-377,Kraków,Kraków,Kraków,małopolskie
31-052,Kraków,Kraków,Kraków,małopolskie
31-060,Kraków,Kraków,Kraków,małopolskie
30-758,Kraków,Kraków,Kraków,małopolskie
31-908,Kraków,Kraków,Kraków,małopolskie
31-229,Kraków,Kraków,Kraków,małopolskie
30-566,Kraków,Kraków,Kraków,małopolskie
30-629,Kraków,Kraków,Kraków,małopolskie
30-532,Kraków,Kraków,Kraków,małopolskie
31-851,Kraków,Kraków,Kraków,małopolskie
30-550,Kraków,Kraków,Kraków,małopolskie
30-414,Kraków,Kraków,Kraków,małopolskie
30-703,Kraków,Kraków,Kraków,małopolskie
31-953,Kraków,Kraków,Kraków,małopolskie
30-386,Kraków,Kraków,Kraków,małopolskie
30-326,Kraków,Kraków,Kraków,małopolskie
30-308,Kraków,Kraków,Kraków,małopolskie
30-499,Kraków,Kraków,Kraków,małopolskie
31-070,Kraków,Kraków,Kraków,małopolskie
31-062,Kraków,Kraków,Kraków,małopolskie
31-054,Kraków,Kraków,Kraków,małopolskie
31-039,Kraków,Kraków,Kraków,małopolskie
31-073,Kraków,Kraków,Kraków,małopolskie
31-031,Kraków,Kraków,Kraków,małopolskie
31-147,Kraków,Kraków,Kraków,małopolskie
31-146,Kraków,Kraków,Kraków,małopolskie
30-512,Kraków,Kraków,Kraków,małopolskie
31-644,Kraków,Kraków,Kraków,małopolskie
30-321,Kraków,Kraków,Kraków,małopolskie
30-255,Kraków,Kraków,Kraków,małopolskie
30-620,Kraków,Kraków,Kraków,małopolskie
30-105,Kraków,Kraków,Kraków,małopolskie
30-222,Kraków,Kraków,Kraków,małopolskie
31-580,Kraków,Kraków,Kraków,małopolskie
31-124,Kraków,Kraków,Kraków,małopolskie
31-043,Kraków,Kraków,Kraków,małopolskie
31-001,Kraków,Kraków,Kraków,małopolskie
31-432,Kraków,Kraków,Kraków,małopolskie
30-209,Kraków,Kraków,Kraków,małopolskie
30-136,Kraków,Kraków,Kraków,małopolskie
30-829,Kraków,Kraków,Kraków,małopolskie
31-426,Kraków,Kraków,Kraków,małopolskie
31-133,Kraków,Kraków,Kraków,małopolskie
31-802,Kraków,Kraków,Kraków,małopolskie
30-112,Kraków,Kraków,Kraków,małopolskie
30-857,Kraków,Kraków,Kraków,małopolskie
31-530,Kraków,Kraków,Kraków,małopolskie
30-314,Kraków,Kraków,Kraków,małopolskie
30-126,Kraków,Kraków,Kraków,małopolskie
30-854,Kraków,Kraków,Kraków,małopolskie
31-670,Kraków,Kraków,Kraków,małopolskie
31-344,Kraków,Kraków,Kraków,małopolskie
30-435,Kraków,Kraków,Kraków,małopolskie
30-540,Kraków,Kraków,Kraków,małopolskie
31-309,Kraków,Kraków,Kraków,małopolskie
31-523,Kraków,Kraków,Kraków,małopolskie
31-311,Kraków,Kraków,Kraków,małopolskie
30-201,Kraków,Kraków,Kraków,małopolskie
30-213,Kraków,Kraków,Kraków,małopolskie
31-481,Kraków,Kraków,Kraków,małopolskie
31-056,Kraków,Kraków,Kraków,małopolskie
30-225,Kraków,Kraków,Kraków,małopolskie
30-212,Kraków,Kraków,Kraków,małopolskie
30-380,Kraków,Kraków,Kraków,małopolskie
30-413,Kraków,Kraków,Kraków,małopolskie
30-109,Kraków,Kraków,Kraków,małopolskie
30-118,Kraków,Kraków,Kraków,małopolskie
30-441,Kraków,Kraków,Kraków,małopolskie
30-608,Kraków,Kraków,Kraków,małopolskie
31-130,Kraków,Kraków,Kraków,małopolskie
31-103,Kraków,Kraków,Kraków,małopolskie
31-424,Kraków,Kraków,Kraków,małopolskie
31-209,Kraków,Kraków,Kraków,małopolskie
30-110,Kraków,Kraków,Kraków,małopolskie
31-150,Kraków,Kraków,Kraków,małopolskie
30-148,Kraków,Kraków,Kraków,małopolskie
31-457,Kraków,Kraków,Kraków,małopolskie
31-321,Kraków,Kraków,Kraków,małopolskie
31-866,Kraków,Kraków,Kraków,małopolskie
31-019,Kraków,Kraków,Kraków,małopolskie
31-021,Kraków,Kraków,Kraków,małopolskie
31-768,Kraków,Kraków,Kraków,małopolskie
31-004,Kraków,Kraków,Kraków,małopolskie
30-009,Kraków,Kraków,Kraków,małopolskie
31-267,Kraków,Kraków,Kraków,małopolskie
31-338,Kraków,Kraków,Kraków,małopolskie
31-915,Kraków,Kraków,Kraków,małopolskie
30-426,Kraków,Kraków,Kraków,małopolskie
30-250,Kraków,Kraków,Kraków,małopolskie
31-581,Kraków,Kraków,Kraków,małopolskie
30-210,Kraków,Kraków,Kraków,małopolskie
31-131,Kraków,Kraków,Kraków,małopolskie
31-524,Kraków,Kraków,Kraków,małopolskie
31-950,Kraków,Kraków,Kraków,małopolskie
31-115,Kraków,Kraków,Kraków,małopolskie
31-358,Kraków,Kraków,Kraków,małopolskie
31-411,Kraków,Kraków,Kraków,małopolskie
31-323,Kraków,Kraków,Kraków,małopolskie
30-363,Kraków,Kraków,Kraków,małopolskie
31-876,Kraków,Kraków,Kraków,małopolskie
31-930,Kraków,Kraków,Kraków,małopolskie
31-873,Kraków,Kraków,Kraków,małopolskie
30-818,Kraków,Kraków,Kraków,małopolskie
31-046,Kraków,Kraków,Kraków,małopolskie
31-981,Kraków,Kraków,Kraków,małopolskie
30-824,Kraków,Kraków,Kraków,małopolskie
30-560,Kraków,Kraków,Kraków,małopolskie
31-990,Kraków,Kraków,Kraków,małopolskie
30-416,Kraków,Kraków,Kraków,małopolskie
30-653,Kraków,Kraków,Kraków,małopolskie
31-317,Kraków,Kraków,Kraków,małopolskie
31-881,Kraków,Kraków,Kraków,małopolskie
30-723,Kraków,Kraków,Kraków,małopolskie
30-619,Kraków,Kraków,Kraków,małopolskie
31-007,Kraków,Kraków,Kraków,małopolskie
30-411,Kraków,Kraków,Kraków,małopolskie
30-602,Kraków,Kraków,Kraków,małopolskie
31-265,Kraków,Kraków,Kraków,małopolskie
30-724,Kraków,Kraków,Kraków,małopolskie
30-819,Kraków,Kraków,Kraków,małopolskie
30-816,Kraków,Kraków,Kraków,małopolskie
30-808,Kraków,Kraków,Kraków,małopolskie
30-628,Kraków,Kraków,Kraków,małopolskie
30-071,Kraków,Kraków,Kraków,małopolskie
31-980,Kraków,Kraków,Kraków,małopolskie
31-217,Kraków,Kraków,Kraków,małopolskie
30-731,Kraków,Kraków,Kraków,małopolskie
31-223,Kraków,Kraków,Kraków,małopolskie
31-516,Kraków,Kraków,Kraków,małopolskie
31-521,Kraków,Kraków,Kraków,małopolskie
31-006,Kraków,Kraków,Kraków,małopolskie
31-044,Kraków,Kraków,Kraków,małopolskie
31-709,Kraków,Kraków,Kraków,małopolskie
30-657,Kraków,Kraków,Kraków,małopolskie
30-714,Kraków,Kraków,Kraków,małopolskie
30-719,Kraków,Kraków,Kraków,małopolskie
30-387,Kraków,Kraków,Kraków,małopolskie
31-342,Kraków,Kraków,Kraków,małopolskie
31-526,Kraków,Kraków,Kraków,małopolskie
31-266,Kraków,Kraków,Kraków,małopolskie
30-651,Kraków,Kraków,Kraków,małopolskie
31-537,Kraków,Kraków,Kraków,małopolskie
31-531,Kraków,Kraków,Kraków,małopolskie
31-559,Kraków,Kraków,Kraków,małopolskie
30-718,Kraków,Kraków,Kraków,małopolskie
30-228,Kraków,Kraków,Kraków,małopolskie
30-145,Kraków,Kraków,Kraków,małopolskie
30-604,Kraków,Kraków,Kraków,małopolskie
31-148,Kraków,Kraków,Kraków,małopolskie
30-565,Kraków,Kraków,Kraków,małopolskie
30-644,Kraków,Kraków,Kraków,małopolskie
30-705,Kraków,Kraków,Kraków,małopolskie
30-528,Kraków,Kraków,Kraków,małopolskie
30-726,Kraków,Kraków,Kraków,małopolskie
31-622,Kraków,Kraków,Kraków,małopolskie
31-859,Kraków,Kraków,Kraków,małopolskie
31-003,Kraków,Kraków,Kraków,małopolskie
31-534,Kraków,Kraków,Kraków,małopolskie
31-154,Kraków,Kraków,Kraków,małopolskie
31-212,Kraków,Kraków,Kraków,małopolskie
30-060,Kraków,Kraków,Kraków,małopolskie
30-033,Kraków,Kraków,Kraków,małopolskie
30-139,Kraków,Kraków,Kraków,małopolskie
31-114,Kraków,Kraków,Kraków,małopolskie
31-564,Kraków,Kraków,Kraków,małopolskie
30-364,Kraków,Kraków,Kraków,małopolskie
30-202,Kraków,Kraków,Kraków,małopolskie
30-234,Kraków,Kraków,Kraków,małopolskie
30-124,Kraków,Kraków,Kraków,małopolskie
31-626,Kraków,Kraków,Kraków,małopolskie
31-011,Kraków,Kraków,Kraków,małopolskie
31-010,Kraków,Kraków,Kraków,małopolskie
30-240,Kraków,Kraków,Kraków,małopolskie
30-688,Kraków,Kraków,Kraków,małopolskie
31-329,Kraków,Kraków,Kraków,małopolskie
31-157,Kraków,Kraków,Kraków,małopolskie
31-445,Kraków,Kraków,Kraków,małopolskie
31-864,Kraków,Kraków,Kraków,małopolskie
31-136,Kraków,Kraków,Kraków,małopolskie
31-017,Kraków,Kraków,Kraków,małopolskie
31-018,Kraków,Kraków,Kraków,małopolskie
31-618,Kraków,Kraków,Kraków,małopolskie
31-452,Kraków,Kraków,Kraków,małopolskie
31-807,Kraków,Kraków,Kraków,małopolskie
31-318,Kraków,Kraków,Kraków,małopolskie
31-727,Kraków,Kraków,Kraków,małopolskie
31-225,Kraków,Kraków,Kraków,małopolskie
30-899,Kraków,Kraków,Kraków,małopolskie
31-227,Kraków,Kraków,Kraków,małopolskie
30-422,Kraków,Kraków,Kraków,małopolskie
30-230,Kraków,Kraków,Kraków,małopolskie
30-204,Kraków,Kraków,Kraków,małopolskie
30-836,Kraków,Kraków,Kraków,małopolskie
30-830,Kraków,Kraków,Kraków,małopolskie
31-761,Kraków,Kraków,Kraków,małopolskie
31-987,Kraków,Kraków,Kraków,małopolskie
31-268,Kraków,Kraków,Kraków,małopolskie
30-224,Kraków,Kraków,Kraków,małopolskie
31-051,Kraków,Kraków,Kraków,małopolskie
30-206,Kraków,Kraków,Kraków,małopolskie
30-529,Kraków,Kraków,Kraków,małopolskie
30-039,Kraków,Kraków,Kraków,małopolskie
30-045,Kraków,Kraków,Kraków,małopolskie
31-767,Kraków,Kraków,Kraków,małopolskie
31-957,Kraków,Kraków,Kraków,małopolskie
31-106,Kraków,Kraków,Kraków,małopolskie
31-159,Kraków,Kraków,Kraków,małopolskie
30-037,Kraków,Kraków,Kraków,małopolskie
30-007,Kraków,Kraków,Kraków,małopolskie
30-018,Kraków,Kraków,Kraków,małopolskie
30-004,Kraków,Kraków,Kraków,małopolskie
30-237,Kraków,Kraków,Kraków,małopolskie
31-262,Kraków,Kraków,Kraków,małopolskie
31-863,Kraków,Kraków,Kraków,małopolskie
31-341,Kraków,Kraków,Kraków,małopolskie
31-264,Kraków,Kraków,Kraków,małopolskie
30-078,Kraków,Kraków,Kraków,małopolskie
30-446,Kraków,Kraków,Kraków,małopolskie
30-061,Kraków,Kraków,Kraków,małopolskie
30-865,Kraków,Kraków,Kraków,małopolskie
30-686,Kraków,Kraków,Kraków,małopolskie
30-834,Kraków,Kraków,Kraków,małopolskie
30-509,Kraków,Kraków,Kraków,małopolskie
30-504,Kraków,Kraków,Kraków,małopolskie
31-988,Kraków,Kraków,Kraków,małopolskie
30-111,Kraków,Kraków,Kraków,małopolskie
30-001,Kraków,Kraków,Kraków,małopolskie
30-524,Kraków,Kraków,Kraków,małopolskie
31-002,Kraków,Kraków,Kraków,małopolskie
30-712,Kraków,Kraków,Kraków,małopolskie
31-113,Kraków,Kraków,Kraków,małopolskie
31-128,Kraków,Kraków,Kraków,małopolskie
30-827,Kraków,Kraków,Kraków,małopolskie
30-232,Kraków,Kraków,Kraków,małopolskie
30-116,Kraków,Kraków,Kraków,małopolskie
31-063,Kraków,Kraków,Kraków,małopolskie
31-351,Kraków,Kraków,Kraków,małopolskie
30-055,Kraków,Kraków,Kraków,małopolskie
30-074,Kraków,Kraków,Kraków,małopolskie
30-082,Kraków,Kraków,Kraków,małopolskie
30-549,Kraków,Kraków,Kraków,małopolskie
31-404,Kraków,Kraków,Kraków,małopolskie
30-406,Kraków,Kraków,Kraków,małopolskie
30-704,Kraków,Kraków,Kraków,małopolskie
30-079,Kraków,Kraków,Kraków,małopolskie
31-708,Kraków,Kraków,Kraków,małopolskie
31-753,Kraków,Kraków,Kraków,małopolskie
31-482,Kraków,Kraków,Kraków,małopolskie
31-271,Kraków,Kraków,Kraków,małopolskie
30-810,Kraków,Kraków,Kraków,małopolskie
31-869,Kraków,Kraków,Kraków,małopolskie
30-022,Kraków,Kraków,Kraków,małopolskie
30-014,Kraków,Kraków,Kraków,małopolskie
30-092,Kraków,Kraków,Kraków,małopolskie
31-637,Kraków,Kraków,Kraków,małopolskie
31-127,Kraków,Kraków,Kraków,małopolskie
31-750,Kraków,Kraków,Kraków,małopolskie
31-945,Kraków,Kraków,Kraków,małopolskie
31-765,Kraków,Kraków,Kraków,małopolskie
31-160,Kraków,Kraków,Kraków,małopolskie
30-219,Kraków,Kraków,Kraków,małopolskie
30-607,Kraków,Kraków,Kraków,małopolskie
30-134,Kraków,Kraków,Kraków,małopolskie
30-334,Kraków,Kraków,Kraków,małopolskie
30-106,Kraków,Kraków,Kraków,małopolskie
30-248,Kraków,Kraków,Kraków,małopolskie
30-046,Kraków,Kraków,Kraków,małopolskie
30-306,Kraków,Kraków,Kraków,małopolskie
30-302,Kraków,Kraków,Kraków,małopolskie
30-333,Kraków,Kraków,Kraków,małopolskie
31-034,Kraków,Kraków,Kraków,małopolskie
31-501,Kraków,Kraków,Kraków,małopolskie
30-543,Kraków,Kraków,Kraków,małopolskie
30-720,Kraków,Kraków,Kraków,małopolskie
31-542,Kraków,Kraków,Kraków,małopolskie
30-214,Kraków,Kraków,Kraków,małopolskie
31-224,Kraków,Kraków,Kraków,małopolskie
30-407,Kraków,Kraków,Kraków,małopolskie
30-717,Kraków,Kraków,Kraków,małopolskie
30-034,Kraków,Kraków,Kraków,małopolskie
31-539,Kraków,Kraków,Kraków,małopolskie
30-428,Kraków,Kraków,Kraków,małopolskie
30-147,Kraków,Kraków,Kraków,małopolskie
30-397,Kraków,Kraków,Kraków,małopolskie
30-809,Kraków,Kraków,Kraków,małopolskie
30-711,Kraków,Kraków,Kraków,małopolskie
30-568,Kraków,Kraków,Kraków,małopolskie
31-066,Kraków,Kraków,Kraków,małopolskie
30-535,Kraków,Kraków,Kraków,małopolskie
30-530,Kraków,Kraków,Kraków,małopolskie
30-513,Kraków,Kraków,Kraków,małopolskie
30-503,Kraków,Kraków,Kraków,małopolskie
30-515,Kraków,Kraków,Kraków,małopolskie
30-649,Kraków,Kraków,Kraków,małopolskie
30-430,Kraków,Kraków,Kraków,małopolskie
30-053,Kraków,Kraków,Kraków,małopolskie
31-141,Kraków,Kraków,Kraków,małopolskie
31-142,Kraków,Kraków,Kraków,małopolskie
31-158,Kraków,Kraków,Kraków,małopolskie
31-272,Kraków,Kraków,Kraków,małopolskie
30-040,Kraków,Kraków,Kraków,małopolskie
30-081,Kraków,Kraków,Kraków,małopolskie
31-149,Kraków,Kraków,Kraków,małopolskie
31-123,Kraków,Kraków,Kraków,małopolskie
30-525,Kraków,Kraków,Kraków,małopolskie
30-710,Kraków,Kraków,Kraków,małopolskie
30-123,Kraków,Kraków,Kraków,małopolskie
31-762,Kraków,Kraków,Kraków,małopolskie
30-211,Kraków,Kraków,Kraków,małopolskie
30-042,Kraków,Kraków,Kraków,małopolskie
30-603,Kraków,Kraków,Kraków,małopolskie
30-868,Kraków,Kraków,Kraków,małopolskie
31-504,Kraków,Kraków,Kraków,małopolskie
30-410,Kraków,Kraków,Kraków,małopolskie
30-144,Kraków,Kraków,Kraków,małopolskie
30-135,Kraków,Kraków,Kraków,małopolskie
30-216,Kraków,Kraków,Kraków,małopolskie
30-545,Kraków,Kraków,Kraków,małopolskie
30-852,Kraków,Kraków,Kraków,małopolskie
30-539,Kraków,Kraków,Kraków,małopolskie
31-853,Kraków,Kraków,Kraków,małopolskie
31-343,Kraków,Kraków,Kraków,małopolskie
30-052,Kraków,Kraków,Kraków,małopolskie
30-058,Kraków,Kraków,Kraków,małopolskie
30-133,Kraków,Kraków,Kraków,małopolskie
30-601,Kraków,Kraków,Kraków,małopolskie
31-203,Kraków,Kraków,Kraków,małopolskie
31-138,Kraków,Kraków,Kraków,małopolskie
31-312,Kraków,Kraków,Kraków,małopolskie
30-821,Kraków,Kraków,Kraków,małopolskie
30-833,Kraków,Kraków,Kraków,małopolskie
30-551,Kraków,Kraków,Kraków,małopolskie
30-534,Kraków,Kraków,Kraków,małopolskie
30-349,Kraków,Kraków,Kraków,małopolskie
30-702,Kraków,Kraków,Kraków,małopolskie
30-721,Kraków,Kraków,Kraków,małopolskie
30-659,Kraków,Kraków,Kraków,małopolskie
31-480,Kraków,Kraków,Kraków,małopolskie
30-627,Kraków,Kraków,Kraków,małopolskie
30-385,Kraków,Kraków,Kraków,małopolskie
31-269,Kraków,Kraków,Kraków,małopolskie
31-116,Kraków,Kraków,Kraków,małopolskie
31-462,Kraków,Kraków,Kraków,małopolskie
30-003,Kraków,Kraków,Kraków,małopolskie
31-512,Kraków,Kraków,Kraków,małopolskie
31-509,Kraków,Kraków,Kraków,małopolskie
30-630,Kraków,Kraków,Kraków,małopolskie
30-544,Kraków,Kraków,Kraków,małopolskie
30-331,Kraków,Kraków,Kraków,małopolskie
30-447,Kraków,Kraków,Kraków,małopolskie
30-548,Kraków,Kraków,Kraków,małopolskie
31-444,Kraków,Kraków,Kraków,małopolskie
30-417,Kraków,Kraków,Kraków,małopolskie
30-725,Kraków,Kraków,Kraków,małopolskie
30-855,Kraków,Kraków,Kraków,małopolskie
31-443,Kraków,Kraków,Kraków,małopolskie
31-139,Kraków,Kraków,Kraków,małopolskie
31-140,Kraków,Kraków,Kraków,małopolskie
31-843,Kraków,Kraków,Kraków,małopolskie
30-613,Kraków,Kraków,Kraków,małopolskie
30-564,Kraków,Kraków,Kraków,małopolskie
30-658,Kraków,Kraków,Kraków,małopolskie
30-303,Kraków,Kraków,Kraków,małopolskie
30-858,Kraków,Kraków,Kraków,małopolskie
30-384,Kraków,Kraków,Kraków,małopolskie
31-422,Kraków,Kraków,Kraków,małopolskie
30-650,Kraków,Kraków,Kraków,małopolskie
31-325,Kraków,Kraków,Kraków,małopolskie
31-471,Kraków,Kraków,Kraków,małopolskie
30-563,Kraków,Kraków,Kraków,małopolskie
30-646,Kraków,Kraków,Kraków,małopolskie
30-624,Kraków,Kraków,Kraków,małopolskie
31-854,Kraków,Kraków,Kraków,małopolskie
31-041,Kraków,Kraków,Kraków,małopolskie
31-354,Kraków,Kraków,Kraków,małopolskie
31-042,Kraków,Kraków,Kraków,małopolskie
31-012,Kraków,Kraków,Kraków,małopolskie
31-022,Kraków,Kraków,Kraków,małopolskie
31-020,Kraków,Kraków,Kraków,małopolskie
31-024,Kraków,Kraków,Kraków,małopolskie
30-119,Kraków,Kraków,Kraków,małopolskie
31-651,Kraków,Kraków,Kraków,małopolskie
31-638,Kraków,Kraków,Kraków,małopolskie
30-019,Kraków,Kraków,Kraków,małopolskie
30-036,Kraków,Kraków,Kraków,małopolskie
30-023,Kraków,Kraków,Kraków,małopolskie
31-870,Kraków,Kraków,Kraków,małopolskie
31-058,Kraków,Kraków,Kraków,małopolskie
30-616,Kraków,Kraków,Kraków,małopolskie
31-475,Kraków,Kraków,Kraków,małopolskie
31-469,Kraków,Kraków,Kraków,małopolskie
31-567,Kraków,Kraków,Kraków,małopolskie
31-563,Kraków,Kraków,Kraków,małopolskie
31-560,Kraków,Kraków,Kraków,małopolskie
31-704,Kraków,Kraków,Kraków,małopolskie
31-918,Kraków,Kraków,Kraków,małopolskie
30-313,Kraków,Kraków,Kraków,małopolskie
31-345,Kraków,Kraków,Kraków,małopolskie
31-820,Kraków,Kraków,Kraków,małopolskie
31-027,Kraków,Kraków,Kraków,małopolskie
30-429,Kraków,Kraków,Kraków,małopolskie
30-505,Kraków,Kraków,Kraków,małopolskie
30-337,Kraków,Kraków,Kraków,małopolskie
30-117,Kraków,Kraków,Kraków,małopolskie
30-131,Kraków,Kraków,Kraków,małopolskie
30-412,Kraków,Kraków,Kraków,małopolskie
31-474,Kraków,Kraków,Kraków,małopolskie
31-470,Kraków,Kraków,Kraków,małopolskie
30-652,Kraków,Kraków,Kraków,małopolskie
30-421,Kraków,Kraków,Kraków,małopolskie
31-545,Kraków,Kraków,Kraków,małopolskie
31-546,Kraków,Kraków,Kraków,małopolskie
31-513,Kraków,Kraków,Kraków,małopolskie
31-155,Kraków,Kraków,Kraków,małopolskie
30-655,Kraków,Kraków,Kraków,małopolskie
30-102,Kraków,Kraków,Kraków,małopolskie
31-029,Kraków,Kraków,Kraków,małopolskie
31-547,Kraków,Kraków,Kraków,małopolskie
31-959,Kraków,Kraków,Kraków,małopolskie
30-823,Kraków,Kraków,Kraków,małopolskie
30-120,Kraków,Kraków,Kraków,małopolskie
30-143,Kraków,Kraków,Kraków,małopolskie
31-337,Kraków,Kraków,Kraków,małopolskie
31-333,Kraków,Kraków,Kraków,małopolskie
31-101,Kraków,Kraków,Kraków,małopolskie
31-028,Kraków,Kraków,Kraków,małopolskie
30-631,Kraków,Kraków,Kraków,małopolskie
30-664,Kraków,Kraków,Kraków,małopolskie
30-670,Kraków,Kraków,Kraków,małopolskie
30-656,Kraków,Kraków,Kraków,małopolskie
30-241,Kraków,Kraków,Kraków,małopolskie
30-107,Kraków,Kraków,Kraków,małopolskie
30-311,Kraków,Kraków,Kraków,małopolskie
31-350,Kraków,Kraków,Kraków,małopolskie
30-729,Kraków,Kraków,Kraków,małopolskie
31-270,Kraków,Kraków,Kraków,małopolskie
30-527,Kraków,Kraków,Kraków,małopolskie
30-425,Kraków,Kraków,Kraków,małopolskie
31-228,Kraków,Kraków,Kraków,małopolskie
30-645,Kraków,Kraków,Kraków,małopolskie
31-308,Kraków,Kraków,Kraków,małopolskie
31-346,Kraków,Kraków,Kraków,małopolskie
30-663,Kraków,Kraków,Kraków,małopolskie
31-589,Kraków,Kraków,Kraków,małopolskie
30-239,Kraków,Kraków,Kraków,małopolskie
31-306,Kraków,Kraków,Kraków,małopolskie
30-336,Kraków,Kraków,Kraków,małopolskie
30-728,Kraków,Kraków,Kraków,małopolskie
30-683,Kraków,Kraków,Kraków,małopolskie
31-145,Kraków,Kraków,Kraków,małopolskie
31-543,Kraków,Kraków,Kraków,małopolskie
30-011,Kraków,Kraków,Kraków,małopolskie
31-625,Kraków,Kraków,Kraków,małopolskie
30-853,Kraków,Kraków,Kraków,małopolskie
30-051,Kraków,Kraków,Kraków,małopolskie
30-669,Kraków,Kraków,Kraków,małopolskie
30-684,Kraków,Kraków,Kraków,małopolskie
31-275,Kraków,Kraków,Kraków,małopolskie
31-276,Kraków,Kraków,Kraków,małopolskie
31-277,Kraków,Kraków,Kraków,małopolskie
31-278,Kraków,Kraków,Kraków,małopolskie
31-920,Kraków,Kraków,Kraków,małopolskie
30-390,Kraków,Kraków,Kraków,małopolskie
31-878,Kraków,Kraków,Kraków,małopolskie
31-065,Kraków,Kraków,Kraków,małopolskie
31-867,Kraków,Kraków,Kraków,małopolskie
31-868,Kraków,Kraków,Kraków,małopolskie
31-852,Kraków,Kraków,Kraków,małopolskie
31-855,Kraków,Kraków,Kraków,małopolskie
31-877,Kraków,Kraków,Kraków,małopolskie
31-620,Kraków,Kraków,Kraków,małopolskie
31-621,Kraków,Kraków,Kraków,małopolskie
31-923,Kraków,Kraków,Kraków,małopolskie
31-924,Kraków,Kraków,Kraków,małopolskie
31-925,Kraków,Kraków,Kraków,małopolskie
31-926,Kraków,Kraków,Kraków,małopolskie
31-927,Kraków,Kraków,Kraków,małopolskie
31-928,Kraków,Kraków,Kraków,małopolskie
31-929,Kraków,Kraków,Kraków,małopolskie
31-931,Kraków,Kraków,Kraków,małopolskie
31-933,Kraków,Kraków,Kraków,małopolskie
31-871,Kraków,Kraków,Kraków,małopolskie
31-872,Kraków,Kraków,Kraków,małopolskie
31-874,Kraków,Kraków,Kraków,małopolskie
31-875,Kraków,Kraków,Kraków,małopolskie
31-960,Kraków,Kraków,Kraków,małopolskie
31-961,Kraków,Kraków,Kraków,małopolskie
31-935,Kraków,Kraków,Kraków,małopolskie
31-936,Kraków,Kraków,Kraków,małopolskie
31-937,Kraków,Kraków,Kraków,małopolskie
31-917,Kraków,Kraków,Kraków,małopolskie
31-919,Kraków,Kraków,Kraków,małopolskie
31-832,Kraków,Kraków,Kraków,małopolskie
31-833,Kraków,Kraków,Kraków,małopolskie
31-834,Kraków,Kraków,Kraków,małopolskie
31-835,Kraków,Kraków,Kraków,małopolskie
31-837,Kraków,Kraków,Kraków,małopolskie
31-810,Kraków,Kraków,Kraków,małopolskie
31-812,Kraków,Kraków,Kraków,małopolskie
31-813,Kraków,Kraków,Kraków,małopolskie
31-814,Kraków,Kraków,Kraków,małopolskie
31-815,Kraków,Kraków,Kraków,małopolskie
31-840,Kraków,Kraków,Kraków,małopolskie
31-841,Kraków,Kraków,Kraków,małopolskie
31-842,Kraków,Kraków,Kraków,małopolskie
31-844,Kraków,Kraków,Kraków,małopolskie
30-740,Kraków,Kraków,Kraków,małopolskie
31-938,Kraków,Kraków,Kraków,małopolskie
31-940,Kraków,Kraków,Kraków,małopolskie
31-941,Kraków,Kraków,Kraków,małopolskie
31-858,Kraków,Kraków,Kraków,małopolskie
31-962,Kraków,Kraków,Kraków,małopolskie
31-963,Kraków,Kraków,Kraków,małopolskie
31-964,Kraków,Kraków,Kraków,małopolskie
31-640,Kraków,Kraków,Kraków,małopolskie
31-803,Kraków,Kraków,Kraków,małopolskie
31-804,Kraków,Kraków,Kraków,małopolskie
31-909,Kraków,Kraków,Kraków,małopolskie
31-911,Kraków,Kraków,Kraków,małopolskie
31-912,Kraków,Kraków,Kraków,małopolskie
31-913,Kraków,Kraków,Kraków,małopolskie
31-701,Kraków,Kraków,Kraków,małopolskie
31-702,Kraków,Kraków,Kraków,małopolskie
31-703,Kraków,Kraków,Kraków,małopolskie
31-706,Kraków,Kraków,Kraków,małopolskie
31-707,Kraków,Kraków,Kraków,małopolskie
31-721,Kraków,Kraków,Kraków,małopolskie
31-722,Kraków,Kraków,Kraków,małopolskie
31-723,Kraków,Kraków,Kraków,małopolskie
31-724,Kraków,Kraków,Kraków,małopolskie
31-725,Kraków,Kraków,Kraków,małopolskie
31-726,Kraków,Kraków,Kraków,małopolskie
31-861,Kraków,Kraków,Kraków,małopolskie
31-916,Kraków,Kraków,Kraków,małopolskie
31-635,Kraków,Kraków,Kraków,małopolskie
31-623,Kraków,Kraków,Kraków,małopolskie
31-624,Kraków,Kraków,Kraków,małopolskie
31-956,Kraków,Kraków,Kraków,małopolskie
31-958,Kraków,Kraków,Kraków,małopolskie
31-966,Kraków,Kraków,Kraków,małopolskie
31-943,Kraków,Kraków,Kraków,małopolskie
31-944,Kraków,Kraków,Kraków,małopolskie
31-921,Kraków,Kraków,Kraków,małopolskie
31-922,Kraków,Kraków,Kraków,małopolskie
31-972,Kraków,Kraków,Kraków,małopolskie
31-975,Kraków,Kraków,Kraków,małopolskie
31-976,Kraków,Kraków,Kraków,małopolskie
31-977,Kraków,Kraków,Kraków,małopolskie
31-946,Kraków,Kraków,Kraków,małopolskie
31-948,Kraków,Kraków,Kraków,małopolskie
31-603,Kraków,Kraków,Kraków,małopolskie
31-604,Kraków,Kraków,Kraków,małopolskie
31-605,Kraków,Kraków,Kraków,małopolskie
31-606,Kraków,Kraków,Kraków,małopolskie
31-607,Kraków,Kraków,Kraków,małopolskie
31-608,Kraków,Kraków,Kraków,małopolskie
31-609,Kraków,Kraków,Kraków,małopolskie
31-610,Kraków,Kraków,Kraków,małopolskie
31-952,Kraków,Kraków,Kraków,małopolskie
31-954,Kraków,Kraków,Kraków,małopolskie
31-905,Kraków,Kraków,Kraków,małopolskie
31-906,Kraków,Kraków,Kraków,małopolskie
31-901,Kraków,Kraków,Kraków,małopolskie
31-902,Kraków,Kraków,Kraków,małopolskie
31-232,Kraków,Kraków,Kraków,małopolskie
31-818,Kraków,Kraków,Kraków,małopolskie
31-819,Kraków,Kraków,Kraków,małopolskie
31-949,Kraków,Kraków,Kraków,małopolskie
31-951,Kraków,Kraków,Kraków,małopolskie
31-968,Kraków,Kraków,Kraków,małopolskie
31-970,Kraków,Kraków,Kraków,małopolskie
31-971,Kraków,Kraków,Kraków,małopolskie
31-615,Kraków,Kraków,Kraków,małopolskie
31-616,Kraków,Kraków,Kraków,małopolskie
31-617,Kraków,Kraków,Kraków,małopolskie
31-826,Kraków,Kraków,Kraków,małopolskie
31-827,Kraków,Kraków,Kraków,małopolskie
31-828,Kraków,Kraków,Kraków,małopolskie
31-332,Kraków,Kraków,Kraków,małopolskie
30-146,Kraków,Kraków,Kraków,małopolskie
30-727,Kraków,Kraków,Kraków,małopolskie
30-538,Kraków,Kraków,Kraków,małopolskie
31-435,Kraków,Kraków,Kraków,małopolskie
30-320,Kraków,Kraków,Kraków,małopolskie
30-444,Kraków,Kraków,Kraków,małopolskie
31-712,Kraków,Kraków,Kraków,małopolskie
31-152,Kraków,Kraków,Kraków,małopolskie
31-080,Kraków,Kraków,Kraków,małopolskie
30-067,Kraków,Kraków,Kraków,małopolskie
30-070,Kraków,Kraków,Kraków,małopolskie
31-226,Kraków,Kraków,Kraków,małopolskie
31-230,Kraków,Kraków,Kraków,małopolskie
31-015,Kraków,Kraków,Kraków,małopolskie
31-109,Kraków,Kraków,Kraków,małopolskie
31-111,Kraków,Kraków,Kraków,małopolskie
31-754,Kraków,Kraków,Kraków,małopolskie
30-713,Kraków,Kraków,Kraków,małopolskie
31-514,Kraków,Kraków,Kraków,małopolskie
31-302,Kraków,Kraków,Kraków,małopolskie
31-997,Kraków,Kraków,Kraków,małopolskie
31-035,Kraków,Kraków,Kraków,małopolskie
31-536,Kraków,Kraków,Kraków,małopolskie
30-667,Kraków,Kraków,Kraków,małopolskie
30-522,Kraków,Kraków,Kraków,małopolskie
31-118,Kraków,Kraków,Kraków,małopolskie
31-548,Kraków,Kraków,Kraków,małopolskie
30-709,Kraków,Kraków,Kraków,małopolskie
30-537,Kraków,Kraków,Kraków,małopolskie
31-541,Kraków,Kraków,Kraków,małopolskie
30-570,Kraków,Kraków,Kraków,małopolskie
30-553,Kraków,Kraków,Kraków,małopolskie
30-707,Kraków,Kraków,Kraków,małopolskie
30-012,Kraków,Kraków,Kraków,małopolskie
30-329,Kraków,Kraków,Kraków,małopolskie
30-002,Kraków,Kraków,Kraków,małopolskie
31-202,Kraków,Kraków,Kraków,małopolskie
30-814,Kraków,Kraków,Kraków,małopolskie
30-502,Kraków,Kraków,Kraków,małopolskie
30-621,Kraków,Kraków,Kraków,małopolskie
30-701,Kraków,Kraków,Kraków,małopolskie
30-077,Kraków,Kraków,Kraków,małopolskie
30-736,Kraków,Kraków,Kraków,małopolskie
30-508,Kraków,Kraków,Kraków,małopolskie
30-128,Kraków,Kraków,Kraków,małopolskie
30-546,Kraków,Kraków,Kraków,małopolskie
30-431,Kraków,Kraków,Kraków,małopolskie
30-305,Kraków,Kraków,Kraków,małopolskie
30-403,Kraków,Kraków,Kraków,małopolskie
31-316,Kraków,Kraków,Kraków,małopolskie
30-017,Kraków,Kraków,Kraków,małopolskie
31-305,Kraków,Kraków,Kraków,małopolskie
31-315,Kraków,Kraków,Kraków,małopolskie
31-026,Kraków,Kraków,Kraków,małopolskie
31-511,Kraków,Kraków,Kraków,małopolskie
31-510,Kraków,Kraków,Kraków,małopolskie
30-510,Kraków,Kraków,Kraków,małopolskie
30-867,Kraków,Kraków,Kraków,małopolskie
31-108,Kraków,Kraków,Kraków,małopolskie
31-107,Kraków,Kraków,Kraków,małopolskie
30-073,Kraków,Kraków,Kraków,małopolskie
30-618,Kraków,Kraków,Kraków,małopolskie
30-606,Kraków,Kraków,Kraków,małopolskie
30-358,Kraków,Kraków,Kraków,małopolskie
30-361,Kraków,Kraków,Kraków,małopolskie
30-804,Kraków,Kraków,Kraków,małopolskie
30-803,Kraków,Kraków,Kraków,małopolskie
31-261,Kraków,Kraków,Kraków,małopolskie
30-722,Kraków,Kraków,Kraków,małopolskie
30-254,Kraków,Kraków,Kraków,małopolskie
30-122,Kraków,Kraków,Kraków,małopolskie
30-130,Kraków,Kraków,Kraków,małopolskie
30-087,Kraków,Kraków,Kraków,małopolskie
31-527,Kraków,Kraków,Kraków,małopolskie
30-319,Kraków,Kraków,Kraków,małopolskie
31-013,Kraków,Kraków,Kraków,małopolskie
30-533,Kraków,Kraków,Kraków,małopolskie
30-518,Kraków,Kraków,Kraków,małopolskie
30-021,Kraków,Kraków,Kraków,małopolskie
31-989,Kraków,Kraków,Kraków,małopolskie
31-540,Kraków,Kraków,Kraków,małopolskie
30-687,Kraków,Kraków,Kraków,małopolskie
30-374,Kraków,Kraków,Kraków,małopolskie
30-301,Kraków,Kraków,Kraków,małopolskie
31-436,Kraków,Kraków,Kraków,małopolskie
31-047,Kraków,Kraków,Kraków,małopolskie
30-715,Kraków,Kraków,Kraków,małopolskie
31-049,Kraków,Kraków,Kraków,małopolskie
31-455,Kraków,Kraków,Kraków,małopolskie
30-632,Kraków,Kraków,Kraków,małopolskie
31-207,Kraków,Kraków,Kraków,małopolskie
30-076,Kraków,Kraków,Kraków,małopolskie
31-137,Kraków,Kraków,Kraków,małopolskie
30-571,Kraków,Kraków,Kraków,małopolskie
31-914,Kraków,Kraków,Kraków,małopolskie
30-016,Kraków,Kraków,Kraków,małopolskie
31-025,Kraków,Kraków,Kraków,małopolskie
30-739,Kraków,Kraków,Kraków,małopolskie
30-317,Kraków,Kraków,Kraków,małopolskie
30-633,Kraków,Kraków,Kraków,małopolskie
31-014,Kraków,Kraków,Kraków,małopolskie
31-016,Kraków,Kraków,Kraków,małopolskie
30-316,Kraków,Kraków,Kraków,małopolskie
31-320,Kraków,Kraków,Kraków,małopolskie
30-822,Kraków,Kraków,Kraków,małopolskie
31-112,Kraków,Kraków,Kraków,małopolskie
30-817,Kraków,Kraków,Kraków,małopolskie
30-615,Kraków,Kraków,Kraków,małopolskie
31-974,Kraków,Kraków,Kraków,małopolskie
30-391,Kraków,Kraków,Kraków,małopolskie
30-625,Kraków,Kraków,Kraków,małopolskie
30-682,Kraków,Kraków,Kraków,małopolskie
31-328,Kraków,Kraków,Kraków,małopolskie
30-103,Kraków,Kraków,Kraków,małopolskie
31-307,Kraków,Kraków,Kraków,małopolskie
31-355,Kraków,Kraków,Kraków,małopolskie
31-263,Kraków,Kraków,Kraków,małopolskie
31-032,Kraków,Kraków,Kraków,małopolskie
31-038,Kraków,Kraków,Kraków,małopolskie
31-162,Kraków,Kraków,Kraków,małopolskie
30-666,Kraków,Kraków,Kraków,małopolskie
31-135,Kraków,Kraków,Kraków,małopolskie
30-572,Kraków,Kraków,Kraków,małopolskie
30-521,Kraków,Kraków,Kraków,małopolskie
30-626,Kraków,Kraków,Kraków,małopolskie
30-332,Kraków,Kraków,Kraków,małopolskie
30-542,Kraków,Kraków,Kraków,małopolskie
30-127,Kraków,Kraków,Kraków,małopolskie
31-009,Kraków,Kraków,Kraków,małopolskie
30-648,Kraków,Kraków,Kraków,małopolskie
31-161,Kraków,Kraków,Kraków,małopolskie
31-153,Kraków,Kraków,Kraków,małopolskie
30-691,Kraków,Kraków,Kraków,małopolskie
30-324,Kraków,Kraków,Kraków,małopolskie
30-315,Kraków,Kraków,Kraków,małopolskie
30-516,Kraków,Kraków,Kraków,małopolskie
30-797,Kraków,Kraków,Kraków,małopolskie
31-023,Kraków,Kraków,Kraków,małopolskie
31-102,Kraków,Kraków,Kraków,małopolskie
30-835,Kraków,Kraków,Kraków,małopolskie
30-418,Kraków,Kraków,Kraków,małopolskie
31-506,Kraków,Kraków,Kraków,małopolskie
30-312,Kraków,Kraków,Kraków,małopolskie
30-323,Kraków,Kraków,Kraków,małopolskie
31-450,Kraków,Kraków,Kraków,małopolskie
31-456,Kraków,Kraków,Kraków,małopolskie
31-460,Kraków,Kraków,Kraków,małopolskie
31-339,Kraków,Kraków,Kraków,małopolskie
31-033,Kraków,Kraków,Kraków,małopolskie
30-531,Kraków,Kraków,Kraków,małopolskie
31-992,Kraków,Kraków,Kraków,małopolskie
30-552,Kraków,Kraków,Kraków,małopolskie
31-326,Kraków,Kraków,Kraków,małopolskie
31-072,Kraków,Kraków,Kraków,małopolskie
31-413,Kraków,Kraków,Kraków,małopolskie
30-668,Kraków,Kraków,Kraków,małopolskie
31-279,Kraków,Kraków,Kraków,małopolskie
31-334,Kraków,Kraków,Kraków,małopolskie
31-280,Kraków,Kraków,Kraków,małopolskie
30-520,Kraków,Kraków,Kraków,małopolskie
30-205,Kraków,Kraków,Kraków,małopolskie
30-825,Kraków,Kraków,Kraków,małopolskie
30-661,Kraków,Kraków,Kraków,małopolskie
30-020,Kraków,Kraków,Kraków,małopolskie
30-006,Kraków,Kraków,Kraków,małopolskie
30-373,Kraków,Kraków,Kraków,małopolskie
31-310,Kraków,Kraków,Kraków,małopolskie
30-617,Kraków,Kraków,Kraków,małopolskie
30-706,Kraków,Kraków,Kraków,małopolskie
30-350,Kraków,Kraków,Kraków,małopolskie
30-554,Kraków,Kraków,Kraków,małopolskie
30-519,Kraków,Kraków,Kraków,małopolskie
30-523,Kraków,Kraków,Kraków,małopolskie
30-442,Kraków,Kraków,Kraków,małopolskie
30-423,Kraków,Kraków,Kraków,małopolskie
30-304,Kraków,Kraków,Kraków,małopolskie
30-095,Kraków,Kraków,Kraków,małopolskie
31-095,Kraków,Kraków,Kraków,małopolskie
31-105,Kraków,Kraków,Kraków,małopolskie
30-101,Kraków,Kraków,Kraków,małopolskie
31-314,Kraków,Kraków,Kraków,małopolskie
30-734,Kraków,Kraków,Kraków,małopolskie
31-353,Kraków,Kraków,Kraków,małopolskie
30-811,Kraków,Kraków,Kraków,małopolskie
77-135,Kramarzyny,Tuchomie,bytowski,pomorskie
47-303,Krapkowice,Krapkowice,krapkowicki,opolskie
36-007,Krasne,Krasne,rzeszowski,podkarpackie
23-204,Kraśnik,Kraśnik,kraśnicki,lubelskie
86-130,Krąplewice,Jeżewo,świecki,kujawsko-pomorskie
63-006,Krerowo,Kleszczewo,poznański,wielkopolskie
76-245,Krępa,Redzikowo,słupski,pomorskie
84-315,Krępkowice,Cewice,lęborski,pomorskie
20-515,Krężnica,Duża,lubelski,lubelskie
66-441,Krobielewko,Skwierzyna,międzyrzecki,lubuskie
64-711,Krosinek,Połajewo,czarnkowsko-,wielkopolskie
38-400,Krosno,Krosno,Krosno,podkarpackie
57-362,Krosnowice,Kłodzko,kłodzki,dolnośląskie
44-348,Krostoszowice,Godów,wodzisławski,śląskie
32-722,Królówka,Wiśnicz,bocheński,małopolskie
34-236,Krupowa,Bystra-Sidzina,suski,małopolskie
64-211,Krutla,Wolsztyn,wolsztyński,wielkopolskie
38-304,Kryg,Lipinki,gorlicki,małopolskie
82-120,Krynica,Morska,nowodworski,pomorskie
22-376,Kryniczki,Izbica,krasnostawski,lubelskie
43-265,Kryry,Suszec,pszczyński,śląskie
32-435,Krzczonów,Tokarnia,myślenicki,małopolskie
09-134,Krzeczanowo,Siemiątkowo,żuromiński,mazowieckie
32-433,Krzeczów,Lubień,myślenicki,małopolskie
37-127,Krzemienica,Czarna,łańcucki,podkarpackie
58-405,Krzeszów,Góra,kamiennogórski,dolnośląskie
34-206,Krzeszów,Stryszawa,suski,małopolskie
32-445,Krzyszkowice,Myślenice,myślenicki,małopolskie
32-442,Krzywaczka,Sułkowice,myślenicki,małopolskie
37-755,Krzywcza,Krzywcza,przemyski,podkarpackie
21-515,Krzywowólka,Sławatycze,bialski,lubelskie
64-224,Krzyż,Wolsztyn,wolsztyński,wielkopolskie
51-180,Krzyżanowice,Mała,trzebnicki,dolnośląskie
47-450,Krzyżanowice,Krzyżanowice,raciborski,śląskie
26-130,Krzyżka,Suchedniów,skarżyski,świętokrzyskie
43-254,Krzyżowice,Pawłowice,pszczyński,śląskie
95-054,Ksawerów,Ksawerów,pabianicki,łódzkie
67-128,Książ,Kożuchów,nowosolski,lubuskie
44-213,Książenice,Czerwionka-Leszczyny,rybnicki,śląskie
83-122,Kuchnia,Gniew,tczewski,pomorskie
23-414,Kulasze,Księżpol,biłgorajski,lubelskie
46-082,Kup,Wielki,opolski,opolskie
15-588,Kuriany,Zabłudów,białostocki,podlaskie
15-589,Kuriany,Zabłudów,białostocki,podlaskie
66-306,Kursko,Międzyrzecz,międzyrzecki,lubuskie
37-744,Kuźmina,Bircza,przemyski,podkarpackie
44-144,Kuźnia,Pilchowice,gliwicki,śląskie
84-130,Kuźnica,Jastarnia,pucki,pomorskie
64-763,Kuźnica,Wielkopolski,czarnkowsko-,wielkopolskie
34-232,Lachowice,Stryszawa,suski,małopolskie
34-373,Laliki,Milówka,żywiecki,śląskie
32-641,Las,Przeciszów,oświęcimski,małopolskie
57-251,Laski,Stok,ząbkowicki,dolnośląskie
46-282,Laskowice,Wielkie,kluczborski,opolskie
07-401,Laskowiec,Rzekuń,ostrołęcki,mazowieckie
57-517,Lasówka,Kłodzka,kłodzki,dolnośląskie
44-145,Leboszowice,Pilchowice,gliwicki,śląskie
05-120,Legionowo,Legionowo,legionowski,mazowieckie
59-220,Legnica,Legnica,Legnica,dolnośląskie
34-142,Leńcze,Zebrzydowska,wadowicki,małopolskie
32-733,Leszczyna,Trzciana,bocheński,małopolskie
58-425,Leszczyniec,Góra,kamiennogórski,dolnośląskie
34-300,Leśna,Lipowa,żywiecki,śląskie
34-145,Leśnica,Stryszów,wadowicki,małopolskie
95-043,Leźnica,Parzęczew,zgierski,łódzkie
84-300,Lębork,Lębork,lęborski,pomorskie
43-143,Lędziny,Lędziny,bieruńsko-lędziński,śląskie
43-140,Lędziny,Lędziny,bieruńsko-lędziński,śląskie
43-144,Lędziny,Lędziny,bieruńsko-lędziński,śląskie
32-543,Lgota,Trzebinia,chrzanowski,małopolskie
38-306,Libusza,Biecz,gorlicki,małopolskie
63-563,Licheń,Ślesin,koniński,wielkopolskie
33-172,Lichwin,Pleśna,tarnowski,małopolskie
43-518,Ligota,Czechowice-Dziedzice,bielski,śląskie
58-231,Ligota,Niemcza,dzierżoniowski,dolnośląskie
46-333,Ligota,Radłów,oleski,opolskie
58-210,Ligota,Łagiewniki,dzierżoniowski,dolnośląskie
83-404,Liniewko,Karczma,kościerski,pomorskie
64-815,Lipia,Szamocin,chodzieski,wielkopolskie
33-206,Lipiny,Tarnowska,dąbrowski,małopolskie
20-050,Lipniak,Konopnica,lubelski,lubelskie
36-123,Lipnica,Dzikowiec,kolbuszowski,podkarpackie
34-482,Lipnica,Jabłonka,nowotarski,małopolskie
34-324,Lipowa,Lipowa,żywiecki,śląskie
77-143,Lipuszek,Studzienice,bytowski,pomorskie
87-615,Lisek,Fabianki,włocławski,kujawsko-pomorskie
68-131,Lubartów,Wymiarki,żagański,lubuskie
38-441,Lubatowa,Iwonicz-Zdrój,krośnieński,podkarpackie
33-162,Lubcza,Ryglice,tarnowski,małopolskie
36-042,Lubenia,Lubenia,rzeszowski,podkarpackie
49-313,Lubicz,Lubsza,brzeski,opolskie
72-500,Lubin,Międzyzdroje,kamieński,zachodniopomorskie
83-112,Lubiszewo,Tczew,tczewski,pomorskie
20-710,Lublin,Lublin,Lublin,lubelskie
20-442,Lublin,Lublin,Lublin,lubelskie
20-391,Lublin,Lublin,Lublin,lubelskie
20-571,Lublin,Lublin,Lublin,lubelskie
20-140,Lublin,Lublin,Lublin,lubelskie
20-833,Lublin,Lublin,Lublin,lubelskie
20-350,Lublin,Lublin,Lublin,lubelskie
20-033,Lublin,Lublin,Lublin,lubelskie
20-715,Lublin,Lublin,Lublin,lubelskie
20-814,Lublin,Lublin,Lublin,lubelskie
20-315,Lublin,Lublin,Lublin,lubelskie
20-249,Lublin,Lublin,Lublin,lubelskie
20-440,Lublin,Lublin,Lublin,lubelskie
20-054,Lublin,Lublin,Lublin,lubelskie
20-011,Lublin,Lublin,Lublin,lubelskie
20-407,Lublin,Lublin,Lublin,lubelskie
20-848,Lublin,Lublin,Lublin,lubelskie
20-718,Lublin,Lublin,Lublin,lubelskie
20-536,Lublin,Lublin,Lublin,lubelskie
20-809,Lublin,Lublin,Lublin,lubelskie
20-841,Lublin,Lublin,Lublin,lubelskie
20-147,Lublin,Lublin,Lublin,lubelskie
20-472,Lublin,Lublin,Lublin,lubelskie
20-703,Lublin,Lublin,Lublin,lubelskie
20-108,Lublin,Lublin,Lublin,lubelskie
20-803,Lublin,Lublin,Lublin,lubelskie
20-824,Lublin,Lublin,Lublin,lubelskie
20-059,Lublin,Lublin,Lublin,lubelskie
20-028,Lublin,Lublin,Lublin,lubelskie
20-037,Lublin,Lublin,Lublin,lubelskie
20-049,Lublin,Lublin,Lublin,lubelskie
20-043,Lublin,Lublin,Lublin,lubelskie
20-121,Lublin,Lublin,Lublin,lubelskie
20-101,Lublin,Lublin,Lublin,lubelskie
20-819,Lublin,Lublin,Lublin,lubelskie
20-577,Lublin,Lublin,Lublin,lubelskie
20-834,Lublin,Lublin,Lublin,lubelskie
20-113,Lublin,Lublin,Lublin,lubelskie
20-817,Lublin,Lublin,Lublin,lubelskie
20-539,Lublin,Lublin,Lublin,lubelskie
20-816,Lublin,Lublin,Lublin,lubelskie
20-136,Lublin,Lublin,Lublin,lubelskie
20-359,Lublin,Lublin,Lublin,lubelskie
20-204,Lublin,Lublin,Lublin,lubelskie
20-460,Lublin,Lublin,Lublin,lubelskie
20-802,Lublin,Lublin,Lublin,lubelskie
20-082,Lublin,Lublin,Lublin,lubelskie
20-601,Lublin,Lublin,Lublin,lubelskie
20-276,Lublin,Lublin,Lublin,lubelskie
20-452,Lublin,Lublin,Lublin,lubelskie
20-874,Lublin,Lublin,Lublin,lubelskie
20-739,Lublin,Lublin,Lublin,lubelskie
20-810,Lublin,Lublin,Lublin,lubelskie
20-224,Lublin,Lublin,Lublin,lubelskie
20-390,Lublin,Lublin,Lublin,lubelskie
20-807,Lublin,Lublin,Lublin,lubelskie
20-144,Lublin,Lublin,Lublin,lubelskie
20-828,Lublin,Lublin,Lublin,lubelskie
20-045,Lublin,Lublin,Lublin,lubelskie
20-750,Lublin,Lublin,Lublin,lubelskie
20-109,Lublin,Lublin,Lublin,lubelskie
20-582,Lublin,Lublin,Lublin,lubelskie
20-869,Lublin,Lublin,Lublin,lubelskie
20-402,Lublin,Lublin,Lublin,lubelskie
20-030,Lublin,Lublin,Lublin,lubelskie
20-119,Lublin,Lublin,Lublin,lubelskie
20-732,Lublin,Lublin,Lublin,lubelskie
20-073,Lublin,Lublin,Lublin,lubelskie
20-543,Lublin,Lublin,Lublin,lubelskie
20-153,Lublin,Lublin,Lublin,lubelskie
20-089,Lublin,Lublin,Lublin,lubelskie
20-465,Lublin,Lublin,Lublin,lubelskie
20-722,Lublin,Lublin,Lublin,lubelskie
20-304,Lublin,Lublin,Lublin,lubelskie
20-259,Lublin,Lublin,Lublin,lubelskie
20-830,Lublin,Lublin,Lublin,lubelskie
20-209,Lublin,Lublin,Lublin,lubelskie
20-806,Lublin,Lublin,Lublin,lubelskie
20-701,Lublin,Lublin,Lublin,lubelskie
20-468,Lublin,Lublin,Lublin,lubelskie
20-734,Lublin,Lublin,Lublin,lubelskie
20-542,Lublin,Lublin,Lublin,lubelskie
20-070,Lublin,Lublin,Lublin,lubelskie
20-310,Lublin,Lublin,Lublin,lubelskie
20-103,Lublin,Lublin,Lublin,lubelskie
20-617,Lublin,Lublin,Lublin,lubelskie
20-735,Lublin,Lublin,Lublin,lubelskie
20-358,Lublin,Lublin,Lublin,lubelskie
20-808,Lublin,Lublin,Lublin,lubelskie
20-705,Lublin,Lublin,Lublin,lubelskie
20-873,Lublin,Lublin,Lublin,lubelskie
20-611,Lublin,Lublin,Lublin,lubelskie
20-872,Lublin,Lublin,Lublin,lubelskie
20-281,Lublin,Lublin,Lublin,lubelskie
20-707,Lublin,Lublin,Lublin,lubelskie
20-142,Lublin,Lublin,Lublin,lubelskie
20-435,Lublin,Lublin,Lublin,lubelskie
20-522,Lublin,Lublin,Lublin,lubelskie
20-111,Lublin,Lublin,Lublin,lubelskie
20-448,Lublin,Lublin,Lublin,lubelskie
20-457,Lublin,Lublin,Lublin,lubelskie
20-301,Lublin,Lublin,Lublin,lubelskie
20-087,Lublin,Lublin,Lublin,lubelskie
20-579,Lublin,Lublin,Lublin,lubelskie
20-640,Lublin,Lublin,Lublin,lubelskie
20-225,Lublin,Lublin,Lublin,lubelskie
20-706,Lublin,Lublin,Lublin,lubelskie
20-469,Lublin,Lublin,Lublin,lubelskie
20-804,Lublin,Lublin,Lublin,lubelskie
20-353,Lublin,Lublin,Lublin,lubelskie
20-104,Lublin,Lublin,Lublin,lubelskie
20-150,Lublin,Lublin,Lublin,lubelskie
20-576,Lublin,Lublin,Lublin,lubelskie
20-406,Lublin,Lublin,Lublin,lubelskie
20-302,Lublin,Lublin,Lublin,lubelskie
20-120,Lublin,Lublin,Lublin,lubelskie
20-329,Lublin,Lublin,Lublin,lubelskie
20-839,Lublin,Lublin,Lublin,lubelskie
20-411,Lublin,Lublin,Lublin,lubelskie
20-025,Lublin,Lublin,Lublin,lubelskie
20-620,Lublin,Lublin,Lublin,lubelskie
20-079,Lublin,Lublin,Lublin,lubelskie
20-075,Lublin,Lublin,Lublin,lubelskie
20-813,Lublin,Lublin,Lublin,lubelskie
20-093,Lublin,Lublin,Lublin,lubelskie
20-835,Lublin,Lublin,Lublin,lubelskie
20-376,Lublin,Lublin,Lublin,lubelskie
20-026,Lublin,Lublin,Lublin,lubelskie
20-023,Lublin,Lublin,Lublin,lubelskie
20-088,Lublin,Lublin,Lublin,lubelskie
20-078,Lublin,Lublin,Lublin,lubelskie
20-403,Lublin,Lublin,Lublin,lubelskie
20-479,Lublin,Lublin,Lublin,lubelskie
20-733,Lublin,Lublin,Lublin,lubelskie
20-325,Lublin,Lublin,Lublin,lubelskie
20-401,Lublin,Lublin,Lublin,lubelskie
20-029,Lublin,Lublin,Lublin,lubelskie
20-714,Lublin,Lublin,Lublin,lubelskie
20-583,Lublin,Lublin,Lublin,lubelskie
20-122,Lublin,Lublin,Lublin,lubelskie
20-752,Lublin,Lublin,Lublin,lubelskie
20-865,Lublin,Lublin,Lublin,lubelskie
20-820,Lublin,Lublin,Lublin,lubelskie
20-072,Lublin,Lublin,Lublin,lubelskie
20-488,Lublin,Lublin,Lublin,lubelskie
20-349,Lublin,Lublin,Lublin,lubelskie
20-226,Lublin,Lublin,Lublin,lubelskie
20-424,Lublin,Lublin,Lublin,lubelskie
20-036,Lublin,Lublin,Lublin,lubelskie
20-124,Lublin,Lublin,Lublin,lubelskie
20-067,Lublin,Lublin,Lublin,lubelskie
20-250,Lublin,Lublin,Lublin,lubelskie
20-829,Lublin,Lublin,Lublin,lubelskie
20-416,Lublin,Lublin,Lublin,lubelskie
20-130,Lublin,Lublin,Lublin,lubelskie
20-875,Lublin,Lublin,Lublin,lubelskie
20-832,Lublin,Lublin,Lublin,lubelskie
20-221,Lublin,Lublin,Lublin,lubelskie
20-447,Lublin,Lublin,Lublin,lubelskie
20-471,Lublin,Lublin,Lublin,lubelskie
20-149,Lublin,Lublin,Lublin,lubelskie
20-346,Lublin,Lublin,Lublin,lubelskie
20-365,Lublin,Lublin,Lublin,lubelskie
20-375,Lublin,Lublin,Lublin,lubelskie
20-262,Lublin,Lublin,Lublin,lubelskie
20-128,Lublin,Lublin,Lublin,lubelskie
20-010,Lublin,Lublin,Lublin,lubelskie
20-386,Lublin,Lublin,Lublin,lubelskie
20-280,Lublin,Lublin,Lublin,lubelskie
20-152,Lublin,Lublin,Lublin,lubelskie
20-223,Lublin,Lublin,Lublin,lubelskie
20-554,Lublin,Lublin,Lublin,lubelskie
20-305,Lublin,Lublin,Lublin,lubelskie
20-319,Lublin,Lublin,Lublin,lubelskie
20-334,Lublin,Lublin,Lublin,lubelskie
20-737,Lublin,Lublin,Lublin,lubelskie
20-061,Lublin,Lublin,Lublin,lubelskie
20-815,Lublin,Lublin,Lublin,lubelskie
20-357,Lublin,Lublin,Lublin,lubelskie
20-326,Lublin,Lublin,Lublin,lubelskie
20-425,Lublin,Lublin,Lublin,lubelskie
20-408,Lublin,Lublin,Lublin,lubelskie
20-135,Lublin,Lublin,Lublin,lubelskie
20-453,Lublin,Lublin,Lublin,lubelskie
20-426,Lublin,Lublin,Lublin,lubelskie
20-811,Lublin,Lublin,Lublin,lubelskie
20-404,Lublin,Lublin,Lublin,lubelskie
20-456,Lublin,Lublin,Lublin,lubelskie
20-233,Lublin,Lublin,Lublin,lubelskie
20-252,Lublin,Lublin,Lublin,lubelskie
20-854,Lublin,Lublin,Lublin,lubelskie
20-636,Lublin,Lublin,Lublin,lubelskie
20-133,Lublin,Lublin,Lublin,lubelskie
20-531,Lublin,Lublin,Lublin,lubelskie
20-635,Lublin,Lublin,Lublin,lubelskie
20-107,Lublin,Lublin,Lublin,lubelskie
20-278,Lublin,Lublin,Lublin,lubelskie
20-091,Lublin,Lublin,Lublin,lubelskie
20-609,Lublin,Lublin,Lublin,lubelskie
20-306,Lublin,Lublin,Lublin,lubelskie
20-118,Lublin,Lublin,Lublin,lubelskie
20-751,Lublin,Lublin,Lublin,lubelskie
20-736,Lublin,Lublin,Lublin,lubelskie
20-492,Lublin,Lublin,Lublin,lubelskie
20-827,Lublin,Lublin,Lublin,lubelskie
20-455,Lublin,Lublin,Lublin,lubelskie
20-340,Lublin,Lublin,Lublin,lubelskie
20-719,Lublin,Lublin,Lublin,lubelskie
20-335,Lublin,Lublin,Lublin,lubelskie
20-616,Lublin,Lublin,Lublin,lubelskie
20-614,Lublin,Lublin,Lublin,lubelskie
20-612,Lublin,Lublin,Lublin,lubelskie
20-060,Lublin,Lublin,Lublin,lubelskie
20-439,Lublin,Lublin,Lublin,lubelskie
20-380,Lublin,Lublin,Lublin,lubelskie
20-385,Lublin,Lublin,Lublin,lubelskie
20-868,Lublin,Lublin,Lublin,lubelskie
20-213,Lublin,Lublin,Lublin,lubelskie
20-217,Lublin,Lublin,Lublin,lubelskie
20-211,Lublin,Lublin,Lublin,lubelskie
20-532,Lublin,Lublin,Lublin,lubelskie
20-005,Lublin,Lublin,Lublin,lubelskie
20-863,Lublin,Lublin,Lublin,lubelskie
20-381,Lublin,Lublin,Lublin,lubelskie
20-330,Lublin,Lublin,Lublin,lubelskie
20-215,Lublin,Lublin,Lublin,lubelskie
20-489,Lublin,Lublin,Lublin,lubelskie
20-605,Lublin,Lublin,Lublin,lubelskie
20-602,Lublin,Lublin,Lublin,lubelskie
20-331,Lublin,Lublin,Lublin,lubelskie
20-362,Lublin,Lublin,Lublin,lubelskie
20-256,Lublin,Lublin,Lublin,lubelskie
20-112,Lublin,Lublin,Lublin,lubelskie
20-378,Lublin,Lublin,Lublin,lubelskie
20-821,Lublin,Lublin,Lublin,lubelskie
20-260,Lublin,Lublin,Lublin,lubelskie
20-231,Lublin,Lublin,Lublin,lubelskie
20-711,Lublin,Lublin,Lublin,lubelskie
20-387,Lublin,Lublin,Lublin,lubelskie
20-805,Lublin,Lublin,Lublin,lubelskie
20-857,Lublin,Lublin,Lublin,lubelskie
20-712,Lublin,Lublin,Lublin,lubelskie
20-551,Lublin,Lublin,Lublin,lubelskie
20-270,Lublin,Lublin,Lublin,lubelskie
20-553,Lublin,Lublin,Lublin,lubelskie
20-143,Lublin,Lublin,Lublin,lubelskie
20-027,Lublin,Lublin,Lublin,lubelskie
20-092,Lublin,Lublin,Lublin,lubelskie
20-303,Lublin,Lublin,Lublin,lubelskie
20-610,Lublin,Lublin,Lublin,lubelskie
20-373,Lublin,Lublin,Lublin,lubelskie
20-555,Lublin,Lublin,Lublin,lubelskie
20-218,Lublin,Lublin,Lublin,lubelskie
20-031,Lublin,Lublin,Lublin,lubelskie
20-222,Lublin,Lublin,Lublin,lubelskie
20-484,Lublin,Lublin,Lublin,lubelskie
20-624,Lublin,Lublin,Lublin,lubelskie
20-126,Lublin,Lublin,Lublin,lubelskie
20-826,Lublin,Lublin,Lublin,lubelskie
20-783,Lublin,Lublin,Lublin,lubelskie
20-090,Lublin,Lublin,Lublin,lubelskie
20-282,Lublin,Lublin,Lublin,lubelskie
20-141,Lublin,Lublin,Lublin,lubelskie
20-228,Lublin,Lublin,Lublin,lubelskie
20-535,Lublin,Lublin,Lublin,lubelskie
20-812,Lublin,Lublin,Lublin,lubelskie
20-509,Lublin,Lublin,Lublin,lubelskie
20-254,Lublin,Lublin,Lublin,lubelskie
20-077,Lublin,Lublin,Lublin,lubelskie
20-323,Lublin,Lublin,Lublin,lubelskie
20-786,Lublin,Lublin,Lublin,lubelskie
20-337,Lublin,Lublin,Lublin,lubelskie
20-351,Lublin,Lublin,Lublin,lubelskie
20-825,Lublin,Lublin,Lublin,lubelskie
20-003,Lublin,Lublin,Lublin,lubelskie
20-716,Lublin,Lublin,Lublin,lubelskie
20-704,Lublin,Lublin,Lublin,lubelskie
20-057,Lublin,Lublin,Lublin,lubelskie
20-058,Lublin,Lublin,Lublin,lubelskie
20-871,Lublin,Lublin,Lublin,lubelskie
20-629,Lublin,Lublin,Lublin,lubelskie
20-538,Lublin,Lublin,Lublin,lubelskie
20-129,Lublin,Lublin,Lublin,lubelskie
20-201,Lublin,Lublin,Lublin,lubelskie
20-630,Lublin,Lublin,Lublin,lubelskie
20-864,Lublin,Lublin,Lublin,lubelskie
20-341,Lublin,Lublin,Lublin,lubelskie
20-843,Lublin,Lublin,Lublin,lubelskie
20-009,Lublin,Lublin,Lublin,lubelskie
20-867,Lublin,Lublin,Lublin,lubelskie
20-081,Lublin,Lublin,Lublin,lubelskie
20-232,Lublin,Lublin,Lublin,lubelskie
20-138,Lublin,Lublin,Lublin,lubelskie
20-729,Lublin,Lublin,Lublin,lubelskie
20-277,Lublin,Lublin,Lublin,lubelskie
20-552,Lublin,Lublin,Lublin,lubelskie
20-405,Lublin,Lublin,Lublin,lubelskie
20-106,Lublin,Lublin,Lublin,lubelskie
20-723,Lublin,Lublin,Lublin,lubelskie
20-838,Lublin,Lublin,Lublin,lubelskie
20-229,Lublin,Lublin,Lublin,lubelskie
20-240,Lublin,Lublin,Lublin,lubelskie
20-243,Lublin,Lublin,Lublin,lubelskie
20-784,Lublin,Lublin,Lublin,lubelskie
20-717,Lublin,Lublin,Lublin,lubelskie
20-004,Lublin,Lublin,Lublin,lubelskie
20-434,Lublin,Lublin,Lublin,lubelskie
20-787,Lublin,Lublin,Lublin,lubelskie
20-006,Lublin,Lublin,Lublin,lubelskie
20-508,Lublin,Lublin,Lublin,lubelskie
20-866,Lublin,Lublin,Lublin,lubelskie
20-022,Lublin,Lublin,Lublin,lubelskie
20-708,Lublin,Lublin,Lublin,lubelskie
20-137,Lublin,Lublin,Lublin,lubelskie
20-454,Lublin,Lublin,Lublin,lubelskie
20-307,Lublin,Lublin,Lublin,lubelskie
20-115,Lublin,Lublin,Lublin,lubelskie
20-110,Lublin,Lublin,Lublin,lubelskie
20-429,Lublin,Lublin,Lublin,lubelskie
20-738,Lublin,Lublin,Lublin,lubelskie
20-002,Lublin,Lublin,Lublin,lubelskie
20-076,Lublin,Lublin,Lublin,lubelskie
20-356,Lublin,Lublin,Lublin,lubelskie
20-338,Lublin,Lublin,Lublin,lubelskie
20-320,Lublin,Lublin,Lublin,lubelskie
20-709,Lublin,Lublin,Lublin,lubelskie
20-431,Lublin,Lublin,Lublin,lubelskie
20-463,Lublin,Lublin,Lublin,lubelskie
20-502,Lublin,Lublin,Lublin,lubelskie
20-279,Lublin,Lublin,Lublin,lubelskie
20-518,Lublin,Lublin,Lublin,lubelskie
20-314,Lublin,Lublin,Lublin,lubelskie
20-521,Lublin,Lublin,Lublin,lubelskie
20-721,Lublin,Lublin,Lublin,lubelskie
20-525,Lublin,Lublin,Lublin,lubelskie
20-409,Lublin,Lublin,Lublin,lubelskie
20-412,Lublin,Lublin,Lublin,lubelskie
20-417,Lublin,Lublin,Lublin,lubelskie
20-422,Lublin,Lublin,Lublin,lubelskie
20-459,Lublin,Lublin,Lublin,lubelskie
20-436,Lublin,Lublin,Lublin,lubelskie
20-451,Lublin,Lublin,Lublin,lubelskie
20-444,Lublin,Lublin,Lublin,lubelskie
20-836,Lublin,Lublin,Lublin,lubelskie
20-154,Lublin,Lublin,Lublin,lubelskie
20-730,Lublin,Lublin,Lublin,lubelskie
20-241,Lublin,Lublin,Lublin,lubelskie
20-032,Lublin,Lublin,Lublin,lubelskie
20-035,Lublin,Lublin,Lublin,lubelskie
20-782,Lublin,Lublin,Lublin,lubelskie
20-781,Lublin,Lublin,Lublin,lubelskie
20-053,Lublin,Lublin,Lublin,lubelskie
20-048,Lublin,Lublin,Lublin,lubelskie
20-056,Lublin,Lublin,Lublin,lubelskie
20-446,Lublin,Lublin,Lublin,lubelskie
20-625,Lublin,Lublin,Lublin,lubelskie
20-801,Lublin,Lublin,Lublin,lubelskie
20-861,Lublin,Lublin,Lublin,lubelskie
20-423,Lublin,Lublin,Lublin,lubelskie
20-621,Lublin,Lublin,Lublin,lubelskie
20-257,Lublin,Lublin,Lublin,lubelskie
20-849,Lublin,Lublin,Lublin,lubelskie
20-020,Lublin,Lublin,Lublin,lubelskie
20-024,Lublin,Lublin,Lublin,lubelskie
20-510,Lublin,Lublin,Lublin,lubelskie
20-789,Lublin,Lublin,Lublin,lubelskie
20-080,Lublin,Lublin,Lublin,lubelskie
20-208,Lublin,Lublin,Lublin,lubelskie
20-322,Lublin,Lublin,Lublin,lubelskie
20-354,Lublin,Lublin,Lublin,lubelskie
20-084,Lublin,Lublin,Lublin,lubelskie
20-085,Lublin,Lublin,Lublin,lubelskie
20-116,Lublin,Lublin,Lublin,lubelskie
20-094,Lublin,Lublin,Lublin,lubelskie
20-123,Lublin,Lublin,Lublin,lubelskie
20-146,Lublin,Lublin,Lublin,lubelskie
20-520,Lublin,Lublin,Lublin,lubelskie
20-309,Lublin,Lublin,Lublin,lubelskie
20-313,Lublin,Lublin,Lublin,lubelskie
20-220,Lublin,Lublin,Lublin,lubelskie
20-212,Lublin,Lublin,Lublin,lubelskie
20-041,Lublin,Lublin,Lublin,lubelskie
20-728,Lublin,Lublin,Lublin,lubelskie
20-148,Lublin,Lublin,Lublin,lubelskie
20-410,Lublin,Lublin,Lublin,lubelskie
20-316,Lublin,Lublin,Lublin,lubelskie
20-724,Lublin,Lublin,Lublin,lubelskie
20-516,Lublin,Lublin,Lublin,lubelskie
20-464,Lublin,Lublin,Lublin,lubelskie
20-430,Lublin,Lublin,Lublin,lubelskie
20-486,Lublin,Lublin,Lublin,lubelskie
20-855,Lublin,Lublin,Lublin,lubelskie
20-234,Lublin,Lublin,Lublin,lubelskie
20-251,Lublin,Lublin,Lublin,lubelskie
20-371,Lublin,Lublin,Lublin,lubelskie
20-433,Lublin,Lublin,Lublin,lubelskie
20-466,Lublin,Lublin,Lublin,lubelskie
20-311,Lublin,Lublin,Lublin,lubelskie
20-377,Lublin,Lublin,Lublin,lubelskie
20-884,Lublin,Lublin,Lublin,lubelskie
20-818,Lublin,Lublin,Lublin,lubelskie
20-383,Lublin,Lublin,Lublin,lubelskie
20-214,Lublin,Lublin,Lublin,lubelskie
20-461,Lublin,Lublin,Lublin,lubelskie
20-064,Lublin,Lublin,Lublin,lubelskie
20-561,Lublin,Lublin,Lublin,lubelskie
20-523,Lublin,Lublin,Lublin,lubelskie
20-618,Lublin,Lublin,Lublin,lubelskie
20-501,Lublin,Lublin,Lublin,lubelskie
20-506,Lublin,Lublin,Lublin,lubelskie
20-437,Lublin,Lublin,Lublin,lubelskie
20-443,Lublin,Lublin,Lublin,lubelskie
20-831,Lublin,Lublin,Lublin,lubelskie
20-470,Lublin,Lublin,Lublin,lubelskie
20-016,Lublin,Lublin,Lublin,lubelskie
20-013,Lublin,Lublin,Lublin,lubelskie
20-017,Lublin,Lublin,Lublin,lubelskie
20-019,Lublin,Lublin,Lublin,lubelskie
20-580,Lublin,Lublin,Lublin,lubelskie
20-246,Lublin,Lublin,Lublin,lubelskie
20-858,Lublin,Lublin,Lublin,lubelskie
20-619,Lublin,Lublin,Lublin,lubelskie
20-615,Lublin,Lublin,Lublin,lubelskie
20-114,Lublin,Lublin,Lublin,lubelskie
20-880,Lublin,Lublin,Lublin,lubelskie
20-418,Lublin,Lublin,Lublin,lubelskie
20-379,Lublin,Lublin,Lublin,lubelskie
20-012,Lublin,Lublin,Lublin,lubelskie
20-219,Lublin,Lublin,Lublin,lubelskie
20-205,Lublin,Lublin,Lublin,lubelskie
20-355,Lublin,Lublin,Lublin,lubelskie
20-491,Lublin,Lublin,Lublin,lubelskie
20-481,Lublin,Lublin,Lublin,lubelskie
20-881,Lublin,Lublin,Lublin,lubelskie
20-328,Lublin,Lublin,Lublin,lubelskie
20-882,Lublin,Lublin,Lublin,lubelskie
20-504,Lublin,Lublin,Lublin,lubelskie
20-244,Lublin,Lublin,Lublin,lubelskie
20-860,Lublin,Lublin,Lublin,lubelskie
20-850,Lublin,Lublin,Lublin,lubelskie
20-631,Lublin,Lublin,Lublin,lubelskie
20-627,Lublin,Lublin,Lublin,lubelskie
20-382,Lublin,Lublin,Lublin,lubelskie
20-421,Lublin,Lublin,Lublin,lubelskie
20-414,Lublin,Lublin,Lublin,lubelskie
20-343,Lublin,Lublin,Lublin,lubelskie
20-348,Lublin,Lublin,Lublin,lubelskie
20-007,Lublin,Lublin,Lublin,lubelskie
20-574,Lublin,Lublin,Lublin,lubelskie
20-420,Lublin,Lublin,Lublin,lubelskie
20-413,Lublin,Lublin,Lublin,lubelskie
20-870,Lublin,Lublin,Lublin,lubelskie
20-317,Lublin,Lublin,Lublin,lubelskie
20-117,Lublin,Lublin,Lublin,lubelskie
20-321,Lublin,Lublin,Lublin,lubelskie
20-095,Lublin,Lublin,Lublin,lubelskie
20-482,Lublin,Lublin,Lublin,lubelskie
20-052,Lublin,Lublin,Lublin,lubelskie
20-853,Lublin,Lublin,Lublin,lubelskie
20-731,Lublin,Lublin,Lublin,lubelskie
20-639,Lublin,Lublin,Lublin,lubelskie
20-524,Lublin,Lublin,Lublin,lubelskie
20-462,Lublin,Lublin,Lublin,lubelskie
20-533,Lublin,Lublin,Lublin,lubelskie
20-145,Lublin,Lublin,Lublin,lubelskie
20-534,Lublin,Lublin,Lublin,lubelskie
20-046,Lublin,Lublin,Lublin,lubelskie
20-051,Lublin,Lublin,Lublin,lubelskie
20-822,Lublin,Lublin,Lublin,lubelskie
20-530,Lublin,Lublin,Lublin,lubelskie
20-039,Lublin,Lublin,Lublin,lubelskie
20-780,Lublin,Lublin,Lublin,lubelskie
20-441,Lublin,Lublin,Lublin,lubelskie
20-458,Lublin,Lublin,Lublin,lubelskie
20-432,Lublin,Lublin,Lublin,lubelskie
20-366,Lublin,Lublin,Lublin,lubelskie
20-840,Lublin,Lublin,Lublin,lubelskie
20-487,Lublin,Lublin,Lublin,lubelskie
20-018,Lublin,Lublin,Lublin,lubelskie
20-347,Lublin,Lublin,Lublin,lubelskie
20-369,Lublin,Lublin,Lublin,lubelskie
20-575,Lublin,Lublin,Lublin,lubelskie
20-537,Lublin,Lublin,Lublin,lubelskie
20-318,Lublin,Lublin,Lublin,lubelskie
20-607,Lublin,Lublin,Lublin,lubelskie
20-637,Lublin,Lublin,Lublin,lubelskie
20-485,Lublin,Lublin,Lublin,lubelskie
20-726,Lublin,Lublin,Lublin,lubelskie
20-632,Lublin,Lublin,Lublin,lubelskie
20-449,Lublin,Lublin,Lublin,lubelskie
20-291,Lublin,Lublin,Lublin,lubelskie
20-055,Lublin,Lublin,Lublin,lubelskie
20-837,Lublin,Lublin,Lublin,lubelskie
20-633,Lublin,Lublin,Lublin,lubelskie
20-628,Lublin,Lublin,Lublin,lubelskie
20-367,Lublin,Lublin,Lublin,lubelskie
20-844,Lublin,Lublin,Lublin,lubelskie
20-785,Lublin,Lublin,Lublin,lubelskie
20-336,Lublin,Lublin,Lublin,lubelskie
20-474,Lublin,Lublin,Lublin,lubelskie
20-483,Lublin,Lublin,Lublin,lubelskie
20-021,Lublin,Lublin,Lublin,lubelskie
20-040,Lublin,Lublin,Lublin,lubelskie
20-613,Lublin,Lublin,Lublin,lubelskie
20-074,Lublin,Lublin,Lublin,lubelskie
20-914,Lublin,Lublin,Lublin,lubelskie
20-066,Lublin,Lublin,Lublin,lubelskie
20-069,Lublin,Lublin,Lublin,lubelskie
20-068,Lublin,Lublin,Lublin,lubelskie
20-352,Lublin,Lublin,Lublin,lubelskie
20-151,Lublin,Lublin,Lublin,lubelskie
20-360,Lublin,Lublin,Lublin,lubelskie
20-573,Lublin,Lublin,Lublin,lubelskie
20-047,Lublin,Lublin,Lublin,lubelskie
20-562,Lublin,Lublin,Lublin,lubelskie
20-883,Lublin,Lublin,Lublin,lubelskie
20-086,Lublin,Lublin,Lublin,lubelskie
20-570,Lublin,Lublin,Lublin,lubelskie
20-862,Lublin,Lublin,Lublin,lubelskie
20-713,Lublin,Lublin,Lublin,lubelskie
20-415,Lublin,Lublin,Lublin,lubelskie
20-015,Lublin,Lublin,Lublin,lubelskie
20-202,Lublin,Lublin,Lublin,lubelskie
20-467,Lublin,Lublin,Lublin,lubelskie
20-603,Lublin,Lublin,Lublin,lubelskie
20-541,Lublin,Lublin,Lublin,lubelskie
20-517,Lublin,Lublin,Lublin,lubelskie
20-210,Lublin,Lublin,Lublin,lubelskie
20-581,Lublin,Lublin,Lublin,lubelskie
20-255,Lublin,Lublin,Lublin,lubelskie
20-139,Lublin,Lublin,Lublin,lubelskie
20-227,Lublin,Lublin,Lublin,lubelskie
20-247,Lublin,Lublin,Lublin,lubelskie
20-788,Lublin,Lublin,Lublin,lubelskie
20-572,Lublin,Lublin,Lublin,lubelskie
20-563,Lublin,Lublin,Lublin,lubelskie
20-207,Lublin,Lublin,Lublin,lubelskie
20-230,Lublin,Lublin,Lublin,lubelskie
20-235,Lublin,Lublin,Lublin,lubelskie
20-727,Lublin,Lublin,Lublin,lubelskie
20-604,Lublin,Lublin,Lublin,lubelskie
20-608,Lublin,Lublin,Lublin,lubelskie
20-127,Lublin,Lublin,Lublin,lubelskie
20-038,Lublin,Lublin,Lublin,lubelskie
20-044,Lublin,Lublin,Lublin,lubelskie
20-134,Lublin,Lublin,Lublin,lubelskie
20-725,Lublin,Lublin,Lublin,lubelskie
20-071,Lublin,Lublin,Lublin,lubelskie
20-370,Lublin,Lublin,Lublin,lubelskie
20-361,Lublin,Lublin,Lublin,lubelskie
20-248,Lublin,Lublin,Lublin,lubelskie
20-327,Lublin,Lublin,Lublin,lubelskie
20-203,Lublin,Lublin,Lublin,lubelskie
20-344,Lublin,Lublin,Lublin,lubelskie
20-363,Lublin,Lublin,Lublin,lubelskie
20-384,Lublin,Lublin,Lublin,lubelskie
20-102,Lublin,Lublin,Lublin,lubelskie
20-105,Lublin,Lublin,Lublin,lubelskie
20-368,Lublin,Lublin,Lublin,lubelskie
20-560,Lublin,Lublin,Lublin,lubelskie
20-253,Lublin,Lublin,Lublin,lubelskie
20-450,Lublin,Lublin,Lublin,lubelskie
20-445,Lublin,Lublin,Lublin,lubelskie
20-008,Lublin,Lublin,Lublin,lubelskie
20-283,Lublin,Lublin,Lublin,lubelskie
20-342,Lublin,Lublin,Lublin,lubelskie
20-364,Lublin,Lublin,Lublin,lubelskie
34-736,Lubomierz,Dolna,limanowski,małopolskie
58-311,Lubomin,Bogaczowice,wałbrzyski,dolnośląskie
62-030,Luboń,Luboń,poznański,wielkopolskie
59-725,Luboszów,Osiecznica,bolesławiecki,dolnośląskie
23-420,Luchów,Tarnogród,biłgorajski,lubelskie
87-213,Ludowice,Ryńsk,wąbrzeski,kujawsko-pomorskie
57-450,Ludwikowice,Ruda,kłodzki,dolnośląskie
38-112,Lutcza,Niebylec,strzyżowski,podkarpackie
57-213,Lutomierz,Stoszowice,ząbkowicki,dolnośląskie
33-156,Ładna,Skrzyszów,tarnowski,małopolskie
62-272,Łagiewniki,Kiszkowo,gnieźnieński,wielkopolskie
83-331,Łapino,Żukowo,kartuski,pomorskie
34-442,Łapszanka,Niżne,nowotarski,małopolskie
68-206,Łaz,Żary,żarski,lubuskie
43-170,Łaziska,Górne,mikołowski,śląskie
43-173,Łaziska,Górne,mikołowski,śląskie
76-002,Łazy,Sianów,koszaliński,zachodniopomorskie
33-340,Łazy,Sącz,nowosądecki,małopolskie
34-115,Łączany,Brzeźnica,wadowicki,małopolskie
57-442,Łączna,Kłodzko,kłodzki,dolnośląskie
36-004,Łąka,Trzebownisko,rzeszowski,podkarpackie
43-241,Łąka,Pszczyna,pszczyński,śląskie
33-157,Łękawica,Skrzyszów,tarnowski,małopolskie
33-112,Łękawka,Tarnów,tarnowski,małopolskie
32-823,Łęki,Borzęcin,brzeski,małopolskie
32-425,Łęki,Myślenice,myślenicki,małopolskie
39-221,Łęki,Pilzno,dębicki,podkarpackie
38-456,Łęki,Dukla,krośnieński,podkarpackie
38-473,Łęki,Wojaszówka,krośnieński,podkarpackie
68-208,Łęknica,Łęknica,żarski,lubuskie
34-733,Łętowe,Dolna,limanowski,małopolskie
34-242,Łętownia,Jordanów,suski,małopolskie
37-312,Łętownia,Sarzyna,leżajski,podkarpackie
38-423,Łężany,Piastowe,krośnieński,podkarpackie
66-008,Łochowo,Świdnica,zielonogórski,lubuskie
07-132,Łojew,Łochów,węgrowski,mazowieckie
58-531,Łomnica,Mysłakowice,karkonoski,dolnośląskie
33-351,Łomnica-Zdrój,Piwniczna-Zdrój,nowosądecki,małopolskie
37-222,Łopuszka,Kańczuga,przeworski,podkarpackie
34-432,Łopuszna,Targ,nowotarski,małopolskie
33-171,Łowczówek,Pleśna,tarnowski,małopolskie
90-355,Łódź,Łódź,Łódź,łódzkie
90-443,Łódź,Łódź,Łódź,łódzkie
90-050,Łódź,Łódź,Łódź,łódzkie
92-305,Łódź,Łódź,Łódź,łódzkie
91-857,Łódź,Łódź,Łódź,łódzkie
92-532,Łódź,Łódź,Łódź,łódzkie
92-536,Łódź,Łódź,Łódź,łódzkie
92-537,Łódź,Łódź,Łódź,łódzkie
92-534,Łódź,Łódź,Łódź,łódzkie
92-535,Łódź,Łódź,Łódź,łódzkie
91-305,Łódź,Łódź,Łódź,łódzkie
91-360,Łódź,Łódź,Łódź,łódzkie
91-365,Łódź,Łódź,Łódź,łódzkie
91-473,Łódź,Łódź,Łódź,łódzkie
91-502,Łódź,Łódź,Łódź,łódzkie
93-485,Łódź,Łódź,Łódź,łódzkie
91-531,Łódź,Łódź,Łódź,łódzkie
91-227,Łódź,Łódź,Łódź,łódzkie
91-836,Łódź,Łódź,Łódź,łódzkie
93-641,Łódź,Łódź,Łódź,łódzkie
93-448,Łódź,Łódź,Łódź,łódzkie
91-357,Łódź,Łódź,Łódź,łódzkie
94-314,Łódź,Łódź,Łódź,łódzkie
90-418,Łódź,Łódź,Łódź,łódzkie
90-419,Łódź,Łódź,Łódź,łódzkie
90-427,Łódź,Łódź,Łódź,łódzkie
90-514,Łódź,Łódź,Łódź,łódzkie
90-428,Łódź,Łódź,Łódź,łódzkie
90-432,Łódź,Łódź,Łódź,łódzkie
90-436,Łódź,Łódź,Łódź,łódzkie
90-437,Łódź,Łódź,Łódź,łódzkie
90-442,Łódź,Łódź,Łódź,łódzkie
90-441,Łódź,Łódź,Łódź,łódzkie
90-446,Łódź,Łódź,Łódź,łódzkie
90-451,Łódź,Łódź,Łódź,łódzkie
93-341,Łódź,Łódź,Łódź,łódzkie
91-497,Łódź,Łódź,Łódź,łódzkie
93-590,Łódź,Łódź,Łódź,łódzkie
93-557,Łódź,Łódź,Łódź,łódzkie
93-502,Łódź,Łódź,Łódź,łódzkie
93-418,Łódź,Łódź,Łódź,łódzkie
91-120,Łódź,Łódź,Łódź,łódzkie
91-201,Łódź,Łódź,Łódź,łódzkie
91-151,Łódź,Łódź,Łódź,łódzkie
91-205,Łódź,Łódź,Łódź,łódzkie
91-224,Łódź,Łódź,Łódź,łódzkie
91-229,Łódź,Łódź,Łódź,łódzkie
91-155,Łódź,Łódź,Łódź,łódzkie
93-412,Łódź,Łódź,Łódź,łódzkie
92-003,Łódź,Łódź,Łódź,łódzkie
93-439,Łódź,Łódź,Łódź,łódzkie
91-156,Łódź,Łódź,Łódź,łódzkie
92-732,Łódź,Łódź,Łódź,łódzkie
93-420,Łódź,Łódź,Łódź,łódzkie
91-604,Łódź,Łódź,Łódź,łódzkie
92-771,Łódź,Łódź,Łódź,łódzkie
93-262,Łódź,Łódź,Łódź,łódzkie
94-118,Łódź,Łódź,Łódź,łódzkie
92-119,Łódź,Łódź,Łódź,łódzkie
92-550,Łódź,Łódź,Łódź,łódzkie
92-634,Łódź,Łódź,Łódź,łódzkie
93-449,Łódź,Łódź,Łódź,łódzkie
92-414,Łódź,Łódź,Łódź,łódzkie
91-409,Łódź,Łódź,Łódź,łódzkie
93-304,Łódź,Łódź,Łódź,łódzkie
93-380,Łódź,Łódź,Łódź,łódzkie
92-219,Łódź,Łódź,Łódź,łódzkie
93-493,Łódź,Łódź,Łódź,łódzkie
91-521,Łódź,Łódź,Łódź,łódzkie
91-358,Łódź,Łódź,Łódź,łódzkie
93-481,Łódź,Łódź,Łódź,łódzkie
91-232,Łódź,Łódź,Łódź,łódzkie
94-046,Łódź,Łódź,Łódź,łódzkie
94-130,Łódź,Łódź,Łódź,łódzkie
92-010,Łódź,Łódź,Łódź,łódzkie
91-496,Łódź,Łódź,Łódź,łódzkie
91-072,Łódź,Łódź,Łódź,łódzkie
94-230,Łódź,Łódź,Łódź,łódzkie
93-533,Łódź,Łódź,Łódź,łódzkie
93-404,Łódź,Łódź,Łódź,łódzkie
93-443,Łódź,Łódź,Łódź,łódzkie
92-411,Łódź,Łódź,Łódź,łódzkie
91-082,Łódź,Łódź,Łódź,łódzkie
94-251,Łódź,Łódź,Łódź,łódzkie
94-239,Łódź,Łódź,Łódź,łódzkie
94-056,Łódź,Łódź,Łódź,łódzkie
91-614,Łódź,Łódź,Łódź,łódzkie
92-413,Łódź,Łódź,Łódź,łódzkie
92-123,Łódź,Łódź,Łódź,łódzkie
92-109,Łódź,Łódź,Łódź,łódzkie
91-170,Łódź,Łódź,Łódź,łódzkie
93-347,Łódź,Łódź,Łódź,łódzkie
92-650,Łódź,Łódź,Łódź,łódzkie
91-498,Łódź,Łódź,Łódź,łódzkie
94-108,Łódź,Łódź,Łódź,łódzkie
91-526,Łódź,Łódź,Łódź,łódzkie
93-332,Łódź,Łódź,Łódź,łódzkie
91-445,Łódź,Łódź,Łódź,łódzkie
91-449,Łódź,Łódź,Łódź,łódzkie
93-204,Łódź,Łódź,Łódź,łódzkie
93-273,Łódź,Łódź,Łódź,łódzkie
90-237,Łódź,Łódź,Łódź,łódzkie
90-238,Łódź,Łódź,Łódź,łódzkie
91-162,Łódź,Łódź,Łódź,łódzkie
92-775,Łódź,Łódź,Łódź,łódzkie
94-020,Łódź,Łódź,Łódź,łódzkie
93-153,Łódź,Łódź,Łódź,łódzkie
91-084,Łódź,Łódź,Łódź,łódzkie
90-615,Łódź,Łódź,Łódź,łódzkie
91-520,Łódź,Łódź,Łódź,łódzkie
94-204,Łódź,Łódź,Łódź,łódzkie
94-215,Łódź,Łódź,Łódź,łódzkie
91-178,Łódź,Łódź,Łódź,łódzkie
92-612,Łódź,Łódź,Łódź,łódzkie
92-547,Łódź,Łódź,Łódź,łódzkie
92-546,Łódź,Łódź,Łódź,łódzkie
92-540,Łódź,Łódź,Łódź,łódzkie
92-533,Łódź,Łódź,Łódź,łódzkie
92-531,Łódź,Łódź,Łódź,łódzkie
92-511,Łódź,Łódź,Łódź,łódzkie
92-530,Łódź,Łódź,Łódź,łódzkie
92-725,Łódź,Łódź,Łódź,łódzkie
93-479,Łódź,Łódź,Łódź,łódzkie
94-274,Łódź,Łódź,Łódź,łódzkie
94-257,Łódź,Łódź,Łódź,łódzkie
93-463,Łódź,Łódź,Łódź,łódzkie
94-058,Łódź,Łódź,Łódź,łódzkie
92-301,Łódź,Łódź,Łódź,łódzkie
92-308,Łódź,Łódź,Łódź,łódzkie
92-444,Łódź,Łódź,Łódź,łódzkie
92-322,Łódź,Łódź,Łódź,łódzkie
92-009,Łódź,Łódź,Łódź,łódzkie
91-053,Łódź,Łódź,Łódź,łódzkie
91-504,Łódź,Łódź,Łódź,łódzkie
93-487,Łódź,Łódź,Łódź,łódzkie
93-009,Łódź,Łódź,Łódź,łódzkie
93-030,Łódź,Łódź,Łódź,łódzkie
93-037,Łódź,Łódź,Łódź,łódzkie
91-180,Łódź,Łódź,Łódź,łódzkie
91-492,Łódź,Łódź,Łódź,łódzkie
93-305,Łódź,Łódź,Łódź,łódzkie
92-720,Łódź,Łódź,Łódź,łódzkie
91-831,Łódź,Łódź,Łódź,łódzkie
91-612,Łódź,Łódź,Łódź,łódzkie
91-611,Łódź,Łódź,Łódź,łódzkie
91-610,Łódź,Łódź,Łódź,łódzkie
93-369,Łódź,Łódź,Łódź,łódzkie
93-540,Łódź,Łódź,Łódź,łódzkie
91-046,Łódź,Łódź,Łódź,łódzkie
92-223,Łódź,Łódź,Łódź,łódzkie
93-355,Łódź,Łódź,Łódź,łódzkie
91-179,Łódź,Łódź,Łódź,łódzkie
91-474,Łódź,Łódź,Łódź,łódzkie
91-475,Łódź,Łódź,Łódź,łódzkie
91-481,Łódź,Łódź,Łódź,łódzkie
91-104,Łódź,Łódź,Łódź,łódzkie
93-242,Łódź,Łódź,Łódź,łódzkie
93-429,Łódź,Łódź,Łódź,łódzkie
93-340,Łódź,Łódź,Łódź,łódzkie
93-617,Łódź,Łódź,Łódź,łódzkie
93-618,Łódź,Łódź,Łódź,łódzkie
93-431,Łódź,Łódź,Łódź,łódzkie
92-437,Łódź,Łódź,Łódź,łódzkie
93-413,Łódź,Łódź,Łódź,łódzkie
91-536,Łódź,Łódź,Łódź,łódzkie
93-469,Łódź,Łódź,Łódź,łódzkie
91-470,Łódź,Łódź,Łódź,łódzkie
92-402,Łódź,Łódź,Łódź,łódzkie
93-460,Łódź,Łódź,Łódź,łódzkie
93-403,Łódź,Łódź,Łódź,łódzkie
91-858,Łódź,Łódź,Łódź,łódzkie
93-232,Łódź,Łódź,Łódź,łódzkie
93-322,Łódź,Łódź,Łódź,łódzkie
93-564,Łódź,Łódź,Łódź,łódzkie
93-465,Łódź,Łódź,Łódź,łódzkie
94-248,Łódź,Łódź,Łódź,łódzkie
92-321,Łódź,Łódź,Łódź,łódzkie
94-317,Łódź,Łódź,Łódź,łódzkie
91-519,Łódź,Łódź,Łódź,łódzkie
93-646,Łódź,Łódź,Łódź,łódzkie
92-340,Łódź,Łódź,Łódź,łódzkie
93-534,Łódź,Łódź,Łódź,łódzkie
92-617,Łódź,Łódź,Łódź,łódzkie
94-236,Łódź,Łódź,Łódź,łódzkie
94-333,Łódź,Łódź,Łódź,łódzkie
94-404,Łódź,Łódź,Łódź,łódzkie
93-552,Łódź,Łódź,Łódź,łódzkie
93-238,Łódź,Łódź,Łódź,łódzkie
94-124,Łódź,Łódź,Łódź,łódzkie
91-431,Łódź,Łódź,Łódź,łódzkie
91-438,Łódź,Łódź,Łódź,łódzkie
94-129,Łódź,Łódź,Łódź,łódzkie
93-492,Łódź,Łódź,Łódź,łódzkie
92-416,Łódź,Łódź,Łódź,łódzkie
92-445,Łódź,Łódź,Łódź,łódzkie
92-635,Łódź,Łódź,Łódź,łódzkie
94-247,Łódź,Łódź,Łódź,łódzkie
91-529,Łódź,Łódź,Łódź,łódzkie
91-480,Łódź,Łódź,Łódź,łódzkie
91-747,Łódź,Łódź,Łódź,łódzkie
91-761,Łódź,Łódź,Łódź,łódzkie
91-704,Łódź,Łódź,Łódź,łódzkie
91-764,Łódź,Łódź,Łódź,łódzkie
91-703,Łódź,Łódź,Łódź,łódzkie
91-709,Łódź,Łódź,Łódź,łódzkie
91-717,Łódź,Łódź,Łódź,łódzkie
93-563,Łódź,Łódź,Łódź,łódzkie
92-738,Łódź,Łódź,Łódź,łódzkie
94-032,Łódź,Łódź,Łódź,łódzkie
94-035,Łódź,Łódź,Łódź,łódzkie
94-040,Łódź,Łódź,Łódź,łódzkie
94-112,Łódź,Łódź,Łódź,łódzkie
91-745,Łódź,Łódź,Łódź,łódzkie
93-162,Łódź,Łódź,Łódź,łódzkie
93-142,Łódź,Łódź,Łódź,łódzkie
93-267,Łódź,Łódź,Łódź,łódzkie
93-258,Łódź,Łódź,Łódź,łódzkie
93-264,Łódź,Łódź,Łódź,łódzkie
93-253,Łódź,Łódź,Łódź,łódzkie
93-619,Łódź,Łódź,Łódź,łódzkie
93-620,Łódź,Łódź,Łódź,łódzkie
93-621,Łódź,Łódź,Łódź,łódzkie
93-308,Łódź,Łódź,Łódź,łódzkie
94-212,Łódź,Łódź,Łódź,łódzkie
93-640,Łódź,Łódź,Łódź,łódzkie
91-849,Łódź,Łódź,Łódź,łódzkie
91-341,Łódź,Łódź,Łódź,łódzkie
91-183,Łódź,Łódź,Łódź,łódzkie
94-313,Łódź,Łódź,Łódź,łódzkie
94-223,Łódź,Łódź,Łódź,łódzkie
93-549,Łódź,Łódź,Łódź,łódzkie
93-435,Łódź,Łódź,Łódź,łódzkie
93-219,Łódź,Łódź,Łódź,łódzkie
91-495,Łódź,Łódź,Łódź,łódzkie
91-739,Łódź,Łódź,Łódź,łódzkie
92-103,Łódź,Łódź,Łódź,łódzkie
92-111,Łódź,Łódź,Łódź,łódzkie
92-118,Łódź,Łódź,Łódź,łódzkie
92-703,Łódź,Łódź,Łódź,łódzkie
92-776,Łódź,Łódź,Łódź,łódzkie
90-303,Łódź,Łódź,Łódź,łódzkie
93-101,Łódź,Łódź,Łódź,łódzkie
91-315,Łódź,Łódź,Łódź,łódzkie
91-321,Łódź,Łódź,Łódź,łódzkie
91-324,Łódź,Łódź,Łódź,łódzkie
91-347,Łódź,Łódź,Łódź,łódzkie
93-356,Łódź,Łódź,Łódź,łódzkie
93-430,Łódź,Łódź,Łódź,łódzkie
93-362,Łódź,Łódź,Łódź,łódzkie
93-478,Łódź,Łódź,Łódź,łódzkie
94-109,Łódź,Łódź,Łódź,łódzkie
91-036,Łódź,Łódź,Łódź,łódzkie
91-728,Łódź,Łódź,Łódź,łódzkie
92-770,Łódź,Łódź,Łódź,łódzkie
91-527,Łódź,Łódź,Łódź,łódzkie
91-867,Łódź,Łódź,Łódź,łódzkie
91-164,Łódź,Łódź,Łódź,łódzkie
91-488,Łódź,Łódź,Łódź,łódzkie
91-129,Łódź,Łódź,Łódź,łódzkie
93-346,Łódź,Łódź,Łódź,łódzkie
94-263,Łódź,Łódź,Łódź,łódzkie
91-859,Łódź,Łódź,Łódź,łódzkie
91-601,Łódź,Łódź,Łódź,łódzkie
91-503,Łódź,Łódź,Łódź,łódzkie
91-202,Łódź,Łódź,Łódź,łódzkie
93-547,Łódź,Łódź,Łódź,łódzkie
93-473,Łódź,Łódź,Łódź,łódzkie
92-751,Łódź,Łódź,Łódź,łódzkie
93-139,Łódź,Łódź,Łódź,łódzkie
93-119,Łódź,Łódź,Łódź,łódzkie
91-168,Łódź,Łódź,Łódź,łódzkie
91-221,Łódź,Łódź,Łódź,łódzkie
93-239,Łódź,Łódź,Łódź,łódzkie
91-432,Łódź,Łódź,Łódź,łódzkie
93-330,Łódź,Łódź,Łódź,łódzkie
94-307,Łódź,Łódź,Łódź,łódzkie
92-625,Łódź,Łódź,Łódź,łódzkie
92-515,Łódź,Łódź,Łódź,łódzkie
92-018,Łódź,Łódź,Łódź,łódzkie
91-230,Łódź,Łódź,Łódź,łódzkie
94-028,Łódź,Łódź,Łódź,łódzkie
93-228,Łódź,Łódź,Łódź,łódzkie
91-458,Łódź,Łódź,Łódź,łódzkie
93-313,Łódź,Łódź,Łódź,łódzkie
93-328,Łódź,Łódź,Łódź,łódzkie
91-464,Łódź,Łódź,Łódź,łódzkie
91-718,Łódź,Łódź,Łódź,łódzkie
93-531,Łódź,Łódź,Łódź,łódzkie
93-633,Łódź,Łódź,Łódź,łódzkie
92-309,Łódź,Łódź,Łódź,łódzkie
93-459,Łódź,Łódź,Łódź,łódzkie
91-189,Łódź,Łódź,Łódź,łódzkie
91-050,Łódź,Łódź,Łódź,łódzkie
93-438,Łódź,Łódź,Łódź,łódzkie
94-241,Łódź,Łódź,Łódź,łódzkie
91-088,Łódź,Łódź,Łódź,łódzkie
93-631,Łódź,Łódź,Łódź,łódzkie
91-308,Łódź,Łódź,Łódź,łódzkie
93-504,Łódź,Łódź,Łódź,łódzkie
93-559,Łódź,Łódź,Łódź,łódzkie
93-505,Łódź,Łódź,Łódź,łódzkie
93-554,Łódź,Łódź,Łódź,łódzkie
93-510,Łódź,Łódź,Łódź,łódzkie
91-068,Łódź,Łódź,Łódź,łódzkie
93-323,Łódź,Łódź,Łódź,łódzkie
94-221,Łódź,Łódź,Łódź,łódzkie
94-132,Łódź,Łódź,Łódź,łódzkie
92-447,Łódź,Łódź,Łódź,łódzkie
91-603,Łódź,Łódź,Łódź,łódzkie
92-729,Łódź,Łódź,Łódź,łódzkie
91-605,Łódź,Łódź,Łódź,łódzkie
91-866,Łódź,Łódź,Łódź,łódzkie
93-464,Łódź,Łódź,Łódź,łódzkie
93-649,Łódź,Łódź,Łódź,łódzkie
91-511,Łódź,Łódź,Łódź,łódzkie
91-844,Łódź,Łódź,Łódź,łódzkie
91-013,Łódź,Łódź,Łódź,łódzkie
91-493,Łódź,Łódź,Łódź,łódzkie
92-116,Łódź,Łódź,Łódź,łódzkie
92-216,Łódź,Łódź,Łódź,łódzkie
92-232,Łódź,Łódź,Łódź,łódzkie
91-738,Łódź,Łódź,Łódź,łódzkie
92-538,Łódź,Łódź,Łódź,łódzkie
92-543,Łódź,Łódź,Łódź,łódzkie
92-539,Łódź,Łódź,Łódź,łódzkie
92-544,Łódź,Łódź,Łódź,łódzkie
92-545,Łódź,Łódź,Łódź,łódzkie
93-349,Łódź,Łódź,Łódź,łódzkie
93-005,Łódź,Łódź,Łódź,łódzkie
94-117,Łódź,Łódź,Łódź,łódzkie
93-121,Łódź,Łódź,Łódź,łódzkie
93-115,Łódź,Łódź,Łódź,łódzkie
93-480,Łódź,Łódź,Łódź,łódzkie
94-217,Łódź,Łódź,Łódź,łódzkie
94-225,Łódź,Łódź,Łódź,łódzkie
93-648,Łódź,Łódź,Łódź,łódzkie
92-017,Łódź,Łódź,Łódź,łódzkie
94-240,Łódź,Łódź,Łódź,łódzkie
93-359,Łódź,Łódź,Łódź,łódzkie
93-302,Łódź,Łódź,Łódź,łódzkie
92-508,Łódź,Łódź,Łódź,łódzkie
93-348,Łódź,Łódź,Łódź,łódzkie
91-864,Łódź,Łódź,Łódź,łódzkie
94-208,Łódź,Łódź,Łódź,łódzkie
93-415,Łódź,Łódź,Łódź,łódzkie
90-249,Łódź,Łódź,Łódź,łódzkie
90-921,Łódź,Łódź,Łódź,łódzkie
93-173,Łódź,Łódź,Łódź,łódzkie
93-137,Łódź,Łódź,Łódź,łódzkie
93-177,Łódź,Łódź,Łódź,łódzkie
93-277,Łódź,Łódź,Łódź,łódzkie
93-208,Łódź,Łódź,Łódź,łódzkie
93-271,Łódź,Łódź,Łódź,łódzkie
93-231,Łódź,Łódź,Łódź,łódzkie
93-202,Łódź,Łódź,Łódź,łódzkie
90-149,Łódź,Łódź,Łódź,łódzkie
94-246,Łódź,Łódź,Łódź,łódzkie
93-217,Łódź,Łódź,Łódź,łódzkie
94-332,Łódź,Łódź,Łódź,łódzkie
91-110,Łódź,Łódź,Łódź,łódzkie
93-467,Łódź,Łódź,Łódź,łódzkie
94-110,Łódź,Łódź,Łódź,łódzkie
93-203,Łódź,Łódź,Łódź,łódzkie
94-271,Łódź,Łódź,Łódź,łódzkie
93-410,Łódź,Łódź,Łódź,łódzkie
93-102,Łódź,Łódź,Łódź,łódzkie
92-006,Łódź,Łódź,Łódź,łódzkie
93-446,Łódź,Łódź,Łódź,łódzkie
91-076,Łódź,Łódź,Łódź,łódzkie
91-079,Łódź,Łódź,Łódź,łódzkie
91-083,Łódź,Łódź,Łódź,łódzkie
91-030,Łódź,Łódź,Łódź,łódzkie
92-430,Łódź,Łódź,Łódź,łódzkie
91-404,Łódź,Łódź,Łódź,łódzkie
93-113,Łódź,Łódź,Łódź,łódzkie
90-030,Łódź,Łódź,Łódź,łódzkie
92-626,Łódź,Łódź,Łódź,łódzkie
93-486,Łódź,Łódź,Łódź,łódzkie
93-442,Łódź,Łódź,Łódź,łódzkie
94-111,Łódź,Łódź,Łódź,łódzkie
91-463,Łódź,Łódź,Łódź,łódzkie
91-455,Łódź,Łódź,Łódź,łódzkie
91-727,Łódź,Łódź,Łódź,łódzkie
92-615,Łódź,Łódź,Łódź,łódzkie
92-407,Łódź,Łódź,Łódź,łódzkie
93-140,Łódź,Łódź,Łódź,łódzkie
93-029,Łódź,Łódź,Łódź,łódzkie
92-507,Łódź,Łódź,Łódź,łódzkie
90-019,Łódź,Łódź,Łódź,łódzkie
94-279,Łódź,Łódź,Łódź,łódzkie
91-002,Łódź,Łódź,Łódź,łódzkie
91-008,Łódź,Łódź,Łódź,łódzkie
91-085,Łódź,Łódź,Łódź,łódzkie
94-209,Łódź,Łódź,Łódź,łódzkie
91-171,Łódź,Łódź,Łódź,łódzkie
91-311,Łódź,Łódź,Łódź,łódzkie
94-226,Łódź,Łódź,Łódź,łódzkie
93-491,Łódź,Łódź,Łódź,łódzkie
93-474,Łódź,Łódź,Łódź,łódzkie
92-008,Łódź,Łódź,Łódź,łódzkie
92-623,Łódź,Łódź,Łódź,łódzkie
91-204,Łódź,Łódź,Łódź,łódzkie
91-210,Łódź,Łódź,Łódź,łódzkie
91-736,Łódź,Łódź,Łódź,łódzkie
92-636,Łódź,Łódź,Łódź,łódzkie
91-169,Łódź,Łódź,Łódź,łódzkie
94-280,Łódź,Łódź,Łódź,łódzkie
92-784,Łódź,Łódź,Łódź,łódzkie
93-524,Łódź,Łódź,Łódź,łódzkie
94-237,Łódź,Łódź,Łódź,łódzkie
93-451,Łódź,Łódź,Łódź,łódzkie
94-327,Łódź,Łódź,Łódź,łódzkie
92-311,Łódź,Łódź,Łódź,łódzkie
91-459,Łódź,Łódź,Łódź,łódzkie
93-419,Łódź,Łódź,Łódź,łódzkie
93-414,Łódź,Łódź,Łódź,łódzkie
90-155,Łódź,Łódź,Łódź,łódzkie
92-229,Łódź,Łódź,Łódź,łódzkie
93-249,Łódź,Łódź,Łódź,łódzkie
91-613,Łódź,Łódź,Łódź,łódzkie
93-426,Łódź,Łódź,Łódź,łódzkie
92-204,Łódź,Łódź,Łódź,łódzkie
94-103,Łódź,Łódź,Łódź,łódzkie
93-482,Łódź,Łódź,Łódź,łódzkie
92-504,Łódź,Łódź,Łódź,łódzkie
93-586,Łódź,Łódź,Łódź,łódzkie
93-623,Łódź,Łódź,Łódź,łódzkie
93-494,Łódź,Łódź,Łódź,łódzkie
90-325,Łódź,Łódź,Łódź,łódzkie
90-326,Łódź,Łódź,Łódź,łódzkie
90-344,Łódź,Łódź,Łódź,łódzkie
90-331,Łódź,Łódź,Łódź,łódzkie
90-341,Łódź,Łódź,Łódź,łódzkie
94-115,Łódź,Łódź,Łódź,łódzkie
93-424,Łódź,Łódź,Łódź,łódzkie
92-312,Łódź,Łódź,Łódź,łódzkie
93-338,Łódź,Łódź,Łódź,łódzkie
92-637,Łódź,Łódź,Łódź,łódzkie
93-434,Łódź,Łódź,Łódź,łódzkie
93-252,Łódź,Łódź,Łódź,łódzkie
93-247,Łódź,Łódź,Łódź,łódzkie
93-582,Łódź,Łódź,Łódź,łódzkie
91-219,Łódź,Łódź,Łódź,łódzkie
94-245,Łódź,Łódź,Łódź,łódzkie
94-216,Łódź,Łódź,Łódź,łódzkie
94-319,Łódź,Łódź,Łódź,łódzkie
93-405,Łódź,Łódź,Łódź,łódzkie
94-222,Łódź,Łódź,Łódź,łódzkie
91-450,Łódź,Łódź,Łódź,łódzkie
94-042,Łódź,Łódź,Łódź,łódzkie
91-010,Łódź,Łódź,Łódź,łódzkie
91-186,Łódź,Łódź,Łódź,łódzkie
91-487,Łódź,Łódź,Łódź,łódzkie
93-425,Łódź,Łódź,Łódź,łódzkie
91-433,Łódź,Łódź,Łódź,łódzkie
91-441,Łódź,Łódź,Łódź,łódzkie
91-815,Łódź,Łódź,Łódź,łódzkie
91-825,Łódź,Łódź,Łódź,łódzkie
91-837,Łódź,Łódź,Łódź,łódzkie
91-838,Łódź,Łódź,Łódź,łódzkie
91-845,Łódź,Łódź,Łódź,łódzkie
91-852,Łódź,Łódź,Łódź,łódzkie
91-336,Łódź,Łódź,Łódź,łódzkie
92-741,Łódź,Łódź,Łódź,łódzkie
93-373,Łódź,Łódź,Łódź,łódzkie
91-522,Łódź,Łódź,Łódź,łódzkie
92-610,Łódź,Łódź,Łódź,łódzkie
93-536,Łódź,Łódź,Łódź,łódzkie
92-624,Łódź,Łódź,Łódź,łódzkie
93-259,Łódź,Łódź,Łódź,łódzkie
91-012,Łódź,Łódź,Łódź,łódzkie
91-015,Łódź,Łódź,Łódź,łódzkie
94-224,Łódź,Łódź,Łódź,łódzkie
92-015,Łódź,Łódź,Łódź,łódzkie
91-066,Łódź,Łódź,Łódź,łódzkie
90-707,Łódź,Łódź,Łódź,łódzkie
90-706,Łódź,Łódź,Łódź,łódzkie
90-716,Łódź,Łódź,Łódź,łódzkie
90-715,Łódź,Łódź,Łódź,łódzkie
90-730,Łódź,Łódź,Łódź,łódzkie
90-734,Łódź,Łódź,Łódź,łódzkie
90-729,Łódź,Łódź,Łódź,łódzkie
90-601,Łódź,Łódź,Łódź,łódzkie
90-612,Łódź,Łódź,Łódź,łódzkie
90-602,Łódź,Łódź,Łódź,łódzkie
90-613,Łódź,Łódź,Łódź,łódzkie
90-508,Łódź,Łódź,Łódź,łódzkie
90-507,Łódź,Łódź,Łódź,łódzkie
90-520,Łódź,Łódź,Łódź,łódzkie
90-519,Łódź,Łódź,Łódź,łódzkie
90-536,Łódź,Łódź,Łódź,łódzkie
91-349,Łódź,Łódź,Łódź,łódzkie
91-345,Łódź,Łódź,Łódź,łódzkie
91-167,Łódź,Łódź,Łódź,łódzkie
92-739,Łódź,Łódź,Łódź,łódzkie
91-457,Łódź,Łódź,Łódź,łódzkie
92-002,Łódź,Łódź,Łódź,łódzkie
94-406,Łódź,Łódź,Łódź,łódzkie
94-128,Łódź,Łódź,Łódź,łódzkie
92-613,Łódź,Łódź,Łódź,łódzkie
93-378,Łódź,Łódź,Łódź,łódzkie
93-452,Łódź,Łódź,Łódź,łódzkie
92-331,Łódź,Łódź,Łódź,łódzkie
91-479,Łódź,Łódź,Łódź,łódzkie
91-734,Łódź,Łódź,Łódź,łódzkie
91-318,Łódź,Łódź,Łódź,łódzkie
92-622,Łódź,Łódź,Łódź,łódzkie
91-048,Łódź,Łódź,Łódź,łódzkie
93-427,Łódź,Łódź,Łódź,łódzkie
92-513,Łódź,Łódź,Łódź,łódzkie
90-340,Łódź,Łódź,Łódź,łódzkie
93-352,Łódź,Łódź,Łódź,łódzkie
93-453,Łódź,Łódź,Łódź,łódzkie
92-737,Łódź,Łódź,Łódź,łódzkie
93-335,Łódź,Łódź,Łódź,łódzkie
93-645,Łódź,Łódź,Łódź,łódzkie
92-723,Łódź,Łódź,Łódź,łódzkie
91-080,Łódź,Łódź,Łódź,łódzkie
91-848,Łódź,Łódź,Łódź,łódzkie
91-765,Łódź,Łódź,Łódź,łódzkie
91-705,Łódź,Łódź,Łódź,łódzkie
92-114,Łódź,Łódź,Łódź,łódzkie
91-149,Łódź,Łódź,Łódź,łódzkie
91-140,Łódź,Łódź,Łódź,łódzkie
92-780,Łódź,Łódź,Łódź,łódzkie
93-105,Łódź,Łódź,Łódź,łódzkie
91-054,Łódź,Łódź,Łódź,łódzkie
93-428,Łódź,Łódź,Łódź,łódzkie
92-101,Łódź,Łódź,Łódź,łódzkie
93-521,Łódź,Łódź,Łódź,łódzkie
93-309,Łódź,Łódź,Łódź,łódzkie
91-181,Łódź,Łódź,Łódź,łódzkie
94-267,Łódź,Łódź,Łódź,łódzkie
94-016,Łódź,Łódź,Łódź,łódzkie
94-010,Łódź,Łódź,Łódź,łódzkie
92-226,Łódź,Łódź,Łódź,łódzkie
92-639,Łódź,Łódź,Łódź,łódzkie
94-286,Łódź,Łódź,Łódź,łódzkie
91-342,Łódź,Łódź,Łódź,łódzkie
91-225,Łódź,Łódź,Łódź,łódzkie
91-335,Łódź,Łódź,Łódź,łódzkie
91-337,Łódź,Łódź,Łódź,łódzkie
91-363,Łódź,Łódź,Łódź,łódzkie
94-243,Łódź,Łódź,Łódź,łódzkie
92-714,Łódź,Łódź,Łódź,łódzkie
94-306,Łódź,Łódź,Łódź,łódzkie
92-616,Łódź,Łódź,Łódź,łódzkie
94-011,Łódź,Łódź,Łódź,łódzkie
90-647,Łódź,Łódź,Łódź,łódzkie
91-710,Łódź,Łódź,Łódź,łódzkie
91-144,Łódź,Łódź,Łódź,łódzkie
92-121,Łódź,Łódź,Łódź,łódzkie
90-128,Łódź,Łódź,Łódź,łódzkie
92-502,Łódź,Łódź,Łódź,łódzkie
94-266,Łódź,Łódź,Łódź,łódzkie
91-366,Łódź,Łódź,Łódź,łódzkie
93-026,Łódź,Łódź,Łódź,łódzkie
92-705,Łódź,Łódź,Łódź,łódzkie
94-049,Łódź,Łódź,Łódź,łódzkie
91-231,Łódź,Łódź,Łódź,łódzkie
92-736,Łódź,Łódź,Łódź,łódzkie
90-111,Łódź,Łódź,Łódź,łódzkie
94-048,Łódź,Łódź,Łódź,łódzkie
94-107,Łódź,Łódź,Łódź,łódzkie
94-233,Łódź,Łódź,Łódź,łódzkie
94-412,Łódź,Łódź,Łódź,łódzkie
92-619,Łódź,Łódź,Łódź,łódzkie
92-410,Łódź,Łódź,Łódź,łódzkie
91-020,Łódź,Łódź,Łódź,łódzkie
91-033,Łódź,Łódź,Łódź,łódzkie
94-252,Łódź,Łódź,Łódź,łódzkie
93-569,Łódź,Łódź,Łódź,łódzkie
93-327,Łódź,Łódź,Łódź,łódzkie
93-244,Łódź,Łódź,Łódź,łódzkie
92-107,Łódź,Łódź,Łódź,łódzkie
91-362,Łódź,Łódź,Łódź,łódzkie
92-439,Łódź,Łódź,Łódź,łódzkie
94-316,Łódź,Łódź,Łódź,łódzkie
91-430,Łódź,Łódź,Łódź,łódzkie
91-350,Łódź,Łódź,Łódź,łódzkie
91-534,Łódź,Łódź,Łódź,łódzkie
93-570,Łódź,Łódź,Łódź,łódzkie
92-014,Łódź,Łódź,Łódź,łódzkie
92-102,Łódź,Łódź,Łódź,łódzkie
92-108,Łódź,Łódź,Łódź,łódzkie
92-419,Łódź,Łódź,Łódź,łódzkie
90-264,Łódź,Łódź,Łódź,łódzkie
90-268,Łódź,Łódź,Łódź,łódzkie
90-261,Łódź,Łódź,Łódź,łódzkie
90-262,Łódź,Łódź,Łódź,łódzkie
90-259,Łódź,Łódź,Łódź,łódzkie
90-252,Łódź,Łódź,Łódź,łódzkie
90-251,Łódź,Łódź,Łódź,łódzkie
90-243,Łódź,Łódź,Łódź,łódzkie
90-244,Łódź,Łódź,Łódź,łódzkie
90-231,Łódź,Łódź,Łódź,łódzkie
91-486,Łódź,Łódź,Łódź,łódzkie
93-562,Łódź,Łódź,Łódź,łódzkie
91-512,Łódź,Łódź,Łódź,łódzkie
91-176,Łódź,Łódź,Łódź,łódzkie
92-711,Łódź,Łódź,Łódź,łódzkie
94-261,Łódź,Łódź,Łódź,łódzkie
93-636,Łódź,Łódź,Łódź,łódzkie
94-202,Łódź,Łódź,Łódź,łódzkie
92-007,Łódź,Łódź,Łódź,łódzkie
91-830,Łódź,Łódź,Łódź,łódzkie
92-207,Łódź,Łódź,Łódź,łódzkie
92-235,Łódź,Łódź,Łódź,łódzkie
93-614,Łódź,Łódź,Łódź,łódzkie
93-615,Łódź,Łódź,Łódź,łódzkie
90-434,Łódź,Łódź,Łódź,łódzkie
91-134,Łódź,Łódź,Łódź,łódzkie
92-436,Łódź,Łódź,Łódź,łódzkie
92-306,Łódź,Łódź,Łódź,łódzkie
93-377,Łódź,Łódź,Łódź,łódzkie
91-214,Łódź,Łódź,Łódź,łódzkie
92-408,Łódź,Łódź,Łódź,łódzkie
91-188,Łódź,Łódź,Łódź,łódzkie
94-324,Łódź,Łódź,Łódź,łódzkie
93-263,Łódź,Łódź,Łódź,łódzkie
93-248,Łódź,Łódź,Łódź,łódzkie
93-254,Łódź,Łódź,Łódź,łódzkie
94-022,Łódź,Łódź,Łódź,łódzkie
91-843,Łódź,Łódź,Łódź,łódzkie
91-348,Łódź,Łódź,Łódź,łódzkie
93-643,Łódź,Łódź,Łódź,łódzkie
93-130,Łódź,Łódź,Łódź,łódzkie
91-427,Łódź,Łódź,Łódź,łódzkie
90-229,Łódź,Łódź,Łódź,łódzkie
90-220,Łódź,Łódź,Łódź,łódzkie
90-219,Łódź,Łódź,Łódź,łódzkie
90-241,Łódź,Łódź,Łódź,łódzkie
94-264,Łódź,Łódź,Łódź,łódzkie
94-273,Łódź,Łódź,Łódź,łódzkie
91-478,Łódź,Łódź,Łódź,łódzkie
90-560,Łódź,Łódź,Łódź,łódzkie
90-561,Łódź,Łódź,Łódź,łódzkie
94-023,Łódź,Łódź,Łódź,łódzkie
93-539,Łódź,Łódź,Łódź,łódzkie
93-155,Łódź,Łódź,Łódź,łódzkie
91-071,Łódź,Łódź,Łódź,łódzkie
92-781,Łódź,Łódź,Łódź,łódzkie
91-078,Łódź,Łódź,Łódź,łódzkie
91-017,Łódź,Łódź,Łódź,łódzkie
91-865,Łódź,Łódź,Łódź,łódzkie
90-457,Łódź,Łódź,Łódź,łódzkie
94-260,Łódź,Łódź,Łódź,łódzkie
92-237,Łódź,Łódź,Łódź,łódzkie
92-638,Łódź,Łódź,Łódź,łódzkie
92-104,Łódź,Łódź,Łódź,łódzkie
92-431,Łódź,Łódź,Łódź,łódzkie
92-117,Łódź,Łódź,Łódź,łódzkie
91-421,Łódź,Łódź,Łódź,łódzkie
90-209,Łódź,Łódź,Łódź,łódzkie
90-205,Łódź,Łódź,Łódź,łódzkie
90-253,Łódź,Łódź,Łódź,łódzkie
90-208,Łódź,Łódź,Łódź,łódzkie
90-256,Łódź,Łódź,Łódź,łódzkie
90-257,Łódź,Łódź,Łódź,łódzkie
90-258,Łódź,Łódź,Łódź,łódzkie
90-118,Łódź,Łódź,Łódź,łódzkie
90-119,Łódź,Łódź,Łódź,łódzkie
90-012,Łódź,Łódź,Łódź,łódzkie
90-011,Łódź,Łódź,Łódź,łódzkie
90-013,Łódź,Łódź,Łódź,łódzkie
90-049,Łódź,Łódź,Łódź,łódzkie
90-316,Łódź,Łódź,Łódź,łódzkie
90-315,Łódź,Łódź,Łódź,łódzkie
90-322,Łódź,Łódź,Łódź,łódzkie
90-353,Łódź,Łódź,Łódź,łódzkie
90-354,Łódź,Łódź,Łódź,łódzkie
90-348,Łódź,Łódź,Łódź,łódzkie
93-106,Łódź,Łódź,Łódź,łódzkie
93-124,Łódź,Łódź,Łódź,łódzkie
93-133,Łódź,Łódź,Łódź,łódzkie
93-138,Łódź,Łódź,Łódź,łódzkie
93-160,Łódź,Łódź,Łódź,łódzkie
93-150,Łódź,Łódź,Łódź,łódzkie
93-156,Łódź,Łódź,Łódź,łódzkie
94-330,Łódź,Łódź,Łódź,łódzkie
91-117,Łódź,Łódź,Łódź,łódzkie
93-331,Łódź,Łódź,Łódź,łódzkie
91-510,Łódź,Łódź,Łódź,łódzkie
92-777,Łódź,Łódź,Łódź,łódzkie
91-615,Łódź,Łódź,Łódź,łódzkie
91-039,Łódź,Łódź,Łódź,łódzkie
91-609,Łódź,Łódź,Łódź,łódzkie
92-433,Łódź,Łódź,Łódź,łódzkie
90-129,Łódź,Łódź,Łódź,łódzkie
91-528,Łódź,Łódź,Łódź,łódzkie
91-469,Łódź,Łódź,Łódź,łódzkie
92-772,Łódź,Łódź,Łódź,łódzkie
94-131,Łódź,Łódź,Łódź,łódzkie
94-125,Łódź,Łódź,Łódź,łódzkie
93-276,Łódź,Łódź,Łódź,łódzkie
91-810,Łódź,Łódź,Łódź,łódzkie
92-648,Łódź,Łódź,Łódź,łódzkie
93-610,Łódź,Łódź,Łódź,łódzkie
93-611,Łódź,Łódź,Łódź,łódzkie
93-612,Łódź,Łódź,Łódź,łódzkie
93-613,Łódź,Łódź,Łódź,łódzkie
93-642,Łódź,Łódź,Łódź,łódzkie
93-647,Łódź,Łódź,Łódź,łódzkie
94-116,Łódź,Łódź,Łódź,łódzkie
93-553,Łódź,Łódź,Łódź,łódzkie
91-310,Łódź,Łódź,Łódź,łódzkie
91-166,Łódź,Łódź,Łódź,łódzkie
91-806,Łódź,Łódź,Łódź,łódzkie
90-007,Łódź,Łódź,Łódź,łódzkie
94-134,Łódź,Łódź,Łódź,łódzkie
91-177,Łódź,Łódź,Łódź,łódzkie
93-376,Łódź,Łódź,Łódź,łódzkie
91-356,Łódź,Łódź,Łódź,łódzkie
93-447,Łódź,Łódź,Łódź,łódzkie
93-329,Łódź,Łódź,Łódź,łódzkie
93-236,Łódź,Łódź,Łódź,łódzkie
91-440,Łódź,Łódź,Łódź,łódzkie
94-303,Łódź,Łódź,Łódź,łódzkie
94-311,Łódź,Łódź,Łódź,łódzkie
90-150,Łódź,Łódź,Łódź,łódzkie
92-203,Łódź,Łódź,Łódź,łódzkie
90-242,Łódź,Łódź,Łódź,łódzkie
90-232,Łódź,Łódź,Łódź,łódzkie
90-153,Łódź,Łódź,Łódź,łódzkie
90-154,Łódź,Łódź,Łódź,łódzkie
90-142,Łódź,Łódź,Łódź,łódzkie
90-143,Łódź,Łódź,Łódź,łódzkie
90-032,Łódź,Łódź,Łódź,łódzkie
90-033,Łódź,Łódź,Łódź,łódzkie
90-509,Łódź,Łódź,Łódź,łódzkie
90-503,Łódź,Łódź,Łódź,łódzkie
90-545,Łódź,Łódź,Łódź,łódzkie
90-552,Łódź,Łódź,Łódź,łódzkie
90-553,Łódź,Łódź,Łódź,łódzkie
92-549,Łódź,Łódź,Łódź,łódzkie
91-533,Łódź,Łódź,Łódź,łódzkie
92-432,Łódź,Łódź,Łódź,łódzkie
94-403,Łódź,Łódź,Łódź,łódzkie
94-120,Łódź,Łódź,Łódź,łódzkie
92-719,Łódź,Łódź,Łódź,łódzkie
93-025,Łódź,Łódź,Łódź,łódzkie
93-213,Łódź,Łódź,Łódź,łódzkie
93-209,Łódź,Łódź,Łódź,łódzkie
93-320,Łódź,Łódź,Łódź,łódzkie
93-357,Łódź,Łódź,Łódź,łódzkie
93-458,Łódź,Łódź,Łódź,łódzkie
91-444,Łódź,Łódź,Łódź,łódzkie
91-437,Łódź,Łódź,Łódź,łódzkie
91-163,Łódź,Łódź,Łódź,łódzkie
92-427,Łódź,Łódź,Łódź,łódzkie
93-241,Łódź,Łódź,Łódź,łódzkie
94-017,Łódź,Łódź,Łódź,łódzkie
92-608,Łódź,Łódź,Łódź,łódzkie
91-233,Łódź,Łódź,Łódź,łódzkie
93-360,Łódź,Łódź,Łódź,łódzkie
94-012,Łódź,Łódź,Łódź,łódzkie
94-302,Łódź,Łódź,Łódź,łódzkie
94-214,Łódź,Łódź,Łódź,łódzkie
93-515,Łódź,Łódź,Łódź,łódzkie
94-305,Łódź,Łódź,Łódź,łódzkie
93-015,Łódź,Łódź,Łódź,łódzkie
93-161,Łódź,Łódź,Łódź,łódzkie
92-220,Łódź,Łódź,Łódź,łódzkie
93-144,Łódź,Łódź,Łódź,łódzkie
91-035,Łódź,Łódź,Łódź,łódzkie
94-039,Łódź,Łódź,Łódź,łódzkie
94-113,Łódź,Łódź,Łódź,łódzkie
93-319,Łódź,Łódź,Łódź,łódzkie
91-058,Łódź,Łódź,Łódź,łódzkie
93-185,Łódź,Łódź,Łódź,łódzkie
91-042,Łódź,Łódź,Łódź,łódzkie
94-030,Łódź,Łódź,Łódź,łódzkie
92-122,Łódź,Łódź,Łódź,łódzkie
93-402,Łódź,Łódź,Łódź,łódzkie
93-450,Łódź,Łódź,Łódź,łódzkie
92-442,Łódź,Łódź,Łódź,łódzkie
90-345,Łódź,Łódź,Łódź,łódzkie
94-119,Łódź,Łódź,Łódź,łódzkie
94-326,Łódź,Łódź,Łódź,łódzkie
94-004,Łódź,Łódź,Łódź,łódzkie
94-054,Łódź,Łódź,Łódź,łódzkie
91-043,Łódź,Łódź,Łódź,łódzkie
91-016,Łódź,Łódź,Łódź,łódzkie
94-227,Łódź,Łódź,Łódź,łódzkie
94-238,Łódź,Łódź,Łódź,łódzkie
91-334,Łódź,Łódź,Łódź,łódzkie
93-345,Łódź,Łódź,Łódź,łódzkie
93-361,Łódź,Łódź,Łódź,łódzkie
94-407,Łódź,Łódź,Łódź,łódzkie
94-244,Łódź,Łódź,Łódź,łódzkie
91-165,Łódź,Łódź,Łódź,łódzkie
91-364,Łódź,Łódź,Łódź,łódzkie
91-063,Łódź,Łódź,Łódź,łódzkie
90-401,Łódź,Łódź,Łódź,łódzkie
91-069,Łódź,Łódź,Łódź,łódzkie
90-701,Łódź,Łódź,Łódź,łódzkie
90-702,Łódź,Łódź,Łódź,łódzkie
90-703,Łódź,Łódź,Łódź,łódzkie
91-070,Łódź,Łódź,Łódź,łódzkie
90-762,Łódź,Łódź,Łódź,łódzkie
90-763,Łódź,Łódź,Łódź,łódzkie
90-764,Łódź,Łódź,Łódź,łódzkie
91-073,Łódź,Łódź,Łódź,łódzkie
94-234,Łódź,Łódź,Łódź,łódzkie
93-166,Łódź,Łódź,Łódź,łódzkie
93-143,Łódź,Łódź,Łódź,łódzkie
92-512,Łódź,Łódź,Łódź,łódzkie
93-441,Łódź,Łódź,Łódź,łódzkie
92-645,Łódź,Łódź,Łódź,łódzkie
92-314,Łódź,Łódź,Łódź,łódzkie
92-227,Łódź,Łódź,Łódź,łódzkie
92-713,Łódź,Łódź,Łódź,łódzkie
91-713,Łódź,Łódź,Łódź,łódzkie
92-627,Łódź,Łódź,Łódź,łódzkie
91-059,Łódź,Łódź,Łódź,łódzkie
91-302,Łódź,Łódź,Łódź,łódzkie
91-056,Łódź,Łódź,Łódź,łódzkie
91-309,Łódź,Łódź,Łódź,łódzkie
91-052,Łódź,Łódź,Łódź,łódzkie
91-049,Łódź,Łódź,Łódź,łódzkie
91-329,Łódź,Łódź,Łódź,łódzkie
91-041,Łódź,Łódź,Łódź,łódzkie
91-340,Łódź,Łódź,Łódź,łódzkie
91-038,Łódź,Łódź,Łódź,łódzkie
91-034,Łódź,Łódź,Łódź,łódzkie
91-027,Łódź,Łódź,Łódź,łódzkie
91-028,Łódź,Łódź,Łódź,łódzkie
90-131,Łódź,Łódź,Łódź,łódzkie
94-232,Łódź,Łódź,Łódź,łódzkie
90-742,Łódź,Łódź,Łódź,łódzkie
90-743,Łódź,Łódź,Łódź,łódzkie
90-629,Łódź,Łódź,Łódź,łódzkie
90-630,Łódź,Łódź,Łódź,łódzkie
90-568,Łódź,Łódź,Łódź,łódzkie
90-546,Łódź,Łódź,Łódź,łódzkie
91-226,Łódź,Łódź,Łódź,łódzkie
91-370,Łódź,Łódź,Łódź,łódzkie
91-371,Łódź,Łódź,Łódź,łódzkie
91-372,Łódź,Łódź,Łódź,łódzkie
91-373,Łódź,Łódź,Łódź,łódzkie
91-220,Łódź,Łódź,Łódź,łódzkie
91-158,Łódź,Łódź,Łódź,łódzkie
92-313,Łódź,Łódź,Łódź,łódzkie
94-003,Łódź,Łódź,Łódź,łódzkie
93-021,Łódź,Łódź,Łódź,łódzkie
93-024,Łódź,Łódź,Łódź,łódzkie
94-312,Łódź,Łódź,Łódź,łódzkie
93-333,Łódź,Łódź,Łódź,łódzkie
91-402,Łódź,Łódź,Łódź,łódzkie
93-129,Łódź,Łódź,Łódź,łódzkie
93-423,Łódź,Łódź,Łódź,łódzkie
91-203,Łódź,Łódź,Łódź,łódzkie
92-214,Łódź,Łódź,Łódź,łódzkie
91-004,Łódź,Łódź,Łódź,łódzkie
91-037,Łódź,Łódź,Łódź,łódzkie
93-354,Łódź,Łódź,Łódź,łódzkie
91-833,Łódź,Łódź,Łódź,łódzkie
91-839,Łódź,Łódź,Łódź,łódzkie
91-855,Łódź,Łódź,Łódź,łódzkie
91-456,Łódź,Łódź,Łódź,łódzkie
91-863,Łódź,Łódź,Łódź,łódzkie
91-471,Łódź,Łódź,Łódź,łódzkie
91-491,Łódź,Łódź,Łódź,łódzkie
91-509,Łódź,Łódź,Łódź,łódzkie
93-370,Łódź,Łódź,Łódź,łódzkie
91-103,Łódź,Łódź,Łódź,łódzkie
93-571,Łódź,Łódź,Łódź,łódzkie
93-310,Łódź,Łódź,Łódź,łódzkie
93-379,Łódź,Łódź,Łódź,łódzkie
93-019,Łódź,Łódź,Łódź,łódzkie
90-562,Łódź,Łódź,Łódź,łódzkie
90-563,Łódź,Łódź,Łódź,łódzkie
90-554,Łódź,Łódź,Łódź,łódzkie
93-193,Łódź,Łódź,Łódź,łódzkie
93-109,Łódź,Łódź,Łódź,łódzkie
92-418,Łódź,Łódź,Łódź,łódzkie
91-726,Łódź,Łódź,Łódź,łódzkie
93-176,Łódź,Łódź,Łódź,łódzkie
93-476,Łódź,Łódź,Łódź,łódzkie
93-110,Łódź,Łódź,Łódź,łódzkie
93-466,Łódź,Łódź,Łódź,łódzkie
94-213,Łódź,Łódź,Łódź,łódzkie
93-172,Łódź,Łódź,Łódź,łódzkie
94-287,Łódź,Łódź,Łódź,łódzkie
92-727,Łódź,Łódź,Łódź,łódzkie
93-324,Łódź,Łódź,Łódź,łódzkie
94-328,Łódź,Łódź,Łódź,łódzkie
92-434,Łódź,Łódź,Łódź,łódzkie
90-346,Łódź,Łódź,Łódź,łódzkie
90-717,Łódź,Łódź,Łódź,łódzkie
90-718,Łódź,Łódź,Łódź,łódzkie
90-739,Łódź,Łódź,Łódź,łódzkie
90-741,Łódź,Łódź,Łódź,łódzkie
90-740,Łódź,Łódź,Łódź,łódzkie
90-756,Łódź,Łódź,Łódź,łódzkie
90-755,Łódź,Łódź,Łódź,łódzkie
90-766,Łódź,Łódź,Łódź,łódzkie
93-408,Łódź,Łódź,Łódź,łódzkie
92-724,Łódź,Łódź,Łódź,łódzkie
91-439,Łódź,Łódź,Łódź,łódzkie
92-514,Łódź,Łódź,Łódź,łódzkie
91-851,Łódź,Łódź,Łódź,łódzkie
91-328,Łódź,Łódź,Łódź,łódzkie
93-154,Łódź,Łódź,Łódź,łódzkie
92-761,Łódź,Łódź,Łódź,łódzkie
92-730,Łódź,Łódź,Łódź,łódzkie
90-160,Łódź,Łódź,Łódź,łódzkie
90-158,Łódź,Łódź,Łódź,łódzkie
90-159,Łódź,Łódź,Łódź,łódzkie
93-221,Łódź,Łódź,Łódź,łódzkie
92-517,Łódź,Łódź,Łódź,łódzkie
94-205,Łódź,Łódź,Łódź,łódzkie
94-102,Łódź,Łódź,Łódź,łódzkie
94-007,Łódź,Łódź,Łódź,łódzkie
91-505,Łódź,Łódź,Łódź,łódzkie
92-722,Łódź,Łódź,Łódź,łódzkie
94-258,Łódź,Łódź,Łódź,łódzkie
94-276,Łódź,Łódź,Łódź,łódzkie
94-041,Łódź,Łódź,Łódź,łódzkie
91-803,Łódź,Łódź,Łódź,łódzkie
91-850,Łódź,Łódź,Łódź,łódzkie
91-802,Łódź,Łódź,Łódź,łódzkie
91-854,Łódź,Łódź,Łódź,łódzkie
92-304,Łódź,Łódź,Łódź,łódzkie
93-337,Łódź,Łódź,Łódź,łódzkie
92-215,Łódź,Łódź,Łódź,łódzkie
92-221,Łódź,Łódź,Łódź,łódzkie
93-149,Łódź,Łódź,Łódź,łódzkie
92-310,Łódź,Łódź,Łódź,łódzkie
91-161,Łódź,Łódź,Łódź,łódzkie
93-475,Łódź,Łódź,Łódź,łódzkie
91-812,Łódź,Łódź,Łódź,łódzkie
91-160,Łódź,Łódź,Łódź,łódzkie
92-228,Łódź,Łódź,Łódź,łódzkie
94-334,Łódź,Łódź,Łódź,łódzkie
90-038,Łódź,Łódź,Łódź,łódzkie
91-067,Łódź,Łódź,Łódź,łódzkie
92-607,Łódź,Łódź,Łódź,łódzkie
92-415,Łódź,Łódź,Łódź,łódzkie
92-740,Łódź,Łódź,Łódź,łódzkie
93-034,Łódź,Łódź,Łódź,łódzkie
92-336,Łódź,Łódź,Łódź,łódzkie
92-334,Łódź,Łódź,Łódź,łódzkie
92-316,Łódź,Łódź,Łódź,łódzkie
92-317,Łódź,Łódź,Łódź,łódzkie
92-335,Łódź,Łódź,Łódź,łódzkie
92-337,Łódź,Łódź,Łódź,łódzkie
93-014,Łódź,Łódź,Łódź,łódzkie
92-110,Łódź,Łódź,Łódź,łódzkie
94-304,Łódź,Łódź,Łódź,łódzkie
94-029,Łódź,Łódź,Łódź,łódzkie
92-721,Łódź,Łódź,Łódź,łódzkie
91-823,Łódź,Łódź,Łódź,łódzkie
92-620,Łódź,Łódź,Łódź,łódzkie
94-254,Łódź,Łódź,Łódź,łódzkie
90-101,Łódź,Łódź,Łódź,łódzkie
91-223,Łódź,Łódź,Łódź,łódzkie
91-530,Łódź,Łódź,Łódź,łódzkie
91-766,Łódź,Łódź,Łódź,łódzkie
93-334,Łódź,Łódź,Łódź,łódzkie
94-235,Łódź,Łódź,Łódź,łódzkie
91-465,Łódź,Łódź,Łódź,łódzkie
93-365,Łódź,Łódź,Łódź,łódzkie
94-277,Łódź,Łódź,Łódź,łódzkie
90-151,Łódź,Łódź,Łódź,łódzkie
93-372,Łódź,Łódź,Łódź,łódzkie
93-240,Łódź,Łódź,Łódź,łódzkie
93-519,Łódź,Łódź,Łódź,łódzkie
94-101,Łódź,Łódź,Łódź,łódzkie
91-606,Łódź,Łódź,Łódź,łódzkie
94-218,Łódź,Łódź,Łódź,łódzkie
94-231,Łódź,Łódź,Łódź,łódzkie
90-105,Łódź,Łódź,Łódź,łódzkie
90-135,Łódź,Łódź,Łódź,łódzkie
90-117,Łódź,Łódź,Łódź,łódzkie
90-125,Łódź,Łódź,Łódź,łódzkie
90-130,Łódź,Łódź,Łódź,łódzkie
90-248,Łódź,Łódź,Łódź,łódzkie
90-136,Łódź,Łódź,Łódź,łódzkie
90-132,Łódź,Łódź,Łódź,łódzkie
90-138,Łódź,Łódź,Łódź,łódzkie
90-139,Łódź,Łódź,Łódź,łódzkie
90-141,Łódź,Łódź,Łódź,łódzkie
90-145,Łódź,Łódź,Łódź,łódzkie
90-146,Łódź,Łódź,Łódź,łódzkie
93-457,Łódź,Łódź,Łódź,łódzkie
92-708,Łódź,Łódź,Łódź,łódzkie
93-318,Łódź,Łódź,Łódź,łódzkie
90-060,Łódź,Łódź,Łódź,łódzkie
90-061,Łódź,Łódź,Łódź,łódzkie
90-008,Łódź,Łódź,Łódź,łódzkie
90-055,Łódź,Łódź,Łódź,łódzkie
90-014,Łódź,Łódź,Łódź,łódzkie
90-018,Łódź,Łódź,Łódź,łódzkie
90-045,Łódź,Łódź,Łódź,łódzkie
90-046,Łódź,Łódź,Łódź,łódzkie
90-039,Łódź,Łódź,Łódź,łódzkie
90-040,Łódź,Łódź,Łódź,łódzkie
90-028,Łódź,Łódź,Łódź,łódzkie
90-029,Łódź,Łódź,Łódź,łódzkie
92-750,Łódź,Łódź,Łódź,łódzkie
92-202,Łódź,Łódź,Łódź,łódzkie
92-641,Łódź,Łódź,Łódź,łódzkie
92-630,Łódź,Łódź,Łódź,łódzkie
92-208,Łódź,Łódź,Łódź,łódzkie
92-238,Łódź,Łódź,Łódź,łódzkie
92-320,Łódź,Łódź,Łódź,łódzkie
92-642,Łódź,Łódź,Łódź,łódzkie
93-490,Łódź,Łódź,Łódź,łódzkie
93-018,Łódź,Łódź,Łódź,łódzkie
91-187,Łódź,Łódź,Łódź,łódzkie
92-332,Łódź,Łódź,Łódź,łódzkie
93-266,Łódź,Łódź,Łódź,łódzkie
94-024,Łódź,Łódź,Łódź,łódzkie
93-472,Łódź,Łódź,Łódź,łódzkie
90-031,Łódź,Łódź,Łódź,łódzkie
93-616,Łódź,Łódź,Łódź,łódzkie
91-414,Łódź,Łódź,Łódź,łódzkie
91-061,Łódź,Łódź,Łódź,łódzkie
91-716,Łódź,Łódź,Łódź,łódzkie
91-712,Łódź,Łódź,Łódź,łódzkie
92-315,Łódź,Łódź,Łódź,łódzkie
93-222,Łódź,Łódź,Łódź,łódzkie
93-433,Łódź,Łódź,Łódź,łódzkie
94-025,Łódź,Łódź,Łódź,łódzkie
91-756,Łódź,Łódź,Łódź,łódzkie
94-269,Łódź,Łódź,Łódź,łódzkie
91-804,Łódź,Łódź,Łódź,łódzkie
91-811,Łódź,Łódź,Łódź,łódzkie
93-541,Łódź,Łódź,Łódź,łódzkie
93-558,Łódź,Łódź,Łódź,łódzkie
94-104,Łódź,Łódź,Łódź,łódzkie
94-292,Łódź,Łódź,Łódź,łódzkie
94-270,Łódź,Łódź,Łódź,łódzkie
91-062,Łódź,Łódź,Łódź,łódzkie
91-065,Łódź,Łódź,Łódź,łódzkie
91-174,Łódź,Łódź,Łódź,łódzkie
93-367,Łódź,Łódź,Łódź,łódzkie
93-432,Łódź,Łódź,Łódź,łódzkie
91-075,Łódź,Łódź,Łódź,łódzkie
91-009,Łódź,Łódź,Łódź,łódzkie
94-401,Łódź,Łódź,Łódź,łódzkie
91-228,Łódź,Łódź,Łódź,łódzkie
92-403,Łódź,Łódź,Łódź,łódzkie
94-043,Łódź,Łódź,Łódź,łódzkie
92-773,Łódź,Łódź,Łódź,łódzkie
91-320,Łódź,Łódź,Łódź,łódzkie
91-327,Łódź,Łódź,Łódź,łódzkie
91-323,Łódź,Łódź,Łódź,łódzkie
93-411,Łódź,Łódź,Łódź,łódzkie
92-417,Łódź,Łódź,Łódź,łódzkie
93-233,Łódź,Łódź,Łódź,łódzkie
94-256,Łódź,Łódź,Łódź,łódzkie
91-805,Łódź,Łódź,Łódź,łódzkie
90-317,Łódź,Łódź,Łódź,łódzkie
91-524,Łódź,Łódź,Łódź,łódzkie
93-363,Łódź,Łódź,Łódź,łódzkie
91-089,Łódź,Łódź,Łódź,łódzkie
93-468,Łódź,Łódź,Łódź,łódzkie
92-710,Łódź,Łódź,Łódź,łódzkie
94-123,Łódź,Łódź,Łódź,łódzkie
91-725,Łódź,Łódź,Łódź,łódzkie
94-249,Łódź,Łódź,Łódź,łódzkie
93-285,Łódź,Łódź,Łódź,łódzkie
93-036,Łódź,Łódź,Łódź,łódzkie
93-506,Łódź,Łódź,Łódź,łódzkie
93-513,Łódź,Łódź,Łódź,łódzkie
93-548,Łódź,Łódź,Łódź,łódzkie
93-454,Łódź,Łódź,Łódź,łódzkie
93-530,Łódź,Łódź,Łódź,łódzkie
93-509,Łódź,Łódź,Łódź,łódzkie
93-523,Łódź,Łódź,Łódź,łódzkie
91-737,Łódź,Łódź,Łódź,łódzkie
94-331,Łódź,Łódź,Łódź,łódzkie
93-624,Łódź,Łódź,Łódź,łódzkie
92-629,Łódź,Łódź,Łódź,łódzkie
91-141,Łódź,Łódź,Łódź,łódzkie
90-329,Łódź,Łódź,Łódź,łódzkie
92-319,Łódź,Łódź,Łódź,łódzkie
91-826,Łódź,Łódź,Łódź,łódzkie
94-272,Łódź,Łódź,Łódź,łódzkie
92-734,Łódź,Łódź,Łódź,łódzkie
94-203,Łódź,Łódź,Łódź,łódzkie
93-229,Łódź,Łódź,Łódź,łódzkie
94-275,Łódź,Łódź,Łódź,łódzkie
91-314,Łódź,Łódź,Łódź,łódzkie
92-115,Łódź,Łódź,Łódź,łódzkie
91-074,Łódź,Łódź,Łódź,łódzkie
90-302,Łódź,Łódź,Łódź,łódzkie
90-368,Łódź,Łódź,Łódź,łódzkie
90-301,Łódź,Łódź,Łódź,łódzkie
90-319,Łódź,Łódź,Łódź,łódzkie
94-121,Łódź,Łódź,Łódź,łódzkie
90-051,Łódź,Łódź,Łódź,łódzkie
90-306,Łódź,Łódź,Łódź,łódzkie
90-307,Łódź,Łódź,Łódź,łódzkie
90-330,Łódź,Łódź,Łódź,łódzkie
92-236,Łódź,Łódź,Łódź,łódzkie
92-318,Łódź,Łódź,Łódź,łódzkie
92-230,Łódź,Łódź,Łódź,łódzkie
90-406,Łódź,Łódź,Łódź,łódzkie
90-270,Łódź,Łódź,Łódź,łódzkie
90-269,Łódź,Łódź,Łódź,łódzkie
90-410,Łódź,Łódź,Łódź,łódzkie
90-265,Łódź,Łódź,Łódź,łódzkie
90-413,Łódź,Łódź,Łódź,łódzkie
90-422,Łódź,Łódź,Łódź,łódzkie
90-102,Łódź,Łódź,Łódź,łódzkie
90-423,Łódź,Łódź,Łódź,łódzkie
90-103,Łódź,Łódź,Łódź,łódzkie
90-425,Łódź,Łódź,Łódź,łódzkie
90-004,Łódź,Łódź,Łódź,łódzkie
90-430,Łódź,Łódź,Łódź,łódzkie
90-006,Łódź,Łódź,Łódź,łódzkie
90-062,Łódź,Łódź,Łódź,łódzkie
90-063,Łódź,Łódź,Łódź,łódzkie
90-440,Łódź,Łódź,Łódź,łódzkie
90-447,Łódź,Łódź,Łódź,łódzkie
90-369,Łódź,Łódź,Łódź,łódzkie
90-360,Łódź,Łódź,Łódź,łódzkie
90-456,Łódź,Łódź,Łódź,łódzkie
90-361,Łódź,Łódź,Łódź,łódzkie
93-004,Łódź,Łódź,Łódź,łódzkie
93-035,Łódź,Łódź,Łódź,łódzkie
90-254,Łódź,Łódź,Łódź,łódzkie
94-281,Łódź,Łódź,Łódź,łódzkie
91-003,Łódź,Łódź,Łódź,łódzkie
90-116,Łódź,Łódź,Łódź,łódzkie
91-748,Łódź,Łódź,Łódź,łódzkie
91-762,Łódź,Łódź,Łódź,łódzkie
93-436,Łódź,Łódź,Łódź,łódzkie
94-106,Łódź,Łódź,Łódź,łódzkie
90-411,Łódź,Łódź,Łódź,łódzkie
93-134,Łódź,Łódź,Łódź,łódzkie
93-371,Łódź,Łódź,Łódź,łódzkie
94-127,Łódź,Łódź,Łódź,łódzkie
92-440,Łódź,Łódź,Łódź,łódzkie
94-410,Łódź,Łódź,Łódź,łódzkie
93-278,Łódź,Łódź,Łódź,łódzkie
93-272,Łódź,Łódź,Łódź,łódzkie
93-224,Łódź,Łódź,Łódź,łódzkie
93-165,Łódź,Łódź,Łódź,łódzkie
91-006,Łódź,Łódź,Łódź,łódzkie
93-230,Łódź,Łódź,Łódź,łódzkie
90-745,Łódź,Łódź,Łódź,łódzkie
90-746,Łódź,Łódź,Łódź,łódzkie
90-618,Łódź,Łódź,Łódź,łódzkie
90-619,Łódź,Łódź,Łódź,łódzkie
90-569,Łódź,Łódź,Łódź,łódzkie
91-322,Łódź,Łódź,Łódź,łódzkie
91-338,Łódź,Łódź,Łódź,łódzkie
90-227,Łódź,Łódź,Łódź,łódzkie
91-024,Łódź,Łódź,Łódź,łódzkie
90-255,Łódź,Łódź,Łódź,łódzkie
90-123,Łódź,Łódź,Łódź,łódzkie
92-774,Łódź,Łódź,Łódź,łódzkie
92-783,Łódź,Łódź,Łódź,łódzkie
90-201,Łódź,Łódź,Łódź,łódzkie
91-416,Łódź,Łódź,Łódź,łódzkie
90-202,Łódź,Łódź,Łódź,łódzkie
91-422,Łódź,Łódź,Łódź,łódzkie
91-408,Łódź,Łódź,Łódź,łódzkie
90-203,Łódź,Łódź,Łódź,łódzkie
90-204,Łódź,Łódź,Łódź,łódzkie
90-218,Łódź,Łódź,Łódź,łódzkie
90-224,Łódź,Łódź,Łódź,łódzkie
90-225,Łódź,Łódź,Łódź,łódzkie
90-233,Łódź,Łódź,Łódź,łódzkie
91-403,Łódź,Łódź,Łódź,łódzkie
90-235,Łódź,Łódź,Łódź,łódzkie
90-236,Łódź,Łódź,Łódź,łódzkie
92-209,Łódź,Łódź,Łódź,łódzkie
92-213,Łódź,Łódź,Łódź,łódzkie
92-013,Łódź,Łódź,Łódź,łódzkie
92-735,Łódź,Łódź,Łódź,łódzkie
91-045,Łódź,Łódź,Łódź,łódzkie
94-052,Łódź,Łódź,Łódź,łódzkie
94-053,Łódź,Łódź,Łódź,łódzkie
90-328,Łódź,Łódź,Łódź,łódzkie
92-609,Łódź,Łódź,Łódź,łódzkie
92-210,Łódź,Łódź,Łódź,łódzkie
91-040,Łódź,Łódź,Łódź,łódzkie
91-018,Łódź,Łódź,Łódź,łódzkie
93-321,Łódź,Łódź,Łódź,łódzkie
91-420,Łódź,Łódź,Łódź,łódzkie
91-425,Łódź,Łódź,Łódź,łódzkie
93-181,Łódź,Łódź,Łódź,łódzkie
91-304,Łódź,Łódź,Łódź,łódzkie
90-408,Łódź,Łódź,Łódź,łódzkie
90-404,Łódź,Łódź,Łódź,łódzkie
90-708,Łódź,Łódź,Łódź,łódzkie
90-712,Łódź,Łódź,Łódź,łódzkie
90-713,Łódź,Łódź,Łódź,łódzkie
92-728,Łódź,Łódź,Łódź,łódzkie
93-303,Łódź,Łódź,Łódź,łódzkie
93-583,Łódź,Łódź,Łódź,łódzkie
93-245,Łódź,Łódź,Łódź,łódzkie
93-339,Łódź,Łódź,Łódź,łódzkie
92-643,Łódź,Łódź,Łódź,łódzkie
91-490,Łódź,Łódź,Łódź,łódzkie
94-045,Łódź,Łódź,Łódź,łódzkie
94-044,Łódź,Łódź,Łódź,łódzkie
93-406,Łódź,Łódź,Łódź,łódzkie
92-404,Łódź,Łódź,Łódź,łódzkie
90-034,Łódź,Łódź,Łódź,łódzkie
90-035,Łódź,Łódź,Łódź,łódzkie
90-333,Łódź,Łódź,Łódź,łódzkie
90-347,Łódź,Łódź,Łódź,łódzkie
90-338,Łódź,Łódź,Łódź,łódzkie
93-114,Łódź,Łódź,Łódź,łódzkie
93-286,Łódź,Łódź,Łódź,łódzkie
93-279,Łódź,Łódź,Łódź,łódzkie
93-167,Łódź,Łódź,Łódź,łódzkie
93-188,Łódź,Łódź,Łódź,łódzkie
93-189,Łódź,Łódź,Łódź,łódzkie
93-126,Łódź,Łódź,Łódź,łódzkie
93-120,Łódź,Łódź,Łódź,łódzkie
92-338,Łódź,Łódź,Łódź,łódzkie
92-423,Łódź,Łódź,Łódź,łódzkie
92-339,Łódź,Łódź,Łódź,łódzkie
94-310,Łódź,Łódź,Łódź,łódzkie
93-440,Łódź,Łódź,Łódź,łódzkie
92-644,Łódź,Łódź,Łódź,łódzkie
94-250,Łódź,Łódź,Łódź,łódzkie
91-021,Łódź,Łódź,Łódź,łódzkie
91-032,Łódź,Łódź,Łódź,łódzkie
90-749,Łódź,Łódź,Łódź,łódzkie
90-750,Łódź,Łódź,Łódź,łódzkie
90-639,Łódź,Łódź,Łódź,łódzkie
90-640,Łódź,Łódź,Łódź,łódzkie
90-559,Łódź,Łódź,Łódź,łódzkie
90-558,Łódź,Łódź,Łódź,łódzkie
92-516,Łódź,Łódź,Łódź,łódzkie
92-752,Łódź,Łódź,Łódź,łódzkie
94-262,Łódź,Łódź,Łódź,łódzkie
93-358,Łódź,Łódź,Łódź,łódzkie
90-452,Łódź,Łódź,Łódź,łódzkie
90-453,Łódź,Łódź,Łódź,łódzkie
90-541,Łódź,Łódź,Łódź,łódzkie
90-540,Łódź,Łódź,Łódź,łódzkie
93-574,Łódź,Łódź,Łódź,łódzkie
94-409,Łódź,Łódź,Łódź,łódzkie
92-649,Łódź,Łódź,Łódź,łódzkie
93-575,Łódź,Łódź,Łódź,łódzkie
90-273,Łódź,Łódź,Łódź,łódzkie
90-206,Łódź,Łódź,Łódź,łódzkie
90-207,Łódź,Łódź,Łódź,łódzkie
90-214,Łódź,Łódź,Łódź,łódzkie
90-213,Łódź,Łódź,Łódź,łódzkie
90-215,Łódź,Łódź,Łódź,łódzkie
90-216,Łódź,Łódź,Łódź,łódzkie
90-222,Łódź,Łódź,Łódź,łódzkie
90-221,Łódź,Łódź,Łódź,łódzkie
90-223,Łódź,Łódź,Łódź,łódzkie
90-226,Łódź,Łódź,Łódź,łódzkie
93-003,Łódź,Łódź,Łódź,łódzkie
92-709,Łódź,Łódź,Łódź,łódzkie
93-503,Łódź,Łódź,Łódź,łódzkie
91-142,Łódź,Łódź,Łódź,łódzkie
91-127,Łódź,Łódź,Łódź,łódzkie
91-128,Łódź,Łódź,Łódź,łódzkie
92-302,Łódź,Łódź,Łódź,łódzkie
92-412,Łódź,Łódź,Łódź,łódzkie
92-614,Łódź,Łódź,Łódź,łódzkie
92-601,Łódź,Łódź,Łódź,łódzkie
92-602,Łódź,Łódź,Łódź,łódzkie
90-056,Łódź,Łódź,Łódź,łódzkie
93-351,Łódź,Łódź,Łódź,łódzkie
92-726,Łódź,Łódź,Łódź,łódzkie
94-408,Łódź,Łódź,Łódź,łódzkie
93-579,Łódź,Łódź,Łódź,łódzkie
92-707,Łódź,Łódź,Łódź,łódzkie
91-055,Łódź,Łódź,Łódź,łódzkie
91-051,Łódź,Łódź,Łódź,łódzkie
92-441,Łódź,Łódź,Łódź,łódzkie
93-368,Łódź,Łódź,Łódź,łódzkie
91-211,Łódź,Łódź,Łódź,łódzkie
93-526,Łódź,Łódź,Łódź,łódzkie
94-301,Łódź,Łódź,Łódź,łódzkie
93-002,Łódź,Łódź,Łódź,łódzkie
93-008,Łódź,Łódź,Łódź,łódzkie
93-020,Łódź,Łódź,Łódź,łódzkie
93-148,Łódź,Łódź,Łódź,łódzkie
93-311,Łódź,Łódź,Łódź,łódzkie
93-364,Łódź,Łódź,Łódź,łódzkie
93-317,Łódź,Łódź,Łódź,łódzkie
92-525,Łódź,Łódź,Łódź,łódzkie
92-541,Łódź,Łódź,Łódź,łódzkie
92-542,Łódź,Łódź,Łódź,łódzkie
92-524,Łódź,Łódź,Łódź,łódzkie
92-521,Łódź,Łódź,Łódź,łódzkie
92-519,Łódź,Łódź,Łódź,łódzkie
92-518,Łódź,Łódź,Łódź,łódzkie
92-520,Łódź,Łódź,Łódź,łódzkie
91-468,Łódź,Łódź,Łódź,łódzkie
91-143,Łódź,Łódź,Łódź,łódzkie
93-038,Łódź,Łódź,Łódź,łódzkie
93-031,Łódź,Łódź,Łódź,łódzkie
93-010,Łódź,Łódź,Łódź,łódzkie
92-733,Łódź,Łódź,Łódź,łódzkie
92-327,Łódź,Łódź,Łódź,łódzkie
91-535,Łódź,Łódź,Łódź,łódzkie
93-342,Łódź,Łódź,Łódź,łódzkie
92-632,Łódź,Łódź,Łódź,łódzkie
93-192,Łódź,Łódź,Łódź,łódzkie
92-603,Łódź,Łódź,Łódź,łódzkie
92-231,Łódź,Łódź,Łódź,łódzkie
92-605,Łódź,Łódź,Łódź,łódzkie
90-113,Łódź,Łódź,Łódź,łódzkie
90-114,Łódź,Łódź,Łódź,łódzkie
90-009,Łódź,Łódź,Łódź,łódzkie
90-058,Łódź,Łódź,Łódź,łódzkie
90-057,Łódź,Łódź,Łódź,łódzkie
90-318,Łódź,Łódź,Łódź,łódzkie
90-357,Łódź,Łódź,Łódź,łódzkie
90-363,Łódź,Łódź,Łódź,łódzkie
93-171,Łódź,Łódź,Łódź,łódzkie
91-316,Łódź,Łódź,Łódź,łódzkie
90-646,Łódź,Łódź,Łódź,łódzkie
90-415,Łódź,Łódź,Łódź,łódzkie
90-606,Łódź,Łódź,Łódź,łódzkie
90-416,Łódź,Łódź,Łódź,łódzkie
90-616,Łódź,Łódź,Łódź,łódzkie
90-623,Łódź,Łódź,Łódź,łódzkie
90-617,Łódź,Łódź,Łódź,łódzkie
90-637,Łódź,Łódź,Łódź,łódzkie
90-636,Łódź,Łódź,Łódź,łódzkie
90-638,Łódź,Łódź,Łódź,łódzkie
90-645,Łódź,Łódź,Łódź,łódzkie
91-175,Łódź,Łódź,Łódź,łódzkie
93-350,Łódź,Łódź,Łódź,łódzkie
93-353,Łódź,Łódź,Łódź,łódzkie
94-253,Łódź,Łódź,Łódź,łódzkie
92-640,Łódź,Łódź,Łódź,łódzkie
90-127,Łódź,Łódź,Łódź,łódzkie
90-505,Łódź,Łódź,Łódź,łódzkie
90-570,Łódź,Łódź,Łódź,łódzkie
90-571,Łódź,Łódź,Łódź,łódzkie
90-458,Łódź,Łódź,Łódź,łódzkie
90-532,Łódź,Łódź,Łódź,łódzkie
92-604,Łódź,Łódź,Łódź,łódzkie
93-588,Łódź,Łódź,Łódź,łódzkie
91-819,Łódź,Łódź,Łódź,łódzkie
92-760,Łódź,Łódź,Łódź,łódzkie
92-611,Łódź,Łódź,Łódź,łódzkie
92-503,Łódź,Łódź,Łódź,łódzkie
93-520,Łódź,Łódź,Łódź,łódzkie
93-257,Łódź,Łódź,Łódź,łódzkie
91-729,Łódź,Łódź,Łódź,łódzkie
92-448,Łódź,Łódź,Łódź,łódzkie
91-423,Łódź,Łódź,Łódź,łódzkie
90-161,Łódź,Łódź,Łódź,łódzkie
92-742,Łódź,Łódź,Łódź,łódzkie
91-485,Łódź,Łódź,Łódź,łódzkie
91-173,Łódź,Łódź,Łódź,łódzkie
91-702,Łódź,Łódź,Łódź,łódzkie
91-708,Łódź,Łódź,Łódź,łódzkie
94-002,Łódź,Łódź,Łódź,łódzkie
91-087,Łódź,Łódź,Łódź,łódzkie
91-754,Łódź,Łódź,Łódź,łódzkie
91-746,Łódź,Łódź,Łódź,łódzkie
91-763,Łódź,Łódź,Łódź,łódzkie
90-537,Łódź,Łódź,Łódź,łódzkie
90-217,Łódź,Łódź,Łódź,łódzkie
90-212,Łódź,Łódź,Łódź,łódzkie
93-325,Łódź,Łódź,Łódź,łódzkie
93-191,Łódź,Łódź,Łódź,łódzkie
90-420,Łódź,Łódź,Łódź,łódzkie
90-426,Łódź,Łódź,Łódź,łódzkie
90-609,Łódź,Łódź,Łódź,łódzkie
90-513,Łódź,Łódź,Łódź,łódzkie
90-631,Łódź,Łódź,Łódź,łódzkie
90-501,Łódź,Łódź,Łódź,łódzkie
90-632,Łódź,Łódź,Łódź,łódzkie
90-567,Łódź,Łódź,Łódź,łódzkie
90-648,Łódź,Łódź,Łódź,łódzkie
90-557,Łódź,Łódź,Łódź,łódzkie
93-516,Łódź,Łódź,Łódź,łódzkie
93-218,Łódź,Łódź,Łódź,łódzkie
91-513,Łódź,Łódź,Łódź,łódzkie
91-744,Łódź,Łódź,Łódź,łódzkie
91-755,Łódź,Łódź,Łódź,łódzkie
93-632,Łódź,Łódź,Łódź,łódzkie
91-184,Łódź,Łódź,Łódź,łódzkie
94-014,Łódź,Łódź,Łódź,łódzkie
94-405,Łódź,Łódź,Łódź,łódzkie
94-308,Łódź,Łódź,Łódź,łódzkie
94-402,Łódź,Łódź,Łódź,łódzkie
94-414,Łódź,Łódź,Łódź,łódzkie
91-222,Łódź,Łódź,Łódź,łódzkie
91-818,Łódź,Łódź,Łódź,łódzkie
94-290,Łódź,Łódź,Łódź,łódzkie
91-185,Łódź,Łódź,Łódź,łódzkie
94-278,Łódź,Łódź,Łódź,łódzkie
94-268,Łódź,Łódź,Łódź,łódzkie
93-243,Łódź,Łódź,Łódź,łódzkie
93-237,Łódź,Łódź,Łódź,łódzkie
90-336,Łódź,Łódź,Łódź,łódzkie
93-281,Łódź,Łódź,Łódź,łódzkie
93-280,Łódź,Łódź,Łódź,łódzkie
92-120,Łódź,Łódź,Łódź,łódzkie
94-282,Łódź,Łódź,Łódź,łódzkie
92-743,Łódź,Łódź,Łódź,łódzkie
91-506,Łódź,Łódź,Łódź,łódzkie
92-548,Łódź,Łódź,Łódź,łódzkie
90-022,Łódź,Łódź,Łódź,łódzkie
90-042,Łódź,Łódź,Łódź,łódzkie
90-043,Łódź,Łódź,Łódź,łódzkie
90-323,Łódź,Łódź,Łódź,łódzkie
90-312,Łódź,Łódź,Łódź,łódzkie
90-324,Łódź,Łódź,Łódź,łódzkie
92-753,Łódź,Łódź,Łódź,łódzkie
93-118,Łódź,Łódź,Łódź,łódzkie
92-016,Łódź,Łódź,Łódź,łódzkie
90-156,Łódź,Łódź,Łódź,łódzkie
90-157,Łódź,Łódź,Łódź,łódzkie
91-182,Łódź,Łódź,Łódź,łódzkie
91-842,Łódź,Łódź,Łódź,łódzkie
93-235,Łódź,Łódź,Łódź,łódzkie
93-635,Łódź,Łódź,Łódź,łódzkie
92-706,Łódź,Łódź,Łódź,łódzkie
92-409,Łódź,Łódź,Łódź,łódzkie
91-116,Łódź,Łódź,Łódź,łódzkie
91-111,Łódź,Łódź,Łódź,łódzkie
91-130,Łódź,Łódź,Łódź,łódzkie
91-148,Łódź,Łódź,Łódź,łódzkie
91-218,Łódź,Łódź,Łódź,łódzkie
90-107,Łódź,Łódź,Łódź,łódzkie
90-106,Łódź,Łódź,Łódź,łódzkie
93-535,Łódź,Łódź,Łódź,łódzkie
92-704,Łódź,Łódź,Łódź,łódzkie
92-005,Łódź,Łódź,Łódź,łódzkie
94-329,Łódź,Łódź,Łódź,łódzkie
91-025,Łódź,Łódź,Łódź,łódzkie
93-011,Łódź,Łódź,Łódź,łódzkie
93-312,Łódź,Łódź,Łódź,łódzkie
90-010,Łódź,Łódź,Łódź,łódzkie
90-003,Łódź,Łódź,Łódź,łódzkie
90-015,Łódź,Łódź,Łódź,łódzkie
90-002,Łódź,Łódź,Łódź,łódzkie
90-020,Łódź,Łódź,Łódź,łódzkie
90-025,Łódź,Łódź,Łódź,łódzkie
90-021,Łódź,Łódź,Łódź,łódzkie
90-026,Łódź,Łódź,Łódź,łódzkie
90-364,Łódź,Łódź,Łódź,łódzkie
92-712,Łódź,Łódź,Łódź,łódzkie
90-365,Łódź,Łódź,Łódź,łódzkie
90-349,Łódź,Łódź,Łódź,łódzkie
90-350,Łódź,Łódź,Łódź,łódzkie
90-337,Łódź,Łódź,Łódź,łódzkie
94-265,Łódź,Łódź,Łódź,łódzkie
94-021,Łódź,Łódź,Łódź,łódzkie
90-137,Łódź,Łódź,Łódź,łódzkie
94-284,Łódź,Łódź,Łódź,łódzkie
91-616,Łódź,Łódź,Łódź,łódzkie
91-312,Łódź,Łódź,Łódź,łódzkie
91-306,Łódź,Łódź,Łódź,łódzkie
92-647,Łódź,Łódź,Łódź,łódzkie
92-754,Łódź,Łódź,Łódź,łódzkie
94-291,Łódź,Łódź,Łódź,łódzkie
92-621,Łódź,Łódź,Łódź,łódzkie
91-862,Łódź,Łódź,Łódź,łódzkie
91-602,Łódź,Łódź,Łódź,łódzkie
92-731,Łódź,Łódź,Łódź,łódzkie
91-212,Łódź,Łódź,Łódź,łódzkie
94-325,Łódź,Łódź,Łódź,łódzkie
90-126,Łódź,Łódź,Łódź,łódzkie
91-157,Łódź,Łódź,Łódź,łódzkie
91-150,Łódź,Łódź,Łódź,łódzkie
91-213,Łódź,Łódź,Łódź,łódzkie
91-757,Łódź,Łódź,Łódź,łódzkie
94-283,Łódź,Łódź,Łódź,łódzkie
91-029,Łódź,Łódź,Łódź,łódzkie
91-026,Łódź,Łódź,Łódź,łódzkie
91-426,Łódź,Łódź,Łódź,łódzkie
91-410,Łódź,Łódź,Łódź,łódzkie
90-245,Łódź,Łódź,Łódź,łódzkie
90-133,Łódź,Łódź,Łódź,łódzkie
92-633,Łódź,Łódź,Łódź,łódzkie
90-722,Łódź,Łódź,Łódź,łódzkie
90-721,Łódź,Łódź,Łódź,łódzkie
90-727,Łódź,Łódź,Łódź,łódzkie
90-728,Łódź,Łódź,Łódź,łódzkie
90-735,Łódź,Łódź,Łódź,łódzkie
90-747,Łódź,Łódź,Łódź,łódzkie
90-748,Łódź,Łódź,Łódź,łódzkie
90-757,Łódź,Łódź,Łódź,łódzkie
90-758,Łódź,Łódź,Łódź,łódzkie
90-767,Łódź,Łódź,Łódź,łódzkie
93-638,Łódź,Łódź,Łódź,łódzkie
90-339,Łódź,Łódź,Łódź,łódzkie
92-328,Łódź,Łódź,Łódź,łódzkie
94-036,Łódź,Łódź,Łódź,łódzkie
93-622,Łódź,Łódź,Łódź,łódzkie
92-782,Łódź,Łódź,Łódź,łódzkie
93-545,Łódź,Łódź,Łódź,łódzkie
93-522,Łódź,Łódź,Łódź,łódzkie
92-631,Łódź,Łódź,Łódź,łódzkie
90-263,Łódź,Łódź,Łódź,łódzkie
90-271,Łódź,Łódź,Łódź,łódzkie
90-260,Łódź,Łódź,Łódź,łódzkie
90-211,Łódź,Łódź,Łódź,łódzkie
91-351,Łódź,Łódź,Łódź,łódzkie
90-768,Łódź,Łódź,Łódź,łódzkie
90-642,Łódź,Łódź,Łódź,łódzkie
90-556,Łódź,Łódź,Łódź,łódzkie
90-024,Łódź,Łódź,Łódź,łódzkie
92-446,Łódź,Łódź,Łódź,łódzkie
91-832,Łódź,Łódź,Łódź,łódzkie
91-822,Łódź,Łódź,Łódź,łódzkie
91-816,Łódź,Łódź,Łódź,łódzkie
91-809,Łódź,Łódź,Łódź,łódzkie
91-711,Łódź,Łódź,Łódź,łódzkie
91-743,Łódź,Łódź,Łódź,łódzkie
91-720,Łódź,Łódź,Łódź,łódzkie
94-259,Łódź,Łódź,Łódź,łódzkie
91-434,Łódź,Łódź,Łódź,łódzkie
91-415,Łódź,Łódź,Łódź,łódzkie
90-720,Łódź,Łódź,Łódź,łódzkie
90-732,Łódź,Łódź,Łódź,łódzkie
90-731,Łódź,Łódź,Łódź,łódzkie
90-607,Łódź,Łódź,Łódź,łódzkie
90-608,Łódź,Łódź,Łódź,łódzkie
90-516,Łódź,Łódź,Łódź,łódzkie
90-515,Łódź,Łódź,Łódź,łódzkie
90-522,Łódź,Łódź,Łódź,łódzkie
90-521,Łódź,Łódź,Łódź,łódzkie
90-527,Łódź,Łódź,Łódź,łódzkie
90-525,Łódź,Łódź,Łódź,łódzkie
90-530,Łódź,Łódź,Łódź,łódzkie
90-531,Łódź,Łódź,Łódź,łódzkie
93-170,Łódź,Łódź,Łódź,łódzkie
93-578,Łódź,Łódź,Łódź,łódzkie
93-566,Łódź,Łódź,Łódź,łódzkie
91-417,Łódź,Łódź,Łódź,łódzkie
90-272,Łódź,Łódź,Łódź,łódzkie
90-267,Łódź,Łódź,Łódź,łódzkie
90-266,Łódź,Łódź,Łódź,łódzkie
92-551,Łódź,Łódź,Łódź,łódzkie
91-518,Łódź,Łódź,Łódź,łódzkie
92-333,Łódź,Łódź,Łódź,łódzkie
94-242,Łódź,Łódź,Łódź,łódzkie
90-023,Łódź,Łódź,Łódź,łódzkie
90-036,Łódź,Łódź,Łódź,łódzkie
90-037,Łódź,Łódź,Łódź,łódzkie
94-047,Łódź,Łódź,Łódź,łódzkie
94-051,Łódź,Łódź,Łódź,łódzkie
94-050,Łódź,Łódź,Łódź,łódzkie
92-606,Łódź,Łódź,Łódź,łódzkie
91-005,Łódź,Łódź,Łódź,łódzkie
90-403,Łódź,Łódź,Łódź,łódzkie
90-402,Łódź,Łódź,Łódź,łódzkie
90-725,Łódź,Łódź,Łódź,łódzkie
90-723,Łódź,Łódź,Łódź,łódzkie
90-228,Łódź,Łódź,Łódź,łódzkie
94-006,Łódź,Łódź,Łódź,łódzkie
90-431,Łódź,Łódź,Łódź,łódzkie
90-517,Łódź,Łódź,Łódź,łódzkie
90-510,Łódź,Łódź,Łódź,łódzkie
90-511,Łódź,Łódź,Łódź,łódzkie
90-547,Łódź,Łódź,Łódź,łódzkie
94-122,Łódź,Łódź,Łódź,łódzkie
94-285,Łódź,Łódź,Łódź,łódzkie
93-256,Łódź,Łódź,Łódź,łódzkie
93-184,Łódź,Łódź,Łódź,łódzkie
93-180,Łódź,Łódź,Łódź,łódzkie
91-523,Łódź,Łódź,Łódź,łódzkie
91-829,Łódź,Łódź,Łódź,łódzkie
91-824,Łódź,Łódź,Łódź,łódzkie
93-220,Łódź,Łódź,Łódź,łódzkie
93-212,Łódź,Łódź,Łódź,łódzkie
93-225,Łódź,Łódź,Łódź,łódzkie
92-435,Łódź,Łódź,Łódź,łódzkie
90-147,Łódź,Łódź,Łódź,łódzkie
90-148,Łódź,Łódź,Łódź,łódzkie
91-446,Łódź,Łódź,Łódź,łódzkie
91-303,Łódź,Łódź,Łódź,łódzkie
91-346,Łódź,Łódź,Łódź,łódzkie
91-355,Łódź,Łódź,Łódź,łódzkie
91-817,Łódź,Łódź,Łódź,łódzkie
90-414,Łódź,Łódź,Łódź,łódzkie
90-624,Łódź,Łódź,Łódź,łódzkie
90-604,Łódź,Łódź,Łódź,łódzkie
90-635,Łódź,Łódź,Łódź,łódzkie
90-760,Łódź,Łódź,Łódź,łódzkie
90-765,Łódź,Łódź,Łódź,łódzkie
90-759,Łódź,Łódź,Łódź,łódzkie
91-172,Łódź,Łódź,Łódź,łódzkie
94-315,Łódź,Łódź,Łódź,łódzkie
94-411,Łódź,Łódź,Łódź,łódzkie
91-719,Łódź,Łódź,Łódź,łódzkie
90-047,Łódź,Łódź,Łódź,łódzkie
91-735,Łódź,Łódź,Łódź,łódzkie
92-323,Łódź,Łódź,Łódź,łódzkie
90-332,Łódź,Łódź,Łódź,łódzkie
90-752,Łódź,Łódź,Łódź,łódzkie
90-753,Łódź,Łódź,Łódź,łódzkie
90-643,Łódź,Łódź,Łódź,łódzkie
90-644,Łódź,Łódź,Łódź,łódzkie
90-710,Łódź,Łódź,Łódź,łódzkie
90-711,Łódź,Łódź,Łódź,łódzkie
90-736,Łódź,Łódź,Łódź,łódzkie
90-737,Łódź,Łódź,Łódź,łódzkie
90-626,Łódź,Łódź,Łódź,łódzkie
90-625,Łódź,Łódź,Łódź,łódzkie
90-502,Łódź,Łódź,Łódź,łódzkie
90-550,Łódź,Łódź,Łódź,łódzkie
90-549,Łódź,Łódź,Łódź,łódzkie
90-543,Łódź,Łódź,Łódź,łódzkie
90-542,Łódź,Łódź,Łódź,łódzkie
94-255,Łódź,Łódź,Łódź,łódzkie
91-022,Łódź,Łódź,Łódź,łódzkie
94-413,Łódź,Łódź,Łódź,łódzkie
94-126,Łódź,Łódź,Łódź,łódzkie
90-448,Łódź,Łódź,Łódź,łódzkie
90-450,Łódź,Łódź,Łódź,łódzkie
90-528,Łódź,Łódź,Łódź,łódzkie
90-539,Łódź,Łódź,Łódź,łódzkie
37-614,Łówcza,Narol,lubaczowski,podkarpackie
37-626,Łukawiec,Oczy,lubaczowski,podkarpackie
76-242,Łupawa,Potęgowo,słupski,pomorskie
38-322,Łużna,Łużna,gorlicki,małopolskie
32-447,Łyczanka,Siepraw,myślenicki,małopolskie
62-830,Łyczyn,Stawiszyn,kaliski,wielkopolskie
19-505,Łysogóra,Dubeninki,gołdapski,warmińsko-mazurskie
38-457,Machnówka,Chorkówka,krośnieński,podkarpackie
26-110,Majków,Kościelne,skarżyski,świętokrzyskie
15-512,Majówka,Grabówka,białostocki,podlaskie
42-512,Malinowice,Psary,będziński,śląskie
39-107,Mała,Ropczyce,ropczycko-,podkarpackie
64-304,Mała,Tomyśl,nowotomyski,wielkopolskie
59-975,Mała,Sulików,zgorzelecki,dolnośląskie
34-531,Małe,Poronin,tatrzański,małopolskie
83-431,Małe,Kościerzyna,kościerski,pomorskie
33-207,Małec,Radgoszcz,dąbrowski,małopolskie
37-522,Manasterz,Wiązownica,jarosławski,podkarpackie
33-393,Marcinkowice,Chełmiec,nowosądecki,małopolskie
33-273,Marcinkowice,Radłów,tarnowski,małopolskie
27-215,Marcinków,Wąchock,starachowicki,świętokrzyskie
57-360,Marcinów,Kłodzko,kłodzki,dolnośląskie
34-210,Marcówka,Zembrzyce,suski,małopolskie
42-242,Marianka,Rędziny,częstochowski,śląskie
05-270,Marki,Marki,wołomiński,mazowieckie
44-321,Marklowice,Marklowice,wodzisławski,śląskie
37-120,Markowa,Markowa,łańcucki,podkarpackie
48-330,Markowice,Głuchołazy,nyski,opolskie
74-205,Maruszewo,Kozielice,pyrzycki,zachodniopomorskie
64-115,Maryszewice,Lipno,leszczyński,wielkopolskie
77-133,Masłowice,Tuchomie,bytowski,pomorskie
75-640,Maszkowo,Sianów,koszaliński,zachodniopomorskie
32-077,Maszyce,Skała,krakowski,małopolskie
43-391,Mazańcowice,Jasienica,bielski,śląskie
72-020,Mazańczyce,Police,policki,zachodniopomorskie
42-122,Mazówki,Miedźno,kłobucki,śląskie
63-508,Mąkoszyce,Góra,ostrzeszowski,wielkopolskie
37-732,Medyka,Medyka,przemyski,podkarpackie
37-126,Medynia,Czarna,łańcucki,podkarpackie
42-610,Miasteczko,Śląskie,tarnogórski,śląskie
05-816,Michałowice,Michałowice,pruszkowski,mazowieckie
64-315,Michorzewko,Kuślin,nowotomyski,wielkopolskie
62-022,Mieczewo,Mosina,poznański,wielkopolskie
42-676,Miedary,Zbrosławice,tarnogórski,śląskie
38-430,Miejsce,Piastowe,krośnieński,podkarpackie
73-152,Mielno,Węgorzyno,łobeski,zachodniopomorskie
72-006,Mierzyn,(Szczecińska),policki,zachodniopomorskie
34-312,Międzybrodzie,Czernichów,żywiecki,śląskie
43-392,Międzyrzecze,Jasienica,bielski,śląskie
72-415,Międzywodzie,Dziwnów,kamieński,zachodniopomorskie
43-196,Mikołów,Mikołów,mikołowski,śląskie
43-195,Mikołów,Mikołów,mikołowski,śląskie
43-190,Mikołów,Mikołów,mikołowski,śląskie
76-243,Mikorowo,Dąbrówka,bytowski,pomorskie
62-321,Mikuszewo,Miłosław,wrzesiński,wielkopolskie
05-822,Milanówek,Milanówek,grodziski,mazowieckie
34-360,Milówka,Milówka,żywiecki,śląskie
84-222,Miłoszewo,Linia,wejherowski,pomorskie
89-122,Minikowo,Notecią,nakielski,kujawsko-pomorskie
78-651,Mirosławiec,Mirosławiec,wałecki,zachodniopomorskie
58-422,Miszkowice,Lubawka,kamiennogórski,dolnośląskie
33-343,Młodów,Piwniczna-Zdrój,nowosądecki,małopolskie
58-214,Młynica,Łagiewniki,dzierżoniowski,dolnośląskie
74-405,Młyniska,Dębno,myśliborski,zachodniopomorskie
33-383,Mochnaczka,Krynica-Zdrój,nowosądecki,małopolskie
62-063,Modrze,Stęszew,poznański,wielkopolskie
87-800,Modzerowo,Włocławek,włocławski,kujawsko-pomorskie
87-607,Mokowo,Wisłą,lipnowski,kujawsko-pomorskie
39-209,Mokre,Żyraków,dębicki,podkarpackie
37-622,Monasterz,Horyniec-Zdrój,lubaczowski,podkarpackie
37-514,Morawsko,Jarosław,jarosławski,podkarpackie
38-321,Moszczenica,Moszczenica,gorlicki,małopolskie
38-332,Moszczenica,Moszczenica,gorlicki,małopolskie
58-116,Mościsko,Dzierżoniów,dzierżoniowski,dolnośląskie
36-054,Mrowla,Świlcza,rzeszowski,podkarpackie
84-123,Mrzezino,Puck,pucki,pomorskie
72-330,Mrzeżyno,Trzebiatów,gryficki,zachodniopomorskie
44-325,Mszana,Mszana,wodzisławski,śląskie
83-321,Mściszewice,Sulęczyno,kartuski,pomorskie
10-374,Myki,Dywity,olsztyński,warmińsko-mazurskie
41-400,Mysłowice,Mysłowice,Mysłowice,śląskie
41-409,Mysłowice,Mysłowice,Mysłowice,śląskie
41-408,Mysłowice,Mysłowice,Mysłowice,śląskie
41-404,Mysłowice,Mysłowice,Mysłowice,śląskie
41-406,Mysłowice,Mysłowice,Mysłowice,śląskie
41-412,Mysłowice,Mysłowice,Mysłowice,śląskie
42-595,Myszkowice,Bobrowniki,będziński,śląskie
42-300,Myszków,Myszków,myszkowski,śląskie
38-506,Nadolany,Bukowsko,sanocki,podkarpackie
64-814,Nadolnik,Szamocin,chodzieski,wielkopolskie
78-642,Nagórze,Wałcz,wałecki,zachodniopomorskie
77-127,Nakla,Parchowo,bytowski,pomorskie
42-620,Nakło,Świerklaniec,tarnogórski,śląskie
39-110,Nawsie,Skrzyńskie,ropczycko-,podkarpackie
38-504,Niebieszczany,Sanok,sanocki,podkarpackie
36-047,Niechobrz,Boguchwała,rzeszowski,podkarpackie
33-205,Nieczajna,Tarnowska,dąbrowski,małopolskie
57-224,Niedźwiednik,Ziębice,ząbkowicki,dolnośląskie
57-222,Niedźwiedź,Ziębice,ząbkowicki,dolnośląskie
64-903,Niekursko,Trzcianka,czarnkowsko-,wielkopolskie
86-032,Niemcz,Osielsko,bydgoski,kujawsko-pomorskie
36-052,Nienadówka,Małopolski,rzeszowski,podkarpackie
32-005,Niepołomice,Niepołomice,wielicki,małopolskie
87-730,Nieszawa,Nieszawa,aleksandrowski,kujawsko-pomorskie
64-604,Nieszawa,Goślina,poznański,wielkopolskie
77-132,Niezabyszewo,Bytów,bytowski,pomorskie
42-624,Niezdara,Ożarowice,tarnogórski,śląskie
10-376,Nikielkowo,Barczewo,olsztyński,warmińsko-mazurskie
48-321,Niwnica,Nysa,nyski,opolskie
76-122,Noskowo,Sławno,sławieński,zachodniopomorskie
36-046,Nosówka,Boguchwała,rzeszowski,podkarpackie
33-151,Nowa,Góra,tarnowski,małopolskie
59-818,Nowa,Siekierczyn,lubański,dolnośląskie
57-402,Nowa,Ruda,kłodzki,dolnośląskie
57-401,Nowa,Ruda,kłodzki,dolnośląskie
88-235,Nowa,Kujawski,radziejowski,kujawsko-pomorskie
36-001,Nowa,Trzebownisko,rzeszowski,podkarpackie
59-525,Nowa,Pielgrzymka,złotoryjski,dolnośląskie
57-431,Nowa,Ruda,kłodzki,dolnośląskie
42-622,Nowe,Świerklaniec,tarnogórski,śląskie
08-103,Nowe,Siedlce,siedlecki,mazowieckie
07-206,Nowe,Somianka,wyszkowski,mazowieckie
83-433,Nowe,Kiszewa,kościerski,pomorskie
06-124,Nowe,Gzy,pułtuski,mazowieckie
05-100,Nowy,Mazowiecki,nowodworski,mazowieckie
05-160,Nowy,Mazowiecki,nowodworski,mazowieckie
37-612,Nowy,Cieszanów,lubaczowski,podkarpackie
57-511,Nowy,Kłodzka,kłodzki,dolnośląskie
77-115,Nożyno,Dąbrówka,bytowski,pomorskie
48-304,Nysa,Nysa,nyski,opolskie
59-335,Obora,Lubin,lubiński,dolnośląskie
32-003,Ochmanów,Niepołomice,wielicki,małopolskie
32-040,Ochojno,Górne,krakowski,małopolskie
34-452,Ochotnica,Dolna,nowotarski,małopolskie
34-453,Ochotnica,Dolna,nowotarski,małopolskie
32-047,Ojców,Skała,krakowski,małopolskie
87-511,Okalewo,Skrwilno,rypiński,kujawsko-pomorskie
39-100,Okonin,Ropczyce,ropczycko-,podkarpackie
21-480,Okrzeja,Krzywda,łukowski,lubelskie
78-513,Oleszno,Pomorskie,drawski,zachodniopomorskie
59-517,Olszanica,Zagrodno,złotoryjski,dolnośląskie
38-722,Olszanica,Olszanica,leski,podkarpackie
10-092,Olsztyn,Olsztyn,Olsztyn,warmińsko-mazurskie
10-241,Olsztyn,Olsztyn,Olsztyn,warmińsko-mazurskie
10-763,Olsztyn,Olsztyn,Olsztyn,warmińsko-mazurskie
10-537,Olsztyn,Olsztyn,Olsztyn,warmińsko-mazurskie
10-536,Olsztyn,Olsztyn,Olsztyn,warmińsko-mazurskie
10-045,Olsztyn,Olsztyn,Olsztyn,warmińsko-mazurskie
10-047,Olsztyn,Olsztyn,Olsztyn,warmińsko-mazurskie
10-044,Olsztyn,Olsztyn,Olsztyn,warmińsko-mazurskie
10-046,Olsztyn,Olsztyn,Olsztyn,warmińsko-mazurskie
10-327,Olsztyn,Olsztyn,Olsztyn,warmińsko-mazurskie
10-179,Olsztyn,Olsztyn,Olsztyn,warmińsko-mazurskie
10-757,Olsztyn,Olsztyn,Olsztyn,warmińsko-mazurskie
10-147,Olsztyn,Olsztyn,Olsztyn,warmińsko-mazurskie
10-698,Olsztyn,Olsztyn,Olsztyn,warmińsko-mazurskie
10-148,Olsztyn,Olsztyn,Olsztyn,warmińsko-mazurskie
10-151,Olsztyn,Olsztyn,Olsztyn,warmińsko-mazurskie
10-225,Olsztyn,Olsztyn,Olsztyn,warmińsko-mazurskie
10-290,Olsztyn,Olsztyn,Olsztyn,warmińsko-mazurskie
10-291,Olsztyn,Olsztyn,Olsztyn,warmińsko-mazurskie
10-292,Olsztyn,Olsztyn,Olsztyn,warmińsko-mazurskie
10-224,Olsztyn,Olsztyn,Olsztyn,warmińsko-mazurskie
10-227,Olsztyn,Olsztyn,Olsztyn,warmińsko-mazurskie
10-229,Olsztyn,Olsztyn,Olsztyn,warmińsko-mazurskie
10-226,Olsztyn,Olsztyn,Olsztyn,warmińsko-mazurskie
10-228,Olsztyn,Olsztyn,Olsztyn,warmińsko-mazurskie
10-230,Olsztyn,Olsztyn,Olsztyn,warmińsko-mazurskie
10-640,Olsztyn,Olsztyn,Olsztyn,warmińsko-mazurskie
10-693,Olsztyn,Olsztyn,Olsztyn,warmińsko-mazurskie
10-072,Olsztyn,Olsztyn,Olsztyn,warmińsko-mazurskie
10-165,Olsztyn,Olsztyn,Olsztyn,warmińsko-mazurskie
10-016,Olsztyn,Olsztyn,Olsztyn,warmińsko-mazurskie
10-705,Olsztyn,Olsztyn,Olsztyn,warmińsko-mazurskie
10-706,Olsztyn,Olsztyn,Olsztyn,warmińsko-mazurskie
10-683,Olsztyn,Olsztyn,Olsztyn,warmińsko-mazurskie
10-696,Olsztyn,Olsztyn,Olsztyn,warmińsko-mazurskie
10-686,Olsztyn,Olsztyn,Olsztyn,warmińsko-mazurskie
10-136,Olsztyn,Olsztyn,Olsztyn,warmińsko-mazurskie
10-135,Olsztyn,Olsztyn,Olsztyn,warmińsko-mazurskie
10-176,Olsztyn,Olsztyn,Olsztyn,warmińsko-mazurskie
10-144,Olsztyn,Olsztyn,Olsztyn,warmińsko-mazurskie
10-175,Olsztyn,Olsztyn,Olsztyn,warmińsko-mazurskie
10-628,Olsztyn,Olsztyn,Olsztyn,warmińsko-mazurskie
10-022,Olsztyn,Olsztyn,Olsztyn,warmińsko-mazurskie
10-685,Olsztyn,Olsztyn,Olsztyn,warmińsko-mazurskie
10-061,Olsztyn,Olsztyn,Olsztyn,warmińsko-mazurskie
10-699,Olsztyn,Olsztyn,Olsztyn,warmińsko-mazurskie
10-855,Olsztyn,Olsztyn,Olsztyn,warmińsko-mazurskie
10-066,Olsztyn,Olsztyn,Olsztyn,warmińsko-mazurskie
10-138,Olsztyn,Olsztyn,Olsztyn,warmińsko-mazurskie
10-673,Olsztyn,Olsztyn,Olsztyn,warmińsko-mazurskie
10-666,Olsztyn,Olsztyn,Olsztyn,warmińsko-mazurskie
10-667,Olsztyn,Olsztyn,Olsztyn,warmińsko-mazurskie
10-662,Olsztyn,Olsztyn,Olsztyn,warmińsko-mazurskie
10-668,Olsztyn,Olsztyn,Olsztyn,warmińsko-mazurskie
10-751,Olsztyn,Olsztyn,Olsztyn,warmińsko-mazurskie
10-862,Olsztyn,Olsztyn,Olsztyn,warmińsko-mazurskie
10-137,Olsztyn,Olsztyn,Olsztyn,warmińsko-mazurskie
10-166,Olsztyn,Olsztyn,Olsztyn,warmińsko-mazurskie
10-033,Olsztyn,Olsztyn,Olsztyn,warmińsko-mazurskie
10-087,Olsztyn,Olsztyn,Olsztyn,warmińsko-mazurskie
10-242,Olsztyn,Olsztyn,Olsztyn,warmińsko-mazurskie
10-669,Olsztyn,Olsztyn,Olsztyn,warmińsko-mazurskie
10-177,Olsztyn,Olsztyn,Olsztyn,warmińsko-mazurskie
10-417,Olsztyn,Olsztyn,Olsztyn,warmińsko-mazurskie
10-424,Olsztyn,Olsztyn,Olsztyn,warmińsko-mazurskie
10-154,Olsztyn,Olsztyn,Olsztyn,warmińsko-mazurskie
10-243,Olsztyn,Olsztyn,Olsztyn,warmińsko-mazurskie
10-429,Olsztyn,Olsztyn,Olsztyn,warmińsko-mazurskie
10-842,Olsztyn,Olsztyn,Olsztyn,warmińsko-mazurskie
10-843,Olsztyn,Olsztyn,Olsztyn,warmińsko-mazurskie
10-767,Olsztyn,Olsztyn,Olsztyn,warmińsko-mazurskie
10-244,Olsztyn,Olsztyn,Olsztyn,warmińsko-mazurskie
10-856,Olsztyn,Olsztyn,Olsztyn,warmińsko-mazurskie
10-840,Olsztyn,Olsztyn,Olsztyn,warmińsko-mazurskie
10-841,Olsztyn,Olsztyn,Olsztyn,warmińsko-mazurskie
10-332,Olsztyn,Olsztyn,Olsztyn,warmińsko-mazurskie
10-313,Olsztyn,Olsztyn,Olsztyn,warmińsko-mazurskie
10-670,Olsztyn,Olsztyn,Olsztyn,warmińsko-mazurskie
10-720,Olsztyn,Olsztyn,Olsztyn,warmińsko-mazurskie
10-110,Olsztyn,Olsztyn,Olsztyn,warmińsko-mazurskie
10-109,Olsztyn,Olsztyn,Olsztyn,warmińsko-mazurskie
10-111,Olsztyn,Olsztyn,Olsztyn,warmińsko-mazurskie
10-112,Olsztyn,Olsztyn,Olsztyn,warmińsko-mazurskie
10-139,Olsztyn,Olsztyn,Olsztyn,warmińsko-mazurskie
10-329,Olsztyn,Olsztyn,Olsztyn,warmińsko-mazurskie
10-330,Olsztyn,Olsztyn,Olsztyn,warmińsko-mazurskie
10-635,Olsztyn,Olsztyn,Olsztyn,warmińsko-mazurskie
10-636,Olsztyn,Olsztyn,Olsztyn,warmińsko-mazurskie
10-171,Olsztyn,Olsztyn,Olsztyn,warmińsko-mazurskie
10-538,Olsztyn,Olsztyn,Olsztyn,warmińsko-mazurskie
10-539,Olsztyn,Olsztyn,Olsztyn,warmińsko-mazurskie
10-540,Olsztyn,Olsztyn,Olsztyn,warmińsko-mazurskie
10-541,Olsztyn,Olsztyn,Olsztyn,warmińsko-mazurskie
10-542,Olsztyn,Olsztyn,Olsztyn,warmińsko-mazurskie
10-543,Olsztyn,Olsztyn,Olsztyn,warmińsko-mazurskie
10-158,Olsztyn,Olsztyn,Olsztyn,warmińsko-mazurskie
10-024,Olsztyn,Olsztyn,Olsztyn,warmińsko-mazurskie
10-650,Olsztyn,Olsztyn,Olsztyn,warmińsko-mazurskie
10-651,Olsztyn,Olsztyn,Olsztyn,warmińsko-mazurskie
10-858,Olsztyn,Olsztyn,Olsztyn,warmińsko-mazurskie
10-752,Olsztyn,Olsztyn,Olsztyn,warmińsko-mazurskie
10-413,Olsztyn,Olsztyn,Olsztyn,warmińsko-mazurskie
10-414,Olsztyn,Olsztyn,Olsztyn,warmińsko-mazurskie
10-437,Olsztyn,Olsztyn,Olsztyn,warmińsko-mazurskie
10-436,Olsztyn,Olsztyn,Olsztyn,warmińsko-mazurskie
10-438,Olsztyn,Olsztyn,Olsztyn,warmińsko-mazurskie
10-723,Olsztyn,Olsztyn,Olsztyn,warmińsko-mazurskie
10-069,Olsztyn,Olsztyn,Olsztyn,warmińsko-mazurskie
10-091,Olsztyn,Olsztyn,Olsztyn,warmińsko-mazurskie
10-861,Olsztyn,Olsztyn,Olsztyn,warmińsko-mazurskie
10-672,Olsztyn,Olsztyn,Olsztyn,warmińsko-mazurskie
10-209,Olsztyn,Olsztyn,Olsztyn,warmińsko-mazurskie
10-210,Olsztyn,Olsztyn,Olsztyn,warmińsko-mazurskie
10-212,Olsztyn,Olsztyn,Olsztyn,warmińsko-mazurskie
10-211,Olsztyn,Olsztyn,Olsztyn,warmińsko-mazurskie
10-692,Olsztyn,Olsztyn,Olsztyn,warmińsko-mazurskie
10-358,Olsztyn,Olsztyn,Olsztyn,warmińsko-mazurskie
10-359,Olsztyn,Olsztyn,Olsztyn,warmińsko-mazurskie
10-009,Olsztyn,Olsztyn,Olsztyn,warmińsko-mazurskie
10-089,Olsztyn,Olsztyn,Olsztyn,warmińsko-mazurskie
10-254,Olsztyn,Olsztyn,Olsztyn,warmińsko-mazurskie
10-608,Olsztyn,Olsztyn,Olsztyn,warmińsko-mazurskie
10-609,Olsztyn,Olsztyn,Olsztyn,warmińsko-mazurskie
10-516,Olsztyn,Olsztyn,Olsztyn,warmińsko-mazurskie
10-088,Olsztyn,Olsztyn,Olsztyn,warmińsko-mazurskie
10-691,Olsztyn,Olsztyn,Olsztyn,warmińsko-mazurskie
10-170,Olsztyn,Olsztyn,Olsztyn,warmińsko-mazurskie
10-447,Olsztyn,Olsztyn,Olsztyn,warmińsko-mazurskie
10-448,Olsztyn,Olsztyn,Olsztyn,warmińsko-mazurskie
10-563,Olsztyn,Olsztyn,Olsztyn,warmińsko-mazurskie
10-564,Olsztyn,Olsztyn,Olsztyn,warmińsko-mazurskie
10-631,Olsztyn,Olsztyn,Olsztyn,warmińsko-mazurskie
10-632,Olsztyn,Olsztyn,Olsztyn,warmińsko-mazurskie
10-634,Olsztyn,Olsztyn,Olsztyn,warmińsko-mazurskie
10-625,Olsztyn,Olsztyn,Olsztyn,warmińsko-mazurskie
10-633,Olsztyn,Olsztyn,Olsztyn,warmińsko-mazurskie
10-040,Olsztyn,Olsztyn,Olsztyn,warmińsko-mazurskie
10-766,Olsztyn,Olsztyn,Olsztyn,warmińsko-mazurskie
10-161,Olsztyn,Olsztyn,Olsztyn,warmińsko-mazurskie
10-056,Olsztyn,Olsztyn,Olsztyn,warmińsko-mazurskie
10-660,Olsztyn,Olsztyn,Olsztyn,warmińsko-mazurskie
10-824,Olsztyn,Olsztyn,Olsztyn,warmińsko-mazurskie
10-825,Olsztyn,Olsztyn,Olsztyn,warmińsko-mazurskie
10-579,Olsztyn,Olsztyn,Olsztyn,warmińsko-mazurskie
10-123,Olsztyn,Olsztyn,Olsztyn,warmińsko-mazurskie
10-124,Olsztyn,Olsztyn,Olsztyn,warmińsko-mazurskie
10-126,Olsztyn,Olsztyn,Olsztyn,warmińsko-mazurskie
10-125,Olsztyn,Olsztyn,Olsztyn,warmińsko-mazurskie
10-745,Olsztyn,Olsztyn,Olsztyn,warmińsko-mazurskie
10-820,Olsztyn,Olsztyn,Olsztyn,warmińsko-mazurskie
10-048,Olsztyn,Olsztyn,Olsztyn,warmińsko-mazurskie
10-711,Olsztyn,Olsztyn,Olsztyn,warmińsko-mazurskie
10-724,Olsztyn,Olsztyn,Olsztyn,warmińsko-mazurskie
10-585,Olsztyn,Olsztyn,Olsztyn,warmińsko-mazurskie
10-586,Olsztyn,Olsztyn,Olsztyn,warmińsko-mazurskie
10-754,Olsztyn,Olsztyn,Olsztyn,warmińsko-mazurskie
10-131,Olsztyn,Olsztyn,Olsztyn,warmińsko-mazurskie
10-132,Olsztyn,Olsztyn,Olsztyn,warmińsko-mazurskie
10-271,Olsztyn,Olsztyn,Olsztyn,warmińsko-mazurskie
10-272,Olsztyn,Olsztyn,Olsztyn,warmińsko-mazurskie
10-273,Olsztyn,Olsztyn,Olsztyn,warmińsko-mazurskie
10-274,Olsztyn,Olsztyn,Olsztyn,warmińsko-mazurskie
10-283,Olsztyn,Olsztyn,Olsztyn,warmińsko-mazurskie
10-238,Olsztyn,Olsztyn,Olsztyn,warmińsko-mazurskie
10-237,Olsztyn,Olsztyn,Olsztyn,warmińsko-mazurskie
10-240,Olsztyn,Olsztyn,Olsztyn,warmińsko-mazurskie
10-239,Olsztyn,Olsztyn,Olsztyn,warmińsko-mazurskie
10-357,Olsztyn,Olsztyn,Olsztyn,warmińsko-mazurskie
10-356,Olsztyn,Olsztyn,Olsztyn,warmińsko-mazurskie
10-186,Olsztyn,Olsztyn,Olsztyn,warmińsko-mazurskie
10-101,Olsztyn,Olsztyn,Olsztyn,warmińsko-mazurskie
10-102,Olsztyn,Olsztyn,Olsztyn,warmińsko-mazurskie
10-427,Olsztyn,Olsztyn,Olsztyn,warmińsko-mazurskie
10-039,Olsztyn,Olsztyn,Olsztyn,warmińsko-mazurskie
10-379,Olsztyn,Olsztyn,Olsztyn,warmińsko-mazurskie
10-690,Olsztyn,Olsztyn,Olsztyn,warmińsko-mazurskie
10-153,Olsztyn,Olsztyn,Olsztyn,warmińsko-mazurskie
10-852,Olsztyn,Olsztyn,Olsztyn,warmińsko-mazurskie
10-323,Olsztyn,Olsztyn,Olsztyn,warmińsko-mazurskie
10-324,Olsztyn,Olsztyn,Olsztyn,warmińsko-mazurskie
10-814,Olsztyn,Olsztyn,Olsztyn,warmińsko-mazurskie
10-815,Olsztyn,Olsztyn,Olsztyn,warmińsko-mazurskie
10-164,Olsztyn,Olsztyn,Olsztyn,warmińsko-mazurskie
10-064,Olsztyn,Olsztyn,Olsztyn,warmińsko-mazurskie
10-189,Olsztyn,Olsztyn,Olsztyn,warmińsko-mazurskie
10-546,Olsztyn,Olsztyn,Olsztyn,warmińsko-mazurskie
10-547,Olsztyn,Olsztyn,Olsztyn,warmińsko-mazurskie
10-755,Olsztyn,Olsztyn,Olsztyn,warmińsko-mazurskie
10-722,Olsztyn,Olsztyn,Olsztyn,warmińsko-mazurskie
10-853,Olsztyn,Olsztyn,Olsztyn,warmińsko-mazurskie
10-583,Olsztyn,Olsztyn,Olsztyn,warmińsko-mazurskie
10-276,Olsztyn,Olsztyn,Olsztyn,warmińsko-mazurskie
10-772,Olsztyn,Olsztyn,Olsztyn,warmińsko-mazurskie
10-219,Olsztyn,Olsztyn,Olsztyn,warmińsko-mazurskie
10-220,Olsztyn,Olsztyn,Olsztyn,warmińsko-mazurskie
10-221,Olsztyn,Olsztyn,Olsztyn,warmińsko-mazurskie
10-222,Olsztyn,Olsztyn,Olsztyn,warmińsko-mazurskie
10-057,Olsztyn,Olsztyn,Olsztyn,warmińsko-mazurskie
10-156,Olsztyn,Olsztyn,Olsztyn,warmińsko-mazurskie
10-251,Olsztyn,Olsztyn,Olsztyn,warmińsko-mazurskie
10-252,Olsztyn,Olsztyn,Olsztyn,warmińsko-mazurskie
10-062,Olsztyn,Olsztyn,Olsztyn,warmińsko-mazurskie
10-514,Olsztyn,Olsztyn,Olsztyn,warmińsko-mazurskie
10-515,Olsztyn,Olsztyn,Olsztyn,warmińsko-mazurskie
10-838,Olsztyn,Olsztyn,Olsztyn,warmińsko-mazurskie
10-839,Olsztyn,Olsztyn,Olsztyn,warmińsko-mazurskie
10-506,Olsztyn,Olsztyn,Olsztyn,warmińsko-mazurskie
10-507,Olsztyn,Olsztyn,Olsztyn,warmińsko-mazurskie
10-423,Olsztyn,Olsztyn,Olsztyn,warmińsko-mazurskie
10-285,Olsztyn,Olsztyn,Olsztyn,warmińsko-mazurskie
10-155,Olsztyn,Olsztyn,Olsztyn,warmińsko-mazurskie
10-818,Olsztyn,Olsztyn,Olsztyn,warmińsko-mazurskie
10-819,Olsztyn,Olsztyn,Olsztyn,warmińsko-mazurskie
10-015,Olsztyn,Olsztyn,Olsztyn,warmińsko-mazurskie
10-284,Olsztyn,Olsztyn,Olsztyn,warmińsko-mazurskie
10-034,Olsztyn,Olsztyn,Olsztyn,warmińsko-mazurskie
10-035,Olsztyn,Olsztyn,Olsztyn,warmińsko-mazurskie
10-442,Olsztyn,Olsztyn,Olsztyn,warmińsko-mazurskie
10-443,Olsztyn,Olsztyn,Olsztyn,warmińsko-mazurskie
10-444,Olsztyn,Olsztyn,Olsztyn,warmińsko-mazurskie
10-445,Olsztyn,Olsztyn,Olsztyn,warmińsko-mazurskie
10-431,Olsztyn,Olsztyn,Olsztyn,warmińsko-mazurskie
10-430,Olsztyn,Olsztyn,Olsztyn,warmińsko-mazurskie
10-432,Olsztyn,Olsztyn,Olsztyn,warmińsko-mazurskie
10-434,Olsztyn,Olsztyn,Olsztyn,warmińsko-mazurskie
10-808,Olsztyn,Olsztyn,Olsztyn,warmińsko-mazurskie
10-809,Olsztyn,Olsztyn,Olsztyn,warmińsko-mazurskie
10-168,Olsztyn,Olsztyn,Olsztyn,warmińsko-mazurskie
10-589,Olsztyn,Olsztyn,Olsztyn,warmińsko-mazurskie
10-532,Olsztyn,Olsztyn,Olsztyn,warmińsko-mazurskie
10-533,Olsztyn,Olsztyn,Olsztyn,warmińsko-mazurskie
10-510,Olsztyn,Olsztyn,Olsztyn,warmińsko-mazurskie
10-511,Olsztyn,Olsztyn,Olsztyn,warmińsko-mazurskie
10-551,Olsztyn,Olsztyn,Olsztyn,warmińsko-mazurskie
10-512,Olsztyn,Olsztyn,Olsztyn,warmińsko-mazurskie
10-513,Olsztyn,Olsztyn,Olsztyn,warmińsko-mazurskie
10-157,Olsztyn,Olsztyn,Olsztyn,warmińsko-mazurskie
10-086,Olsztyn,Olsztyn,Olsztyn,warmińsko-mazurskie
10-349,Olsztyn,Olsztyn,Olsztyn,warmińsko-mazurskie
10-621,Olsztyn,Olsztyn,Olsztyn,warmińsko-mazurskie
10-622,Olsztyn,Olsztyn,Olsztyn,warmińsko-mazurskie
10-584,Olsztyn,Olsztyn,Olsztyn,warmińsko-mazurskie
10-502,Olsztyn,Olsztyn,Olsztyn,warmińsko-mazurskie
10-501,Olsztyn,Olsztyn,Olsztyn,warmińsko-mazurskie
10-504,Olsztyn,Olsztyn,Olsztyn,warmińsko-mazurskie
10-503,Olsztyn,Olsztyn,Olsztyn,warmińsko-mazurskie
10-587,Olsztyn,Olsztyn,Olsztyn,warmińsko-mazurskie
10-588,Olsztyn,Olsztyn,Olsztyn,warmińsko-mazurskie
10-553,Olsztyn,Olsztyn,Olsztyn,warmińsko-mazurskie
10-552,Olsztyn,Olsztyn,Olsztyn,warmińsko-mazurskie
10-555,Olsztyn,Olsztyn,Olsztyn,warmińsko-mazurskie
10-554,Olsztyn,Olsztyn,Olsztyn,warmińsko-mazurskie
10-188,Olsztyn,Olsztyn,Olsztyn,warmińsko-mazurskie
10-286,Olsztyn,Olsztyn,Olsztyn,warmińsko-mazurskie
10-769,Olsztyn,Olsztyn,Olsztyn,warmińsko-mazurskie
10-615,Olsztyn,Olsztyn,Olsztyn,warmińsko-mazurskie
10-614,Olsztyn,Olsztyn,Olsztyn,warmińsko-mazurskie
10-169,Olsztyn,Olsztyn,Olsztyn,warmińsko-mazurskie
10-130,Olsztyn,Olsztyn,Olsztyn,warmińsko-mazurskie
10-129,Olsztyn,Olsztyn,Olsztyn,warmińsko-mazurskie
10-648,Olsztyn,Olsztyn,Olsztyn,warmińsko-mazurskie
10-649,Olsztyn,Olsztyn,Olsztyn,warmińsko-mazurskie
10-713,Olsztyn,Olsztyn,Olsztyn,warmińsko-mazurskie
10-529,Olsztyn,Olsztyn,Olsztyn,warmińsko-mazurskie
10-528,Olsztyn,Olsztyn,Olsztyn,warmińsko-mazurskie
10-021,Olsztyn,Olsztyn,Olsztyn,warmińsko-mazurskie
10-051,Olsztyn,Olsztyn,Olsztyn,warmińsko-mazurskie
10-454,Olsztyn,Olsztyn,Olsztyn,warmińsko-mazurskie
10-173,Olsztyn,Olsztyn,Olsztyn,warmińsko-mazurskie
10-362,Olsztyn,Olsztyn,Olsztyn,warmińsko-mazurskie
10-363,Olsztyn,Olsztyn,Olsztyn,warmińsko-mazurskie
10-184,Olsztyn,Olsztyn,Olsztyn,warmińsko-mazurskie
10-721,Olsztyn,Olsztyn,Olsztyn,warmińsko-mazurskie
10-340,Olsztyn,Olsztyn,Olsztyn,warmińsko-mazurskie
10-341,Olsztyn,Olsztyn,Olsztyn,warmińsko-mazurskie
10-342,Olsztyn,Olsztyn,Olsztyn,warmińsko-mazurskie
10-343,Olsztyn,Olsztyn,Olsztyn,warmińsko-mazurskie
10-163,Olsztyn,Olsztyn,Olsztyn,warmińsko-mazurskie
10-534,Olsztyn,Olsztyn,Olsztyn,warmińsko-mazurskie
10-535,Olsztyn,Olsztyn,Olsztyn,warmińsko-mazurskie
10-065,Olsztyn,Olsztyn,Olsztyn,warmińsko-mazurskie
10-104,Olsztyn,Olsztyn,Olsztyn,warmińsko-mazurskie
10-103,Olsztyn,Olsztyn,Olsztyn,warmińsko-mazurskie
10-121,Olsztyn,Olsztyn,Olsztyn,warmińsko-mazurskie
10-055,Olsztyn,Olsztyn,Olsztyn,warmińsko-mazurskie
10-404,Olsztyn,Olsztyn,Olsztyn,warmińsko-mazurskie
10-405,Olsztyn,Olsztyn,Olsztyn,warmińsko-mazurskie
10-406,Olsztyn,Olsztyn,Olsztyn,warmińsko-mazurskie
10-407,Olsztyn,Olsztyn,Olsztyn,warmińsko-mazurskie
10-409,Olsztyn,Olsztyn,Olsztyn,warmińsko-mazurskie
10-408,Olsztyn,Olsztyn,Olsztyn,warmińsko-mazurskie
10-410,Olsztyn,Olsztyn,Olsztyn,warmińsko-mazurskie
10-610,Olsztyn,Olsztyn,Olsztyn,warmińsko-mazurskie
10-611,Olsztyn,Olsztyn,Olsztyn,warmińsko-mazurskie
10-182,Olsztyn,Olsztyn,Olsztyn,warmińsko-mazurskie
10-680,Olsztyn,Olsztyn,Olsztyn,warmińsko-mazurskie
10-676,Olsztyn,Olsztyn,Olsztyn,warmińsko-mazurskie
10-679,Olsztyn,Olsztyn,Olsztyn,warmińsko-mazurskie
10-859,Olsztyn,Olsztyn,Olsztyn,warmińsko-mazurskie
10-426,Olsztyn,Olsztyn,Olsztyn,warmińsko-mazurskie
10-117,Olsztyn,Olsztyn,Olsztyn,warmińsko-mazurskie
10-118,Olsztyn,Olsztyn,Olsztyn,warmińsko-mazurskie
10-119,Olsztyn,Olsztyn,Olsztyn,warmińsko-mazurskie
10-848,Olsztyn,Olsztyn,Olsztyn,warmińsko-mazurskie
10-849,Olsztyn,Olsztyn,Olsztyn,warmińsko-mazurskie
10-255,Olsztyn,Olsztyn,Olsztyn,warmińsko-mazurskie
10-316,Olsztyn,Olsztyn,Olsztyn,warmińsko-mazurskie
10-293,Olsztyn,Olsztyn,Olsztyn,warmińsko-mazurskie
10-113,Olsztyn,Olsztyn,Olsztyn,warmińsko-mazurskie
10-052,Olsztyn,Olsztyn,Olsztyn,warmińsko-mazurskie
10-013,Olsztyn,Olsztyn,Olsztyn,warmińsko-mazurskie
10-774,Olsztyn,Olsztyn,Olsztyn,warmińsko-mazurskie
10-575,Olsztyn,Olsztyn,Olsztyn,warmińsko-mazurskie
10-576,Olsztyn,Olsztyn,Olsztyn,warmińsko-mazurskie
10-577,Olsztyn,Olsztyn,Olsztyn,warmińsko-mazurskie
10-578,Olsztyn,Olsztyn,Olsztyn,warmińsko-mazurskie
10-450,Olsztyn,Olsztyn,Olsztyn,warmińsko-mazurskie
10-950,Olsztyn,Olsztyn,Olsztyn,warmińsko-mazurskie
10-449,Olsztyn,Olsztyn,Olsztyn,warmińsko-mazurskie
10-090,Olsztyn,Olsztyn,Olsztyn,warmińsko-mazurskie
10-664,Olsztyn,Olsztyn,Olsztyn,warmińsko-mazurskie
10-517,Olsztyn,Olsztyn,Olsztyn,warmińsko-mazurskie
10-518,Olsztyn,Olsztyn,Olsztyn,warmińsko-mazurskie
10-519,Olsztyn,Olsztyn,Olsztyn,warmińsko-mazurskie
10-612,Olsztyn,Olsztyn,Olsztyn,warmińsko-mazurskie
10-613,Olsztyn,Olsztyn,Olsztyn,warmińsko-mazurskie
10-603,Olsztyn,Olsztyn,Olsztyn,warmińsko-mazurskie
10-548,Olsztyn,Olsztyn,Olsztyn,warmińsko-mazurskie
10-549,Olsztyn,Olsztyn,Olsztyn,warmińsko-mazurskie
10-550,Olsztyn,Olsztyn,Olsztyn,warmińsko-mazurskie
10-509,Olsztyn,Olsztyn,Olsztyn,warmińsko-mazurskie
10-508,Olsztyn,Olsztyn,Olsztyn,warmińsko-mazurskie
10-054,Olsztyn,Olsztyn,Olsztyn,warmińsko-mazurskie
10-031,Olsztyn,Olsztyn,Olsztyn,warmińsko-mazurskie
10-032,Olsztyn,Olsztyn,Olsztyn,warmińsko-mazurskie
10-768,Olsztyn,Olsztyn,Olsztyn,warmińsko-mazurskie
10-756,Olsztyn,Olsztyn,Olsztyn,warmińsko-mazurskie
10-036,Olsztyn,Olsztyn,Olsztyn,warmińsko-mazurskie
10-037,Olsztyn,Olsztyn,Olsztyn,warmińsko-mazurskie
10-275,Olsztyn,Olsztyn,Olsztyn,warmińsko-mazurskie
10-325,Olsztyn,Olsztyn,Olsztyn,warmińsko-mazurskie
10-326,Olsztyn,Olsztyn,Olsztyn,warmińsko-mazurskie
10-145,Olsztyn,Olsztyn,Olsztyn,warmińsko-mazurskie
10-337,Olsztyn,Olsztyn,Olsztyn,warmińsko-mazurskie
10-684,Olsztyn,Olsztyn,Olsztyn,warmińsko-mazurskie
10-078,Olsztyn,Olsztyn,Olsztyn,warmińsko-mazurskie
10-172,Olsztyn,Olsztyn,Olsztyn,warmińsko-mazurskie
10-581,Olsztyn,Olsztyn,Olsztyn,warmińsko-mazurskie
10-816,Olsztyn,Olsztyn,Olsztyn,warmińsko-mazurskie
10-817,Olsztyn,Olsztyn,Olsztyn,warmińsko-mazurskie
10-642,Olsztyn,Olsztyn,Olsztyn,warmińsko-mazurskie
10-643,Olsztyn,Olsztyn,Olsztyn,warmińsko-mazurskie
10-345,Olsztyn,Olsztyn,Olsztyn,warmińsko-mazurskie
10-346,Olsztyn,Olsztyn,Olsztyn,warmińsko-mazurskie
10-347,Olsztyn,Olsztyn,Olsztyn,warmińsko-mazurskie
10-348,Olsztyn,Olsztyn,Olsztyn,warmińsko-mazurskie
10-566,Olsztyn,Olsztyn,Olsztyn,warmińsko-mazurskie
10-162,Olsztyn,Olsztyn,Olsztyn,warmińsko-mazurskie
10-725,Olsztyn,Olsztyn,Olsztyn,warmińsko-mazurskie
10-606,Olsztyn,Olsztyn,Olsztyn,warmińsko-mazurskie
10-607,Olsztyn,Olsztyn,Olsztyn,warmińsko-mazurskie
10-719,Olsztyn,Olsztyn,Olsztyn,warmińsko-mazurskie
10-213,Olsztyn,Olsztyn,Olsztyn,warmińsko-mazurskie
10-214,Olsztyn,Olsztyn,Olsztyn,warmińsko-mazurskie
10-216,Olsztyn,Olsztyn,Olsztyn,warmińsko-mazurskie
10-215,Olsztyn,Olsztyn,Olsztyn,warmińsko-mazurskie
10-218,Olsztyn,Olsztyn,Olsztyn,warmińsko-mazurskie
10-217,Olsztyn,Olsztyn,Olsztyn,warmińsko-mazurskie
10-812,Olsztyn,Olsztyn,Olsztyn,warmińsko-mazurskie
10-813,Olsztyn,Olsztyn,Olsztyn,warmińsko-mazurskie
10-075,Olsztyn,Olsztyn,Olsztyn,warmińsko-mazurskie
10-836,Olsztyn,Olsztyn,Olsztyn,warmińsko-mazurskie
10-837,Olsztyn,Olsztyn,Olsztyn,warmińsko-mazurskie
10-266,Olsztyn,Olsztyn,Olsztyn,warmińsko-mazurskie
10-674,Olsztyn,Olsztyn,Olsztyn,warmińsko-mazurskie
10-626,Olsztyn,Olsztyn,Olsztyn,warmińsko-mazurskie
10-012,Olsztyn,Olsztyn,Olsztyn,warmińsko-mazurskie
10-011,Olsztyn,Olsztyn,Olsztyn,warmińsko-mazurskie
10-010,Olsztyn,Olsztyn,Olsztyn,warmińsko-mazurskie
10-860,Olsztyn,Olsztyn,Olsztyn,warmińsko-mazurskie
10-314,Olsztyn,Olsztyn,Olsztyn,warmińsko-mazurskie
10-315,Olsztyn,Olsztyn,Olsztyn,warmińsko-mazurskie
10-460,Olsztyn,Olsztyn,Olsztyn,warmińsko-mazurskie
10-461,Olsztyn,Olsztyn,Olsztyn,warmińsko-mazurskie
10-233,Olsztyn,Olsztyn,Olsztyn,warmińsko-mazurskie
10-522,Olsztyn,Olsztyn,Olsztyn,warmińsko-mazurskie
10-521,Olsztyn,Olsztyn,Olsztyn,warmińsko-mazurskie
10-524,Olsztyn,Olsztyn,Olsztyn,warmińsko-mazurskie
10-526,Olsztyn,Olsztyn,Olsztyn,warmińsko-mazurskie
10-401,Olsztyn,Olsztyn,Olsztyn,warmińsko-mazurskie
10-402,Olsztyn,Olsztyn,Olsztyn,warmińsko-mazurskie
10-523,Olsztyn,Olsztyn,Olsztyn,warmińsko-mazurskie
10-525,Olsztyn,Olsztyn,Olsztyn,warmińsko-mazurskie
10-527,Olsztyn,Olsztyn,Olsztyn,warmińsko-mazurskie
10-604,Olsztyn,Olsztyn,Olsztyn,warmińsko-mazurskie
10-605,Olsztyn,Olsztyn,Olsztyn,warmińsko-mazurskie
10-023,Olsztyn,Olsztyn,Olsztyn,warmińsko-mazurskie
10-003,Olsztyn,Olsztyn,Olsztyn,warmińsko-mazurskie
10-005,Olsztyn,Olsztyn,Olsztyn,warmińsko-mazurskie
10-006,Olsztyn,Olsztyn,Olsztyn,warmińsko-mazurskie
10-004,Olsztyn,Olsztyn,Olsztyn,warmińsko-mazurskie
10-675,Olsztyn,Olsztyn,Olsztyn,warmińsko-mazurskie
10-562,Olsztyn,Olsztyn,Olsztyn,warmińsko-mazurskie
10-619,Olsztyn,Olsztyn,Olsztyn,warmińsko-mazurskie
10-620,Olsztyn,Olsztyn,Olsztyn,warmińsko-mazurskie
10-850,Olsztyn,Olsztyn,Olsztyn,warmińsko-mazurskie
10-851,Olsztyn,Olsztyn,Olsztyn,warmińsko-mazurskie
10-191,Olsztyn,Olsztyn,Olsztyn,warmińsko-mazurskie
10-076,Olsztyn,Olsztyn,Olsztyn,warmińsko-mazurskie
10-646,Olsztyn,Olsztyn,Olsztyn,warmińsko-mazurskie
10-647,Olsztyn,Olsztyn,Olsztyn,warmińsko-mazurskie
10-059,Olsztyn,Olsztyn,Olsztyn,warmińsko-mazurskie
10-281,Olsztyn,Olsztyn,Olsztyn,warmińsko-mazurskie
10-282,Olsztyn,Olsztyn,Olsztyn,warmińsko-mazurskie
10-339,Olsztyn,Olsztyn,Olsztyn,warmińsko-mazurskie
10-319,Olsztyn,Olsztyn,Olsztyn,warmińsko-mazurskie
10-320,Olsztyn,Olsztyn,Olsztyn,warmińsko-mazurskie
10-080,Olsztyn,Olsztyn,Olsztyn,warmińsko-mazurskie
10-707,Olsztyn,Olsztyn,Olsztyn,warmińsko-mazurskie
10-708,Olsztyn,Olsztyn,Olsztyn,warmińsko-mazurskie
10-028,Olsztyn,Olsztyn,Olsztyn,warmińsko-mazurskie
10-029,Olsztyn,Olsztyn,Olsztyn,warmińsko-mazurskie
10-288,Olsztyn,Olsztyn,Olsztyn,warmińsko-mazurskie
10-418,Olsztyn,Olsztyn,Olsztyn,warmińsko-mazurskie
10-644,Olsztyn,Olsztyn,Olsztyn,warmińsko-mazurskie
10-645,Olsztyn,Olsztyn,Olsztyn,warmińsko-mazurskie
10-049,Olsztyn,Olsztyn,Olsztyn,warmińsko-mazurskie
10-050,Olsztyn,Olsztyn,Olsztyn,warmińsko-mazurskie
10-602,Olsztyn,Olsztyn,Olsztyn,warmińsko-mazurskie
10-601,Olsztyn,Olsztyn,Olsztyn,warmińsko-mazurskie
10-832,Olsztyn,Olsztyn,Olsztyn,warmińsko-mazurskie
10-833,Olsztyn,Olsztyn,Olsztyn,warmińsko-mazurskie
10-688,Olsztyn,Olsztyn,Olsztyn,warmińsko-mazurskie
10-294,Olsztyn,Olsztyn,Olsztyn,warmińsko-mazurskie
10-295,Olsztyn,Olsztyn,Olsztyn,warmińsko-mazurskie
10-205,Olsztyn,Olsztyn,Olsztyn,warmińsko-mazurskie
10-206,Olsztyn,Olsztyn,Olsztyn,warmińsko-mazurskie
10-207,Olsztyn,Olsztyn,Olsztyn,warmińsko-mazurskie
10-208,Olsztyn,Olsztyn,Olsztyn,warmińsko-mazurskie
10-185,Olsztyn,Olsztyn,Olsztyn,warmińsko-mazurskie
10-201,Olsztyn,Olsztyn,Olsztyn,warmińsko-mazurskie
10-202,Olsztyn,Olsztyn,Olsztyn,warmińsko-mazurskie
10-203,Olsztyn,Olsztyn,Olsztyn,warmińsko-mazurskie
10-259,Olsztyn,Olsztyn,Olsztyn,warmińsko-mazurskie
10-260,Olsztyn,Olsztyn,Olsztyn,warmińsko-mazurskie
10-261,Olsztyn,Olsztyn,Olsztyn,warmińsko-mazurskie
10-262,Olsztyn,Olsztyn,Olsztyn,warmińsko-mazurskie
10-116,Olsztyn,Olsztyn,Olsztyn,warmińsko-mazurskie
10-565,Olsztyn,Olsztyn,Olsztyn,warmińsko-mazurskie
10-333,Olsztyn,Olsztyn,Olsztyn,warmińsko-mazurskie
10-334,Olsztyn,Olsztyn,Olsztyn,warmińsko-mazurskie
10-336,Olsztyn,Olsztyn,Olsztyn,warmińsko-mazurskie
10-335,Olsztyn,Olsztyn,Olsztyn,warmińsko-mazurskie
10-030,Olsztyn,Olsztyn,Olsztyn,warmińsko-mazurskie
10-804,Olsztyn,Olsztyn,Olsztyn,warmińsko-mazurskie
10-805,Olsztyn,Olsztyn,Olsztyn,warmińsko-mazurskie
10-142,Olsztyn,Olsztyn,Olsztyn,warmińsko-mazurskie
10-149,Olsztyn,Olsztyn,Olsztyn,warmińsko-mazurskie
10-150,Olsztyn,Olsztyn,Olsztyn,warmińsko-mazurskie
10-844,Olsztyn,Olsztyn,Olsztyn,warmińsko-mazurskie
10-845,Olsztyn,Olsztyn,Olsztyn,warmińsko-mazurskie
10-678,Olsztyn,Olsztyn,Olsztyn,warmińsko-mazurskie
10-758,Olsztyn,Olsztyn,Olsztyn,warmińsko-mazurskie
10-530,Olsztyn,Olsztyn,Olsztyn,warmińsko-mazurskie
10-531,Olsztyn,Olsztyn,Olsztyn,warmińsko-mazurskie
10-073,Olsztyn,Olsztyn,Olsztyn,warmińsko-mazurskie
10-115,Olsztyn,Olsztyn,Olsztyn,warmińsko-mazurskie
10-063,Olsztyn,Olsztyn,Olsztyn,warmińsko-mazurskie
10-801,Olsztyn,Olsztyn,Olsztyn,warmińsko-mazurskie
10-802,Olsztyn,Olsztyn,Olsztyn,warmińsko-mazurskie
10-267,Olsztyn,Olsztyn,Olsztyn,warmińsko-mazurskie
10-268,Olsztyn,Olsztyn,Olsztyn,warmińsko-mazurskie
10-269,Olsztyn,Olsztyn,Olsztyn,warmińsko-mazurskie
10-830,Olsztyn,Olsztyn,Olsztyn,warmińsko-mazurskie
10-831,Olsztyn,Olsztyn,Olsztyn,warmińsko-mazurskie
10-682,Olsztyn,Olsztyn,Olsztyn,warmińsko-mazurskie
10-421,Olsztyn,Olsztyn,Olsztyn,warmińsko-mazurskie
10-709,Olsztyn,Olsztyn,Olsztyn,warmińsko-mazurskie
10-710,Olsztyn,Olsztyn,Olsztyn,warmińsko-mazurskie
10-277,Olsztyn,Olsztyn,Olsztyn,warmińsko-mazurskie
10-077,Olsztyn,Olsztyn,Olsztyn,warmińsko-mazurskie
10-178,Olsztyn,Olsztyn,Olsztyn,warmińsko-mazurskie
10-656,Olsztyn,Olsztyn,Olsztyn,warmińsko-mazurskie
10-657,Olsztyn,Olsztyn,Olsztyn,warmińsko-mazurskie
10-655,Olsztyn,Olsztyn,Olsztyn,warmińsko-mazurskie
10-654,Olsztyn,Olsztyn,Olsztyn,warmińsko-mazurskie
10-637,Olsztyn,Olsztyn,Olsztyn,warmińsko-mazurskie
10-638,Olsztyn,Olsztyn,Olsztyn,warmińsko-mazurskie
10-467,Olsztyn,Olsztyn,Olsztyn,warmińsko-mazurskie
10-420,Olsztyn,Olsztyn,Olsztyn,warmińsko-mazurskie
10-026,Olsztyn,Olsztyn,Olsztyn,warmińsko-mazurskie
10-027,Olsztyn,Olsztyn,Olsztyn,warmińsko-mazurskie
10-017,Olsztyn,Olsztyn,Olsztyn,warmińsko-mazurskie
10-018,Olsztyn,Olsztyn,Olsztyn,warmińsko-mazurskie
10-025,Olsztyn,Olsztyn,Olsztyn,warmińsko-mazurskie
10-616,Olsztyn,Olsztyn,Olsztyn,warmińsko-mazurskie
10-617,Olsztyn,Olsztyn,Olsztyn,warmińsko-mazurskie
10-689,Olsztyn,Olsztyn,Olsztyn,warmińsko-mazurskie
10-846,Olsztyn,Olsztyn,Olsztyn,warmińsko-mazurskie
10-847,Olsztyn,Olsztyn,Olsztyn,warmińsko-mazurskie
10-270,Olsztyn,Olsztyn,Olsztyn,warmińsko-mazurskie
10-572,Olsztyn,Olsztyn,Olsztyn,warmińsko-mazurskie
10-573,Olsztyn,Olsztyn,Olsztyn,warmińsko-mazurskie
10-257,Olsztyn,Olsztyn,Olsztyn,warmińsko-mazurskie
10-256,Olsztyn,Olsztyn,Olsztyn,warmińsko-mazurskie
10-236,Olsztyn,Olsztyn,Olsztyn,warmińsko-mazurskie
10-079,Olsztyn,Olsztyn,Olsztyn,warmińsko-mazurskie
10-759,Olsztyn,Olsztyn,Olsztyn,warmińsko-mazurskie
10-629,Olsztyn,Olsztyn,Olsztyn,warmińsko-mazurskie
10-630,Olsztyn,Olsztyn,Olsztyn,warmińsko-mazurskie
10-760,Olsztyn,Olsztyn,Olsztyn,warmińsko-mazurskie
10-007,Olsztyn,Olsztyn,Olsztyn,warmińsko-mazurskie
10-278,Olsztyn,Olsztyn,Olsztyn,warmińsko-mazurskie
10-174,Olsztyn,Olsztyn,Olsztyn,warmińsko-mazurskie
10-728,Olsztyn,Olsztyn,Olsztyn,warmińsko-mazurskie
10-464,Olsztyn,Olsztyn,Olsztyn,warmińsko-mazurskie
10-465,Olsztyn,Olsztyn,Olsztyn,warmińsko-mazurskie
10-019,Olsztyn,Olsztyn,Olsztyn,warmińsko-mazurskie
10-020,Olsztyn,Olsztyn,Olsztyn,warmińsko-mazurskie
10-253,Olsztyn,Olsztyn,Olsztyn,warmińsko-mazurskie
10-764,Olsztyn,Olsztyn,Olsztyn,warmińsko-mazurskie
10-245,Olsztyn,Olsztyn,Olsztyn,warmińsko-mazurskie
10-246,Olsztyn,Olsztyn,Olsztyn,warmińsko-mazurskie
10-771,Olsztyn,Olsztyn,Olsztyn,warmińsko-mazurskie
10-416,Olsztyn,Olsztyn,Olsztyn,warmińsko-mazurskie
10-365,Olsztyn,Olsztyn,Olsztyn,warmińsko-mazurskie
10-364,Olsztyn,Olsztyn,Olsztyn,warmińsko-mazurskie
10-828,Olsztyn,Olsztyn,Olsztyn,warmińsko-mazurskie
10-829,Olsztyn,Olsztyn,Olsztyn,warmińsko-mazurskie
10-053,Olsztyn,Olsztyn,Olsztyn,warmińsko-mazurskie
10-085,Olsztyn,Olsztyn,Olsztyn,warmińsko-mazurskie
10-368,Olsztyn,Olsztyn,Olsztyn,warmińsko-mazurskie
10-369,Olsztyn,Olsztyn,Olsztyn,warmińsko-mazurskie
10-747,Olsztyn,Olsztyn,Olsztyn,warmińsko-mazurskie
10-658,Olsztyn,Olsztyn,Olsztyn,warmińsko-mazurskie
10-659,Olsztyn,Olsztyn,Olsztyn,warmińsko-mazurskie
10-382,Olsztyn,Olsztyn,Olsztyn,warmińsko-mazurskie
10-761,Olsztyn,Olsztyn,Olsztyn,warmińsko-mazurskie
10-187,Olsztyn,Olsztyn,Olsztyn,warmińsko-mazurskie
10-623,Olsztyn,Olsztyn,Olsztyn,warmińsko-mazurskie
10-624,Olsztyn,Olsztyn,Olsztyn,warmińsko-mazurskie
10-544,Olsztyn,Olsztyn,Olsztyn,warmińsko-mazurskie
10-545,Olsztyn,Olsztyn,Olsztyn,warmińsko-mazurskie
10-082,Olsztyn,Olsztyn,Olsztyn,warmińsko-mazurskie
10-081,Olsztyn,Olsztyn,Olsztyn,warmińsko-mazurskie
10-083,Olsztyn,Olsztyn,Olsztyn,warmińsko-mazurskie
10-084,Olsztyn,Olsztyn,Olsztyn,warmińsko-mazurskie
10-702,Olsztyn,Olsztyn,Olsztyn,warmińsko-mazurskie
10-701,Olsztyn,Olsztyn,Olsztyn,warmińsko-mazurskie
10-762,Olsztyn,Olsztyn,Olsztyn,warmińsko-mazurskie
10-627,Olsztyn,Olsztyn,Olsztyn,warmińsko-mazurskie
10-183,Olsztyn,Olsztyn,Olsztyn,warmińsko-mazurskie
10-765,Olsztyn,Olsztyn,Olsztyn,warmińsko-mazurskie
10-652,Olsztyn,Olsztyn,Olsztyn,warmińsko-mazurskie
10-653,Olsztyn,Olsztyn,Olsztyn,warmińsko-mazurskie
10-446,Olsztyn,Olsztyn,Olsztyn,warmińsko-mazurskie
10-180,Olsztyn,Olsztyn,Olsztyn,warmińsko-mazurskie
10-834,Olsztyn,Olsztyn,Olsztyn,warmińsko-mazurskie
10-835,Olsztyn,Olsztyn,Olsztyn,warmińsko-mazurskie
10-159,Olsztyn,Olsztyn,Olsztyn,warmińsko-mazurskie
10-773,Olsztyn,Olsztyn,Olsztyn,warmińsko-mazurskie
10-663,Olsztyn,Olsztyn,Olsztyn,warmińsko-mazurskie
10-360,Olsztyn,Olsztyn,Olsztyn,warmińsko-mazurskie
10-258,Olsztyn,Olsztyn,Olsztyn,warmińsko-mazurskie
10-361,Olsztyn,Olsztyn,Olsztyn,warmińsko-mazurskie
10-192,Olsztyn,Olsztyn,Olsztyn,warmińsko-mazurskie
10-321,Olsztyn,Olsztyn,Olsztyn,warmińsko-mazurskie
10-322,Olsztyn,Olsztyn,Olsztyn,warmińsko-mazurskie
10-067,Olsztyn,Olsztyn,Olsztyn,warmińsko-mazurskie
10-127,Olsztyn,Olsztyn,Olsztyn,warmińsko-mazurskie
10-857,Olsztyn,Olsztyn,Olsztyn,warmińsko-mazurskie
10-190,Olsztyn,Olsztyn,Olsztyn,warmińsko-mazurskie
10-038,Olsztyn,Olsztyn,Olsztyn,warmińsko-mazurskie
10-247,Olsztyn,Olsztyn,Olsztyn,warmińsko-mazurskie
10-248,Olsztyn,Olsztyn,Olsztyn,warmińsko-mazurskie
10-250,Olsztyn,Olsztyn,Olsztyn,warmińsko-mazurskie
10-366,Olsztyn,Olsztyn,Olsztyn,warmińsko-mazurskie
10-367,Olsztyn,Olsztyn,Olsztyn,warmińsko-mazurskie
10-287,Olsztyn,Olsztyn,Olsztyn,warmińsko-mazurskie
10-457,Olsztyn,Olsztyn,Olsztyn,warmińsko-mazurskie
10-455,Olsztyn,Olsztyn,Olsztyn,warmińsko-mazurskie
10-106,Olsztyn,Olsztyn,Olsztyn,warmińsko-mazurskie
10-105,Olsztyn,Olsztyn,Olsztyn,warmińsko-mazurskie
10-681,Olsztyn,Olsztyn,Olsztyn,warmińsko-mazurskie
10-279,Olsztyn,Olsztyn,Olsztyn,warmińsko-mazurskie
10-280,Olsztyn,Olsztyn,Olsztyn,warmińsko-mazurskie
10-074,Olsztyn,Olsztyn,Olsztyn,warmińsko-mazurskie
10-068,Olsztyn,Olsztyn,Olsztyn,warmińsko-mazurskie
10-806,Olsztyn,Olsztyn,Olsztyn,warmińsko-mazurskie
10-807,Olsztyn,Olsztyn,Olsztyn,warmińsko-mazurskie
10-141,Olsztyn,Olsztyn,Olsztyn,warmińsko-mazurskie
10-301,Olsztyn,Olsztyn,Olsztyn,warmińsko-mazurskie
10-302,Olsztyn,Olsztyn,Olsztyn,warmińsko-mazurskie
10-303,Olsztyn,Olsztyn,Olsztyn,warmińsko-mazurskie
10-305,Olsztyn,Olsztyn,Olsztyn,warmińsko-mazurskie
10-307,Olsztyn,Olsztyn,Olsztyn,warmińsko-mazurskie
10-309,Olsztyn,Olsztyn,Olsztyn,warmińsko-mazurskie
10-310,Olsztyn,Olsztyn,Olsztyn,warmińsko-mazurskie
10-380,Olsztyn,Olsztyn,Olsztyn,warmińsko-mazurskie
10-770,Olsztyn,Olsztyn,Olsztyn,warmińsko-mazurskie
10-712,Olsztyn,Olsztyn,Olsztyn,warmińsko-mazurskie
10-133,Olsztyn,Olsztyn,Olsztyn,warmińsko-mazurskie
10-160,Olsztyn,Olsztyn,Olsztyn,warmińsko-mazurskie
10-419,Olsztyn,Olsztyn,Olsztyn,warmińsko-mazurskie
10-350,Olsztyn,Olsztyn,Olsztyn,warmińsko-mazurskie
10-351,Olsztyn,Olsztyn,Olsztyn,warmińsko-mazurskie
10-352,Olsztyn,Olsztyn,Olsztyn,warmińsko-mazurskie
10-353,Olsztyn,Olsztyn,Olsztyn,warmińsko-mazurskie
10-354,Olsztyn,Olsztyn,Olsztyn,warmińsko-mazurskie
10-355,Olsztyn,Olsztyn,Olsztyn,warmińsko-mazurskie
10-070,Olsztyn,Olsztyn,Olsztyn,warmińsko-mazurskie
10-810,Olsztyn,Olsztyn,Olsztyn,warmińsko-mazurskie
10-811,Olsztyn,Olsztyn,Olsztyn,warmińsko-mazurskie
10-556,Olsztyn,Olsztyn,Olsztyn,warmińsko-mazurskie
10-557,Olsztyn,Olsztyn,Olsztyn,warmińsko-mazurskie
10-559,Olsztyn,Olsztyn,Olsztyn,warmińsko-mazurskie
10-558,Olsztyn,Olsztyn,Olsztyn,warmińsko-mazurskie
10-561,Olsztyn,Olsztyn,Olsztyn,warmińsko-mazurskie
10-560,Olsztyn,Olsztyn,Olsztyn,warmińsko-mazurskie
10-140,Olsztyn,Olsztyn,Olsztyn,warmińsko-mazurskie
10-822,Olsztyn,Olsztyn,Olsztyn,warmińsko-mazurskie
10-823,Olsztyn,Olsztyn,Olsztyn,warmińsko-mazurskie
33-164,Olszyny,Strzyżewski,tarnowski,małopolskie
32-831,Olszyny,Wojnicz,tarnowski,małopolskie
44-353,Olza,Gorzyce,wodzisławski,śląskie
38-247,Ołpiny,Szerzyny,tarnowski,małopolskie
38-123,Oparówka,Wiśniowa,strzyżowski,podkarpackie
45-678,Opole,Opole,Opole,opolskie
45-367,Opole,Opole,Opole,opolskie
45-530,Opole,Opole,Opole,opolskie
45-940,Opole,Opole,Opole,opolskie
45-427,Opole,Opole,Opole,opolskie
45-434,Opole,Opole,Opole,opolskie
45-960,Opole,Opole,Opole,opolskie
45-920,Opole,Opole,Opole,opolskie
45-950,Opole,Opole,Opole,opolskie
45-573,Opole,Opole,Opole,opolskie
45-572,Opole,Opole,Opole,opolskie
45-404,Opole,Opole,Opole,opolskie
45-401,Opole,Opole,Opole,opolskie
45-048,Opole,Opole,Opole,opolskie
45-117,Opole,Opole,Opole,opolskie
45-071,Opole,Opole,Opole,opolskie
45-348,Opole,Opole,Opole,opolskie
45-226,Opole,Opole,Opole,opolskie
45-625,Opole,Opole,Opole,opolskie
45-523,Opole,Opole,Opole,opolskie
45-001,Opole,Opole,Opole,opolskie
45-118,Opole,Opole,Opole,opolskie
45-830,Opole,Opole,Opole,opolskie
45-083,Opole,Opole,Opole,opolskie
45-771,Opole,Opole,Opole,opolskie
45-670,Opole,Opole,Opole,opolskie
45-035,Opole,Opole,Opole,opolskie
45-290,Opole,Opole,Opole,opolskie
45-282,Opole,Opole,Opole,opolskie
45-283,Opole,Opole,Opole,opolskie
45-403,Opole,Opole,Opole,opolskie
45-649,Opole,Opole,Opole,opolskie
45-833,Opole,Opole,Opole,opolskie
45-402,Opole,Opole,Opole,opolskie
45-641,Opole,Opole,Opole,opolskie
45-218,Opole,Opole,Opole,opolskie
45-418,Opole,Opole,Opole,opolskie
45-419,Opole,Opole,Opole,opolskie
45-751,Opole,Opole,Opole,opolskie
45-528,Opole,Opole,Opole,opolskie
45-843,Opole,Opole,Opole,opolskie
45-414,Opole,Opole,Opole,opolskie
45-373,Opole,Opole,Opole,opolskie
45-580,Opole,Opole,Opole,opolskie
45-758,Opole,Opole,Opole,opolskie
45-705,Opole,Opole,Opole,opolskie
45-703,Opole,Opole,Opole,opolskie
45-521,Opole,Opole,Opole,opolskie
45-443,Opole,Opole,Opole,opolskie
45-316,Opole,Opole,Opole,opolskie
45-411,Opole,Opole,Opole,opolskie
45-533,Opole,Opole,Opole,opolskie
45-844,Opole,Opole,Opole,opolskie
45-461,Opole,Opole,Opole,opolskie
45-022,Opole,Opole,Opole,opolskie
45-512,Opole,Opole,Opole,opolskie
45-626,Opole,Opole,Opole,opolskie
45-005,Opole,Opole,Opole,opolskie
45-121,Opole,Opole,Opole,opolskie
45-123,Opole,Opole,Opole,opolskie
45-320,Opole,Opole,Opole,opolskie
45-406,Opole,Opole,Opole,opolskie
45-091,Opole,Opole,Opole,opolskie
45-265,Opole,Opole,Opole,opolskie
45-133,Opole,Opole,Opole,opolskie
45-223,Opole,Opole,Opole,opolskie
45-811,Opole,Opole,Opole,opolskie
45-358,Opole,Opole,Opole,opolskie
45-221,Opole,Opole,Opole,opolskie
45-222,Opole,Opole,Opole,opolskie
45-754,Opole,Opole,Opole,opolskie
45-315,Opole,Opole,Opole,opolskie
45-516,Opole,Opole,Opole,opolskie
45-756,Opole,Opole,Opole,opolskie
45-721,Opole,Opole,Opole,opolskie
45-145,Opole,Opole,Opole,opolskie
45-824,Opole,Opole,Opole,opolskie
45-551,Opole,Opole,Opole,opolskie
45-683,Opole,Opole,Opole,opolskie
45-462,Opole,Opole,Opole,opolskie
45-834,Opole,Opole,Opole,opolskie
45-131,Opole,Opole,Opole,opolskie
45-655,Opole,Opole,Opole,opolskie
45-055,Opole,Opole,Opole,opolskie
45-128,Opole,Opole,Opole,opolskie
45-435,Opole,Opole,Opole,opolskie
45-424,Opole,Opole,Opole,opolskie
45-425,Opole,Opole,Opole,opolskie
45-827,Opole,Opole,Opole,opolskie
45-861,Opole,Opole,Opole,opolskie
45-854,Opole,Opole,Opole,opolskie
45-860,Opole,Opole,Opole,opolskie
45-064,Opole,Opole,Opole,opolskie
45-051,Opole,Opole,Opole,opolskie
45-061,Opole,Opole,Opole,opolskie
45-806,Opole,Opole,Opole,opolskie
45-417,Opole,Opole,Opole,opolskie
45-365,Opole,Opole,Opole,opolskie
45-826,Opole,Opole,Opole,opolskie
45-090,Opole,Opole,Opole,opolskie
45-301,Opole,Opole,Opole,opolskie
45-819,Opole,Opole,Opole,opolskie
45-820,Opole,Opole,Opole,opolskie
45-818,Opole,Opole,Opole,opolskie
45-852,Opole,Opole,Opole,opolskie
45-853,Opole,Opole,Opole,opolskie
45-127,Opole,Opole,Opole,opolskie
45-679,Opole,Opole,Opole,opolskie
45-410,Opole,Opole,Opole,opolskie
45-342,Opole,Opole,Opole,opolskie
45-070,Opole,Opole,Opole,opolskie
45-631,Opole,Opole,Opole,opolskie
45-049,Opole,Opole,Opole,opolskie
45-752,Opole,Opole,Opole,opolskie
45-144,Opole,Opole,Opole,opolskie
45-047,Opole,Opole,Opole,opolskie
45-836,Opole,Opole,Opole,opolskie
45-590,Opole,Opole,Opole,opolskie
45-593,Opole,Opole,Opole,opolskie
45-436,Opole,Opole,Opole,opolskie
45-839,Opole,Opole,Opole,opolskie
45-349,Opole,Opole,Opole,opolskie
45-273,Opole,Opole,Opole,opolskie
45-466,Opole,Opole,Opole,opolskie
45-594,Opole,Opole,Opole,opolskie
45-021,Opole,Opole,Opole,opolskie
45-668,Opole,Opole,Opole,opolskie
45-628,Opole,Opole,Opole,opolskie
45-534,Opole,Opole,Opole,opolskie
45-437,Opole,Opole,Opole,opolskie
45-126,Opole,Opole,Opole,opolskie
45-306,Opole,Opole,Opole,opolskie
45-680,Opole,Opole,Opole,opolskie
45-112,Opole,Opole,Opole,opolskie
45-132,Opole,Opole,Opole,opolskie
45-636,Opole,Opole,Opole,opolskie
45-110,Opole,Opole,Opole,opolskie
45-842,Opole,Opole,Opole,opolskie
45-561,Opole,Opole,Opole,opolskie
45-627,Opole,Opole,Opole,opolskie
45-446,Opole,Opole,Opole,opolskie
45-759,Opole,Opole,Opole,opolskie
45-639,Opole,Opole,Opole,opolskie
45-646,Opole,Opole,Opole,opolskie
45-240,Opole,Opole,Opole,opolskie
45-420,Opole,Opole,Opole,opolskie
45-587,Opole,Opole,Opole,opolskie
45-807,Opole,Opole,Opole,opolskie
45-236,Opole,Opole,Opole,opolskie
45-517,Opole,Opole,Opole,opolskie
45-268,Opole,Opole,Opole,opolskie
45-267,Opole,Opole,Opole,opolskie
45-757,Opole,Opole,Opole,opolskie
45-431,Opole,Opole,Opole,opolskie
45-432,Opole,Opole,Opole,opolskie
45-762,Opole,Opole,Opole,opolskie
45-054,Opole,Opole,Opole,opolskie
45-234,Opole,Opole,Opole,opolskie
45-640,Opole,Opole,Opole,opolskie
45-675,Opole,Opole,Opole,opolskie
45-471,Opole,Opole,Opole,opolskie
45-647,Opole,Opole,Opole,opolskie
45-867,Opole,Opole,Opole,opolskie
45-568,Opole,Opole,Opole,opolskie
45-772,Opole,Opole,Opole,opolskie
45-266,Opole,Opole,Opole,opolskie
45-059,Opole,Opole,Opole,opolskie
45-228,Opole,Opole,Opole,opolskie
45-073,Opole,Opole,Opole,opolskie
45-565,Opole,Opole,Opole,opolskie
45-543,Opole,Opole,Opole,opolskie
45-560,Opole,Opole,Opole,opolskie
45-472,Opole,Opole,Opole,opolskie
45-671,Opole,Opole,Opole,opolskie
45-708,Opole,Opole,Opole,opolskie
45-269,Opole,Opole,Opole,opolskie
45-612,Opole,Opole,Opole,opolskie
45-460,Opole,Opole,Opole,opolskie
45-823,Opole,Opole,Opole,opolskie
45-440,Opole,Opole,Opole,opolskie
45-224,Opole,Opole,Opole,opolskie
45-474,Opole,Opole,Opole,opolskie
45-318,Opole,Opole,Opole,opolskie
45-433,Opole,Opole,Opole,opolskie
45-409,Opole,Opole,Opole,opolskie
45-239,Opole,Opole,Opole,opolskie
45-408,Opole,Opole,Opole,opolskie
45-829,Opole,Opole,Opole,opolskie
45-706,Opole,Opole,Opole,opolskie
45-439,Opole,Opole,Opole,opolskie
45-850,Opole,Opole,Opole,opolskie
45-046,Opole,Opole,Opole,opolskie
45-323,Opole,Opole,Opole,opolskie
45-340,Opole,Opole,Opole,opolskie
45-535,Opole,Opole,Opole,opolskie
45-217,Opole,Opole,Opole,opolskie
45-623,Opole,Opole,Opole,opolskie
45-346,Opole,Opole,Opole,opolskie
45-858,Opole,Opole,Opole,opolskie
45-859,Opole,Opole,Opole,opolskie
45-635,Opole,Opole,Opole,opolskie
45-007,Opole,Opole,Opole,opolskie
45-553,Opole,Opole,Opole,opolskie
45-129,Opole,Opole,Opole,opolskie
45-045,Opole,Opole,Opole,opolskie
45-113,Opole,Opole,Opole,opolskie
45-407,Opole,Opole,Opole,opolskie
45-136,Opole,Opole,Opole,opolskie
45-319,Opole,Opole,Opole,opolskie
45-831,Opole,Opole,Opole,opolskie
45-009,Opole,Opole,Opole,opolskie
45-339,Opole,Opole,Opole,opolskie
45-416,Opole,Opole,Opole,opolskie
45-032,Opole,Opole,Opole,opolskie
45-004,Opole,Opole,Opole,opolskie
45-089,Opole,Opole,Opole,opolskie
45-220,Opole,Opole,Opole,opolskie
45-011,Opole,Opole,Opole,opolskie
45-428,Opole,Opole,Opole,opolskie
45-077,Opole,Opole,Opole,opolskie
45-109,Opole,Opole,Opole,opolskie
45-068,Opole,Opole,Opole,opolskie
45-559,Opole,Opole,Opole,opolskie
45-317,Opole,Opole,Opole,opolskie
45-720,Opole,Opole,Opole,opolskie
45-555,Opole,Opole,Opole,opolskie
45-062,Opole,Opole,Opole,opolskie
45-056,Opole,Opole,Opole,opolskie
45-372,Opole,Opole,Opole,opolskie
45-588,Opole,Opole,Opole,opolskie
45-137,Opole,Opole,Opole,opolskie
45-114,Opole,Opole,Opole,opolskie
45-018,Opole,Opole,Opole,opolskie
45-075,Opole,Opole,Opole,opolskie
45-275,Opole,Opole,Opole,opolskie
45-715,Opole,Opole,Opole,opolskie
45-760,Opole,Opole,Opole,opolskie
45-363,Opole,Opole,Opole,opolskie
45-023,Opole,Opole,Opole,opolskie
45-662,Opole,Opole,Opole,opolskie
45-441,Opole,Opole,Opole,opolskie
45-092,Opole,Opole,Opole,opolskie
45-013,Opole,Opole,Opole,opolskie
45-575,Opole,Opole,Opole,opolskie
45-821,Opole,Opole,Opole,opolskie
45-311,Opole,Opole,Opole,opolskie
45-804,Opole,Opole,Opole,opolskie
45-230,Opole,Opole,Opole,opolskie
45-459,Opole,Opole,Opole,opolskie
45-569,Opole,Opole,Opole,opolskie
45-840,Opole,Opole,Opole,opolskie
45-470,Opole,Opole,Opole,opolskie
45-527,Opole,Opole,Opole,opolskie
45-857,Opole,Opole,Opole,opolskie
45-856,Opole,Opole,Opole,opolskie
45-513,Opole,Opole,Opole,opolskie
45-476,Opole,Opole,Opole,opolskie
45-442,Opole,Opole,Opole,opolskie
45-141,Opole,Opole,Opole,opolskie
45-714,Opole,Opole,Opole,opolskie
45-362,Opole,Opole,Opole,opolskie
45-677,Opole,Opole,Opole,opolskie
45-086,Opole,Opole,Opole,opolskie
45-562,Opole,Opole,Opole,opolskie
45-305,Opole,Opole,Opole,opolskie
45-036,Opole,Opole,Opole,opolskie
45-215,Opole,Opole,Opole,opolskie
45-233,Opole,Opole,Opole,opolskie
45-031,Opole,Opole,Opole,opolskie
45-238,Opole,Opole,Opole,opolskie
45-324,Opole,Opole,Opole,opolskie
45-307,Opole,Opole,Opole,opolskie
45-518,Opole,Opole,Opole,opolskie
45-119,Opole,Opole,Opole,opolskie
45-765,Opole,Opole,Opole,opolskie
45-069,Opole,Opole,Opole,opolskie
45-355,Opole,Opole,Opole,opolskie
45-356,Opole,Opole,Opole,opolskie
45-357,Opole,Opole,Opole,opolskie
45-661,Opole,Opole,Opole,opolskie
45-227,Opole,Opole,Opole,opolskie
45-536,Opole,Opole,Opole,opolskie
45-030,Opole,Opole,Opole,opolskie
45-682,Opole,Opole,Opole,opolskie
45-618,Opole,Opole,Opole,opolskie
45-020,Opole,Opole,Opole,opolskie
45-578,Opole,Opole,Opole,opolskie
45-838,Opole,Opole,Opole,opolskie
45-532,Opole,Opole,Opole,opolskie
45-308,Opole,Opole,Opole,opolskie
45-310,Opole,Opole,Opole,opolskie
45-644,Opole,Opole,Opole,opolskie
45-632,Opole,Opole,Opole,opolskie
45-115,Opole,Opole,Opole,opolskie
45-591,Opole,Opole,Opole,opolskie
45-040,Opole,Opole,Opole,opolskie
45-271,Opole,Opole,Opole,opolskie
45-825,Opole,Opole,Opole,opolskie
45-514,Opole,Opole,Opole,opolskie
45-592,Opole,Opole,Opole,opolskie
45-017,Opole,Opole,Opole,opolskie
45-676,Opole,Opole,Opole,opolskie
45-522,Opole,Opole,Opole,opolskie
45-726,Opole,Opole,Opole,opolskie
45-531,Opole,Opole,Opole,opolskie
45-767,Opole,Opole,Opole,opolskie
45-079,Opole,Opole,Opole,opolskie
45-026,Opole,Opole,Opole,opolskie
45-630,Opole,Opole,Opole,opolskie
45-763,Opole,Opole,Opole,opolskie
45-558,Opole,Opole,Opole,opolskie
45-229,Opole,Opole,Opole,opolskie
45-571,Opole,Opole,Opole,opolskie
45-712,Opole,Opole,Opole,opolskie
45-085,Opole,Opole,Opole,opolskie
45-710,Opole,Opole,Opole,opolskie
45-865,Opole,Opole,Opole,opolskie
45-864,Opole,Opole,Opole,opolskie
45-515,Opole,Opole,Opole,opolskie
45-225,Opole,Opole,Opole,opolskie
45-814,Opole,Opole,Opole,opolskie
45-235,Opole,Opole,Opole,opolskie
45-723,Opole,Opole,Opole,opolskie
45-034,Opole,Opole,Opole,opolskie
45-704,Opole,Opole,Opole,opolskie
45-774,Opole,Opole,Opole,opolskie
45-713,Opole,Opole,Opole,opolskie
45-052,Opole,Opole,Opole,opolskie
45-231,Opole,Opole,Opole,opolskie
45-681,Opole,Opole,Opole,opolskie
45-006,Opole,Opole,Opole,opolskie
45-542,Opole,Opole,Opole,opolskie
45-371,Opole,Opole,Opole,opolskie
45-475,Opole,Opole,Opole,opolskie
45-058,Opole,Opole,Opole,opolskie
45-027,Opole,Opole,Opole,opolskie
45-557,Opole,Opole,Opole,opolskie
45-088,Opole,Opole,Opole,opolskie
45-237,Opole,Opole,Opole,opolskie
45-057,Opole,Opole,Opole,opolskie
45-368,Opole,Opole,Opole,opolskie
45-370,Opole,Opole,Opole,opolskie
45-309,Opole,Opole,Opole,opolskie
45-552,Opole,Opole,Opole,opolskie
45-801,Opole,Opole,Opole,opolskie
45-802,Opole,Opole,Opole,opolskie
45-087,Opole,Opole,Opole,opolskie
45-648,Opole,Opole,Opole,opolskie
45-081,Opole,Opole,Opole,opolskie
45-638,Opole,Opole,Opole,opolskie
45-331,Opole,Opole,Opole,opolskie
45-304,Opole,Opole,Opole,opolskie
45-725,Opole,Opole,Opole,opolskie
45-841,Opole,Opole,Opole,opolskie
45-669,Opole,Opole,Opole,opolskie
45-654,Opole,Opole,Opole,opolskie
45-359,Opole,Opole,Opole,opolskie
45-361,Opole,Opole,Opole,opolskie
45-360,Opole,Opole,Opole,opolskie
45-634,Opole,Opole,Opole,opolskie
45-520,Opole,Opole,Opole,opolskie
45-574,Opole,Opole,Opole,opolskie
45-321,Opole,Opole,Opole,opolskie
45-601,Opole,Opole,Opole,opolskie
45-116,Opole,Opole,Opole,opolskie
45-002,Opole,Opole,Opole,opolskie
45-078,Opole,Opole,Opole,opolskie
45-108,Opole,Opole,Opole,opolskie
45-473,Opole,Opole,Opole,opolskie
45-313,Opole,Opole,Opole,opolskie
45-805,Opole,Opole,Opole,opolskie
45-526,Opole,Opole,Opole,opolskie
45-138,Opole,Opole,Opole,opolskie
45-465,Opole,Opole,Opole,opolskie
45-344,Opole,Opole,Opole,opolskie
45-622,Opole,Opole,Opole,opolskie
45-633,Opole,Opole,Opole,opolskie
45-529,Opole,Opole,Opole,opolskie
45-828,Opole,Opole,Opole,opolskie
45-139,Opole,Opole,Opole,opolskie
45-556,Opole,Opole,Opole,opolskie
45-272,Opole,Opole,Opole,opolskie
45-135,Opole,Opole,Opole,opolskie
45-241,Opole,Opole,Opole,opolskie
45-550,Opole,Opole,Opole,opolskie
45-332,Opole,Opole,Opole,opolskie
45-065,Opole,Opole,Opole,opolskie
45-066,Opole,Opole,Opole,opolskie
45-072,Opole,Opole,Opole,opolskie
45-352,Opole,Opole,Opole,opolskie
45-142,Opole,Opole,Opole,opolskie
45-519,Opole,Opole,Opole,opolskie
45-003,Opole,Opole,Opole,opolskie
45-015,Opole,Opole,Opole,opolskie
45-665,Opole,Opole,Opole,opolskie
45-039,Opole,Opole,Opole,opolskie
45-326,Opole,Opole,Opole,opolskie
45-467,Opole,Opole,Opole,opolskie
45-033,Opole,Opole,Opole,opolskie
45-761,Opole,Opole,Opole,opolskie
45-660,Opole,Opole,Opole,opolskie
45-044,Opole,Opole,Opole,opolskie
45-037,Opole,Opole,Opole,opolskie
45-286,Opole,Opole,Opole,opolskie
45-287,Opole,Opole,Opole,opolskie
45-125,Opole,Opole,Opole,opolskie
45-415,Opole,Opole,Opole,opolskie
45-413,Opole,Opole,Opole,opolskie
45-232,Opole,Opole,Opole,opolskie
45-351,Opole,Opole,Opole,opolskie
45-766,Opole,Opole,Opole,opolskie
45-364,Opole,Opole,Opole,opolskie
45-822,Opole,Opole,Opole,opolskie
45-314,Opole,Opole,Opole,opolskie
45-663,Opole,Opole,Opole,opolskie
45-564,Opole,Opole,Opole,opolskie
45-405,Opole,Opole,Opole,opolskie
45-094,Opole,Opole,Opole,opolskie
45-645,Opole,Opole,Opole,opolskie
45-809,Opole,Opole,Opole,opolskie
45-716,Opole,Opole,Opole,opolskie
45-354,Opole,Opole,Opole,opolskie
45-525,Opole,Opole,Opole,opolskie
45-773,Opole,Opole,Opole,opolskie
45-024,Opole,Opole,Opole,opolskie
45-025,Opole,Opole,Opole,opolskie
45-722,Opole,Opole,Opole,opolskie
45-219,Opole,Opole,Opole,opolskie
45-084,Opole,Opole,Opole,opolskie
45-753,Opole,Opole,Opole,opolskie
45-468,Opole,Opole,Opole,opolskie
45-284,Opole,Opole,Opole,opolskie
45-285,Opole,Opole,Opole,opolskie
45-570,Opole,Opole,Opole,opolskie
45-010,Opole,Opole,Opole,opolskie
45-724,Opole,Opole,Opole,opolskie
45-835,Opole,Opole,Opole,opolskie
45-709,Opole,Opole,Opole,opolskie
45-438,Opole,Opole,Opole,opolskie
45-325,Opole,Opole,Opole,opolskie
45-624,Opole,Opole,Opole,opolskie
45-067,Opole,Opole,Opole,opolskie
45-143,Opole,Opole,Opole,opolskie
45-832,Opole,Opole,Opole,opolskie
45-469,Opole,Opole,Opole,opolskie
45-667,Opole,Opole,Opole,opolskie
45-463,Opole,Opole,Opole,opolskie
45-430,Opole,Opole,Opole,opolskie
45-642,Opole,Opole,Opole,opolskie
45-124,Opole,Opole,Opole,opolskie
45-586,Opole,Opole,Opole,opolskie
45-711,Opole,Opole,Opole,opolskie
45-347,Opole,Opole,Opole,opolskie
45-312,Opole,Opole,Opole,opolskie
45-303,Opole,Opole,Opole,opolskie
45-302,Opole,Opole,Opole,opolskie
45-524,Opole,Opole,Opole,opolskie
45-429,Opole,Opole,Opole,opolskie
45-563,Opole,Opole,Opole,opolskie
45-862,Opole,Opole,Opole,opolskie
45-863,Opole,Opole,Opole,opolskie
45-464,Opole,Opole,Opole,opolskie
45-707,Opole,Opole,Opole,opolskie
45-701,Opole,Opole,Opole,opolskie
45-837,Opole,Opole,Opole,opolskie
45-449,Opole,Opole,Opole,opolskie
45-873,Opole,Opole,Opole,opolskie
45-755,Opole,Opole,Opole,opolskie
45-803,Opole,Opole,Opole,opolskie
45-776,Opole,Opole,Opole,opolskie
45-134,Opole,Opole,Opole,opolskie
45-050,Opole,Opole,Opole,opolskie
45-016,Opole,Opole,Opole,opolskie
45-353,Opole,Opole,Opole,opolskie
45-288,Opole,Opole,Opole,opolskie
45-554,Opole,Opole,Opole,opolskie
45-656,Opole,Opole,Opole,opolskie
45-019,Opole,Opole,Opole,opolskie
45-855,Opole,Opole,Opole,opolskie
45-053,Opole,Opole,Opole,opolskie
45-080,Opole,Opole,Opole,opolskie
45-577,Opole,Opole,Opole,opolskie
59-922,Opolno-Zdrój,Bogatynia,zgorzelecki,dolnośląskie
19-325,Oracze,Ełk,ełcki,warmińsko-mazurskie
39-434,Orliska,Gorzyce,tarnobrzeski,podkarpackie
43-178,Ornontowice,Ornontowice,mikołowski,śląskie
37-712,Orzechowce,Żurawica,przemyski,podkarpackie
43-180,Orzesze,Orzesze,mikołowski,śląskie
43-187,Orzesze,Orzesze,mikołowski,śląskie
43-186,Orzesze,Orzesze,mikołowski,śląskie
43-188,Orzesze,Orzesze,mikołowski,śląskie
34-234,Osielec,Jordanów,suski,małopolskie
84-122,Osłonino,Puck,pucki,pomorskie
38-241,Osobnica,Jasło,jasielski,podkarpackie
46-023,Osowiec,Turawa,opolski,opolskie
83-243,Osówek,Osieczna,starogardzki,pomorskie
07-409,Ostrołęka,Ostrołęka,Ostrołęka,mazowieckie
07-417,Ostrołęka,Ostrołęka,Ostrołęka,mazowieckie
34-431,Ostrowsko,Targ,nowotarski,małopolskie
42-311,Ostrów,Żarki,myszkowski,śląskie
19-324,Ostrów,Juchy,ełcki,warmińsko-mazurskie
64-704,Osuch,Czarnków,czarnkowsko-,wielkopolskie
39-306,Otałęż,Czermin,mielecki,podkarpackie
05-400,Otwock,Otwock,otwocki,mazowieckie
05-402,Otwock,Otwock,otwocki,mazowieckie
66-542,Owczarki,Zwierzyn,strzelecko-drezdenecki,lubuskie
05-807,Owczarnia,Brwinów,pruszkowski,mazowieckie
62-021,Paczkowo,Swarzędz,poznański,wielkopolskie
36-073,Palikówka,Krasne,rzeszowski,podkarpackie
44-246,Palowice,Czerwionka-Leszczyny,rybnicki,śląskie
62-131,Panigródz,Gołańcz,wągrowiecki,wielkopolskie
37-224,Pantalowice,Kańczuga,przeworski,podkarpackie
84-220,Paraszyno,Łęczyce,wejherowski,pomorskie
59-147,Parchów,Chocianów,polkowicki,dolnośląskie
59-723,Parowa,Osiecznica,bolesławiecki,dolnośląskie
05-808,Parzniew,Brwinów,pruszkowski,mazowieckie
63-831,Pasierby,Pępowo,gostyński,wielkopolskie
57-320,Paszków,Kłodzka,kłodzki,dolnośląskie
43-250,Pawłowice,Pawłowice,pszczyński,śląskie
43-251,Pawłowice,Pawłowice,pszczyński,śląskie
64-122,Pawłowice,Krzemieniewo,leszczyński,wielkopolskie
47-491,Pawłów,Wielkie,raciborski,śląskie
06-102,Pawłówek,Pułtusk,pułtuski,mazowieckie
32-432,Pcim,Pcim,myślenicki,małopolskie
34-331,Pewel,Świnna,żywiecki,śląskie
49-317,Pępice,Skarbimierz,brzeski,opolskie
59-940,Piaseczna,Węgliniec,zgorzelecki,dolnośląskie
05-820,Piastów,Piastów,pruszkowski,mazowieckie
58-573,Piechowice,Piechowice,karkonoski,dolnośląskie
41-940,Piekary,Piekary,Śląskie,śląskie
41-943,Piekary,Piekary,Śląskie,śląskie
41-945,Piekary,Piekary,Śląskie,śląskie
41-946,Piekary,Piekary,Śląskie,śląskie
41-949,Piekary,Piekary,Śląskie,śląskie
41-948,Piekary,Piekary,Śląskie,śląskie
34-472,Piekielnik,Dunajec,nowotarski,małopolskie
34-650,Piekiełko,Tymbark,limanowski,małopolskie
43-253,Pielgrzymowice,Pawłowice,pszczyński,śląskie
84-313,Pieski,Cewice,lęborski,pomorskie
34-326,Pietrzykowice,Łodygowice,żywiecki,śląskie
77-208,Pietrzykowo,Koczała,człuchowski,pomorskie
71-371,Pilchowo,Police,policki,zachodniopomorskie
58-241,Piława,Dzierżoniów,dzierżoniowski,dolnośląskie
58-240,Piława,Górna,dzierżoniowski,dolnośląskie
62-215,Piłka,Witkowo,gnieźnieński,wielkopolskie
97-300,Piotrków,Piotrków,Trybunalski,łódzkie
19-312,Pisanica,Kalinowo,ełcki,warmińsko-mazurskie
58-424,Pisarzowice,Góra,kamiennogórski,dolnośląskie
43-332,Pisarzowice,Wilamowice,bielski,śląskie
59-816,Platerówka,Platerówka,lubański,dolnośląskie
62-064,Plewiska,Komorniki,poznański,wielkopolskie
44-171,Pławniowice,Rudziniec,gliwicki,śląskie
32-552,Płaza,Chrzanów,chrzanowski,małopolskie
09-407,Płock,Płock,Płock,mazowieckie
09-409,Płock,Płock,Płock,mazowieckie
09-401,Płock,Płock,Płock,mazowieckie
59-814,Pobiedna,Leśna,lubański,dolnośląskie
72-346,Pobierowo,Rewal,gryficki,zachodniopomorskie
59-550,Podgórki,Świerzawa,złotoryjski,dolnośląskie
58-562,Podgórzyn,Podgórzyn,karkonoski,dolnośląskie
39-216,Podlesie,Czarna,dębicki,podkarpackie
64-541,Podrzewie,Duszniki,szamotulski,wielkopolskie
78-217,Podwilcze,Białogard,białogardzki,zachodniopomorskie
34-722,Podwilk,Jabłonka,nowotarski,małopolskie
32-501,Pogorzyce,Chrzanów,chrzanowski,małopolskie
33-152,Pogórska,Skrzyszów,tarnowski,małopolskie
32-607,Polanka,Wielka,oświęcimski,małopolskie
72-010,Police,Police,policki,zachodniopomorskie
59-100,Polkowice,Polkowice,polkowicki,dolnośląskie
64-841,Popielno,Budzyń,chodzieski,wielkopolskie
38-540,Poraż,Zagórz,sanocki,podkarpackie
43-353,Porąbka,Porąbka,bielski,śląskie
42-480,Poręba,Poręba,zawierciański,śląskie
34-520,Poronin,Poronin,tatrzański,małopolskie
62-504,Posoka,Miasto,koniński,wielkopolskie
61-615,Poznań,Poznań,Poznań,wielkopolskie
60-177,Poznań,Poznań,Poznań,wielkopolskie
60-480,Poznań,Poznań,Poznań,wielkopolskie
61-680,Poznań,Poznań,Poznań,wielkopolskie
61-307,Poznań,Poznań,Poznań,wielkopolskie
61-606,Poznań,Poznań,Poznań,wielkopolskie
60-461,Poznań,Poznań,Poznań,wielkopolskie
61-431,Poznań,Poznań,Poznań,wielkopolskie
60-123,Poznań,Poznań,Poznań,wielkopolskie
60-134,Poznań,Poznań,Poznań,wielkopolskie
61-616,Poznań,Poznań,Poznań,wielkopolskie
61-894,Poznań,Poznań,Poznań,wielkopolskie
60-193,Poznań,Poznań,Poznań,wielkopolskie
61-333,Poznań,Poznań,Poznań,wielkopolskie
60-119,Poznań,Poznań,Poznań,wielkopolskie
61-359,Poznań,Poznań,Poznań,wielkopolskie
60-447,Poznań,Poznań,Poznań,wielkopolskie
60-267,Poznań,Poznań,Poznań,wielkopolskie
60-268,Poznań,Poznań,Poznań,wielkopolskie
60-269,Poznań,Poznań,Poznań,wielkopolskie
60-271,Poznań,Poznań,Poznań,wielkopolskie
60-408,Poznań,Poznań,Poznań,wielkopolskie
61-332,Poznań,Poznań,Poznań,wielkopolskie
61-059,Poznań,Poznań,Poznań,wielkopolskie
61-373,Poznań,Poznań,Poznań,wielkopolskie
61-374,Poznań,Poznań,Poznań,wielkopolskie
61-375,Poznań,Poznań,Poznań,wielkopolskie
61-376,Poznań,Poznań,Poznań,wielkopolskie
61-377,Poznań,Poznań,Poznań,wielkopolskie
61-378,Poznań,Poznań,Poznań,wielkopolskie
61-379,Poznań,Poznań,Poznań,wielkopolskie
61-381,Poznań,Poznań,Poznań,wielkopolskie
61-663,Poznań,Poznań,Poznań,wielkopolskie
61-306,Poznań,Poznań,Poznań,wielkopolskie
60-832,Poznań,Poznań,Poznań,wielkopolskie
60-175,Poznań,Poznań,Poznań,wielkopolskie
61-051,Poznań,Poznań,Poznań,wielkopolskie
61-441,Poznań,Poznań,Poznań,wielkopolskie
60-161,Poznań,Poznań,Poznań,wielkopolskie
60-194,Poznań,Poznań,Poznań,wielkopolskie
61-607,Poznań,Poznań,Poznań,wielkopolskie
60-407,Poznań,Poznań,Poznań,wielkopolskie
61-013,Poznań,Poznań,Poznań,wielkopolskie
61-017,Poznań,Poznań,Poznań,wielkopolskie
61-055,Poznań,Poznań,Poznań,wielkopolskie
61-019,Poznań,Poznań,Poznań,wielkopolskie
61-244,Poznań,Poznań,Poznań,wielkopolskie
61-131,Poznań,Poznań,Poznań,wielkopolskie
61-245,Poznań,Poznań,Poznań,wielkopolskie
61-353,Poznań,Poznań,Poznań,wielkopolskie
60-537,Poznań,Poznań,Poznań,wielkopolskie
61-046,Poznań,Poznań,Poznań,wielkopolskie
60-186,Poznań,Poznań,Poznań,wielkopolskie
61-489,Poznań,Poznań,Poznań,wielkopolskie
61-016,Poznań,Poznań,Poznań,wielkopolskie
60-434,Poznań,Poznań,Poznań,wielkopolskie
60-192,Poznań,Poznań,Poznań,wielkopolskie
60-866,Poznań,Poznań,Poznań,wielkopolskie
61-695,Poznań,Poznań,Poznań,wielkopolskie
61-313,Poznań,Poznań,Poznań,wielkopolskie
60-571,Poznań,Poznań,Poznań,wielkopolskie
60-275,Poznań,Poznań,Poznań,wielkopolskie
60-287,Poznań,Poznań,Poznań,wielkopolskie
60-195,Poznań,Poznań,Poznań,wielkopolskie
60-288,Poznań,Poznań,Poznań,wielkopolskie
61-542,Poznań,Poznań,Poznań,wielkopolskie
61-844,Poznań,Poznań,Poznań,wielkopolskie
61-001,Poznań,Poznań,Poznań,wielkopolskie
60-765,Poznań,Poznań,Poznań,wielkopolskie
60-416,Poznań,Poznań,Poznań,wielkopolskie
60-101,Poznań,Poznań,Poznań,wielkopolskie
61-402,Poznań,Poznań,Poznań,wielkopolskie
60-804,Poznań,Poznań,Poznań,wielkopolskie
60-469,Poznań,Poznań,Poznań,wielkopolskie
60-458,Poznań,Poznań,Poznań,wielkopolskie
61-047,Poznań,Poznań,Poznań,wielkopolskie
60-418,Poznań,Poznań,Poznań,wielkopolskie
60-406,Poznań,Poznań,Poznań,wielkopolskie
60-473,Poznań,Poznań,Poznań,wielkopolskie
60-272,Poznań,Poznań,Poznań,wielkopolskie
60-682,Poznań,Poznań,Poznań,wielkopolskie
61-369,Poznań,Poznań,Poznań,wielkopolskie
61-612,Poznań,Poznań,Poznań,wielkopolskie
61-555,Poznań,Poznań,Poznań,wielkopolskie
61-435,Poznań,Poznań,Poznań,wielkopolskie
61-324,Poznań,Poznań,Poznań,wielkopolskie
60-463,Poznań,Poznań,Poznań,wielkopolskie
61-006,Poznań,Poznań,Poznań,wielkopolskie
61-478,Poznań,Poznań,Poznań,wielkopolskie
61-464,Poznań,Poznań,Poznań,wielkopolskie
61-608,Poznań,Poznań,Poznań,wielkopolskie
60-656,Poznań,Poznań,Poznań,wielkopolskie
61-447,Poznań,Poznań,Poznań,wielkopolskie
61-450,Poznań,Poznań,Poznań,wielkopolskie
61-407,Poznań,Poznań,Poznań,wielkopolskie
61-423,Poznań,Poznań,Poznań,wielkopolskie
61-023,Poznań,Poznań,Poznań,wielkopolskie
60-182,Poznań,Poznań,Poznań,wielkopolskie
61-248,Poznań,Poznań,Poznań,wielkopolskie
60-621,Poznań,Poznań,Poznań,wielkopolskie
60-104,Poznań,Poznań,Poznań,wielkopolskie
60-188,Poznań,Poznań,Poznań,wielkopolskie
61-309,Poznań,Poznań,Poznań,wielkopolskie
60-214,Poznań,Poznań,Poznań,wielkopolskie
61-388,Poznań,Poznań,Poznań,wielkopolskie
61-387,Poznań,Poznań,Poznań,wielkopolskie
61-386,Poznań,Poznań,Poznań,wielkopolskie
61-385,Poznań,Poznań,Poznań,wielkopolskie
61-384,Poznań,Poznań,Poznań,wielkopolskie
61-383,Poznań,Poznań,Poznań,wielkopolskie
61-382,Poznań,Poznań,Poznań,wielkopolskie
60-103,Poznań,Poznań,Poznań,wielkopolskie
60-115,Poznań,Poznań,Poznań,wielkopolskie
61-422,Poznań,Poznań,Poznań,wielkopolskie
60-113,Poznań,Poznań,Poznań,wielkopolskie
60-681,Poznań,Poznań,Poznań,wielkopolskie
61-144,Poznań,Poznań,Poznań,wielkopolskie
61-054,Poznań,Poznań,Poznań,wielkopolskie
60-301,Poznań,Poznań,Poznań,wielkopolskie
60-658,Poznań,Poznań,Poznań,wielkopolskie
61-304,Poznań,Poznań,Poznań,wielkopolskie
61-065,Poznań,Poznań,Poznań,wielkopolskie
60-125,Poznań,Poznań,Poznań,wielkopolskie
60-586,Poznań,Poznań,Poznań,wielkopolskie
61-053,Poznań,Poznań,Poznań,wielkopolskie
61-751,Poznań,Poznań,Poznań,wielkopolskie
60-687,Poznań,Poznań,Poznań,wielkopolskie
61-659,Poznań,Poznań,Poznań,wielkopolskie
60-179,Poznań,Poznań,Poznań,wielkopolskie
60-454,Poznań,Poznań,Poznań,wielkopolskie
60-433,Poznań,Poznań,Poznań,wielkopolskie
61-314,Poznań,Poznań,Poznań,wielkopolskie
61-693,Poznań,Poznań,Poznań,wielkopolskie
61-063,Poznań,Poznań,Poznań,wielkopolskie
60-369,Poznań,Poznań,Poznań,wielkopolskie
61-048,Poznań,Poznań,Poznań,wielkopolskie
60-133,Poznań,Poznań,Poznań,wielkopolskie
61-429,Poznań,Poznań,Poznań,wielkopolskie
61-414,Poznań,Poznań,Poznań,wielkopolskie
60-419,Poznań,Poznań,Poznań,wielkopolskie
61-444,Poznań,Poznań,Poznań,wielkopolskie
61-445,Poznań,Poznań,Poznań,wielkopolskie
60-809,Poznań,Poznań,Poznań,wielkopolskie
60-810,Poznań,Poznań,Poznań,wielkopolskie
60-811,Poznań,Poznań,Poznań,wielkopolskie
60-501,Poznań,Poznań,Poznań,wielkopolskie
60-555,Poznań,Poznań,Poznań,wielkopolskie
60-567,Poznań,Poznań,Poznań,wielkopolskie
60-812,Poznań,Poznań,Poznań,wielkopolskie
60-396,Poznań,Poznań,Poznań,wielkopolskie
60-397,Poznań,Poznań,Poznań,wielkopolskie
60-398,Poznań,Poznań,Poznań,wielkopolskie
60-197,Poznań,Poznań,Poznań,wielkopolskie
60-196,Poznań,Poznań,Poznań,wielkopolskie
60-189,Poznań,Poznań,Poznań,wielkopolskie
60-320,Poznań,Poznań,Poznań,wielkopolskie
60-321,Poznań,Poznań,Poznań,wielkopolskie
60-379,Poznań,Poznań,Poznań,wielkopolskie
60-378,Poznań,Poznań,Poznań,wielkopolskie
60-381,Poznań,Poznań,Poznań,wielkopolskie
60-382,Poznań,Poznań,Poznań,wielkopolskie
60-383,Poznań,Poznań,Poznań,wielkopolskie
60-384,Poznań,Poznań,Poznań,wielkopolskie
60-476,Poznań,Poznań,Poznań,wielkopolskie
61-315,Poznań,Poznań,Poznań,wielkopolskie
60-318,Poznań,Poznań,Poznań,wielkopolskie
61-127,Poznań,Poznań,Poznań,wielkopolskie
61-366,Poznań,Poznań,Poznań,wielkopolskie
60-401,Poznań,Poznań,Poznań,wielkopolskie
61-403,Poznań,Poznań,Poznań,wielkopolskie
60-722,Poznań,Poznań,Poznań,wielkopolskie
61-449,Poznań,Poznań,Poznań,wielkopolskie
60-002,Poznań,Poznań,Poznań,wielkopolskie
61-862,Poznań,Poznań,Poznań,wielkopolskie
60-001,Poznań,Poznań,Poznań,wielkopolskie
60-446,Poznań,Poznań,Poznań,wielkopolskie
61-465,Poznań,Poznań,Poznań,wielkopolskie
60-645,Poznań,Poznań,Poznań,wielkopolskie
60-753,Poznań,Poznań,Poznań,wielkopolskie
60-754,Poznań,Poznań,Poznań,wielkopolskie
60-755,Poznań,Poznań,Poznań,wielkopolskie
60-756,Poznań,Poznań,Poznań,wielkopolskie
61-337,Poznań,Poznań,Poznań,wielkopolskie
61-003,Poznań,Poznań,Poznań,wielkopolskie
61-503,Poznań,Poznań,Poznań,wielkopolskie
61-504,Poznań,Poznań,Poznań,wielkopolskie
60-965,Poznań,Poznań,Poznań,wielkopolskie
60-224,Poznań,Poznań,Poznań,wielkopolskie
60-474,Poznań,Poznań,Poznań,wielkopolskie
61-057,Poznań,Poznań,Poznań,wielkopolskie
60-688,Poznań,Poznań,Poznań,wielkopolskie
60-257,Poznań,Poznań,Poznań,wielkopolskie
60-255,Poznań,Poznań,Poznań,wielkopolskie
60-258,Poznań,Poznań,Poznań,wielkopolskie
60-256,Poznań,Poznań,Poznań,wielkopolskie
60-259,Poznań,Poznań,Poznań,wielkopolskie
60-261,Poznań,Poznań,Poznań,wielkopolskie
61-708,Poznań,Poznań,Poznań,wielkopolskie
61-311,Poznań,Poznań,Poznań,wielkopolskie
61-323,Poznań,Poznań,Poznań,wielkopolskie
61-104,Poznań,Poznań,Poznań,wielkopolskie
61-105,Poznań,Poznań,Poznań,wielkopolskie
61-252,Poznań,Poznań,Poznań,wielkopolskie
61-710,Poznań,Poznań,Poznań,wielkopolskie
60-587,Poznań,Poznań,Poznań,wielkopolskie
60-472,Poznań,Poznań,Poznań,wielkopolskie
60-462,Poznań,Poznań,Poznań,wielkopolskie
61-434,Poznań,Poznań,Poznań,wielkopolskie
61-475,Poznań,Poznań,Poznań,wielkopolskie
60-176,Poznań,Poznań,Poznań,wielkopolskie
61-124,Poznań,Poznań,Poznań,wielkopolskie
60-247,Poznań,Poznań,Poznań,wielkopolskie
61-421,Poznań,Poznań,Poznań,wielkopolskie
61-058,Poznań,Poznań,Poznań,wielkopolskie
61-602,Poznań,Poznań,Poznań,wielkopolskie
61-546,Poznań,Poznań,Poznań,wielkopolskie
61-623,Poznań,Poznań,Poznań,wielkopolskie
61-625,Poznań,Poznań,Poznań,wielkopolskie
61-538,Poznań,Poznań,Poznań,wielkopolskie
60-415,Poznań,Poznań,Poznań,wielkopolskie
61-102,Poznań,Poznań,Poznań,wielkopolskie
61-287,Poznań,Poznań,Poznań,wielkopolskie
61-286,Poznań,Poznań,Poznań,wielkopolskie
61-288,Poznań,Poznań,Poznań,wielkopolskie
61-289,Poznań,Poznań,Poznań,wielkopolskie
61-290,Poznań,Poznań,Poznań,wielkopolskie
61-291,Poznań,Poznań,Poznań,wielkopolskie
61-292,Poznań,Poznań,Poznań,wielkopolskie
61-298,Poznań,Poznań,Poznań,wielkopolskie
61-459,Poznań,Poznań,Poznań,wielkopolskie
61-461,Poznań,Poznań,Poznań,wielkopolskie
61-456,Poznań,Poznań,Poznań,wielkopolskie
61-425,Poznań,Poznań,Poznań,wielkopolskie
61-476,Poznań,Poznań,Poznań,wielkopolskie
60-116,Poznań,Poznań,Poznań,wielkopolskie
61-049,Poznań,Poznań,Poznań,wielkopolskie
60-111,Poznań,Poznań,Poznań,wielkopolskie
61-474,Poznań,Poznań,Poznań,wielkopolskie
61-426,Poznań,Poznań,Poznań,wielkopolskie
61-334,Poznań,Poznań,Poznań,wielkopolskie
61-038,Poznań,Poznań,Poznań,wielkopolskie
61-567,Poznań,Poznań,Poznań,wielkopolskie
61-526,Poznań,Poznań,Poznań,wielkopolskie
61-544,Poznań,Poznań,Poznań,wielkopolskie
61-525,Poznań,Poznań,Poznań,wielkopolskie
61-507,Poznań,Poznań,Poznań,wielkopolskie
61-505,Poznań,Poznań,Poznań,wielkopolskie
61-515,Poznań,Poznań,Poznań,wielkopolskie
61-485,Poznań,Poznań,Poznań,wielkopolskie
61-481,Poznań,Poznań,Poznań,wielkopolskie
61-469,Poznań,Poznań,Poznań,wielkopolskie
61-437,Poznań,Poznań,Poznań,wielkopolskie
61-582,Poznań,Poznań,Poznań,wielkopolskie
61-575,Poznań,Poznań,Poznań,wielkopolskie
61-583,Poznań,Poznań,Poznań,wielkopolskie
60-329,Poznań,Poznań,Poznań,wielkopolskie
60-330,Poznań,Poznań,Poznań,wielkopolskie
60-453,Poznań,Poznań,Poznań,wielkopolskie
61-495,Poznań,Poznań,Poznań,wielkopolskie
61-367,Poznań,Poznań,Poznań,wielkopolskie
60-124,Poznań,Poznań,Poznań,wielkopolskie
61-614,Poznań,Poznań,Poznań,wielkopolskie
60-452,Poznań,Poznań,Poznań,wielkopolskie
61-303,Poznań,Poznań,Poznań,wielkopolskie
61-328,Poznań,Poznań,Poznań,wielkopolskie
61-415,Poznań,Poznań,Poznań,wielkopolskie
60-838,Poznań,Poznań,Poznań,wielkopolskie
60-839,Poznań,Poznań,Poznań,wielkopolskie
60-840,Poznań,Poznań,Poznań,wielkopolskie
60-841,Poznań,Poznań,Poznań,wielkopolskie
60-842,Poznań,Poznań,Poznań,wielkopolskie
60-843,Poznań,Poznań,Poznań,wielkopolskie
60-522,Poznań,Poznań,Poznań,wielkopolskie
60-523,Poznań,Poznań,Poznań,wielkopolskie
60-529,Poznań,Poznań,Poznań,wielkopolskie
60-576,Poznań,Poznań,Poznań,wielkopolskie
60-574,Poznań,Poznań,Poznań,wielkopolskie
60-575,Poznań,Poznań,Poznań,wielkopolskie
60-543,Poznań,Poznań,Poznań,wielkopolskie
60-577,Poznań,Poznań,Poznań,wielkopolskie
60-588,Poznań,Poznań,Poznań,wielkopolskie
60-594,Poznań,Poznań,Poznań,wielkopolskie
60-425,Poznań,Poznań,Poznań,wielkopolskie
60-451,Poznań,Poznań,Poznań,wielkopolskie
61-501,Poznań,Poznań,Poznań,wielkopolskie
60-693,Poznań,Poznań,Poznań,wielkopolskie
61-316,Poznań,Poznań,Poznań,wielkopolskie
61-458,Poznań,Poznań,Poznań,wielkopolskie
61-848,Poznań,Poznań,Poznań,wielkopolskie
61-850,Poznań,Poznań,Poznań,wielkopolskie
61-849,Poznań,Poznań,Poznań,wielkopolskie
60-559,Poznań,Poznań,Poznań,wielkopolskie
60-558,Poznań,Poznań,Poznań,wielkopolskie
60-556,Poznań,Poznań,Poznań,wielkopolskie
60-557,Poznań,Poznań,Poznań,wielkopolskie
60-222,Poznań,Poznań,Poznań,wielkopolskie
60-221,Poznań,Poznań,Poznań,wielkopolskie
60-204,Poznań,Poznań,Poznań,wielkopolskie
60-412,Poznań,Poznań,Poznań,wielkopolskie
60-595,Poznań,Poznań,Poznań,wielkopolskie
60-663,Poznań,Poznań,Poznań,wielkopolskie
60-162,Poznań,Poznań,Poznań,wielkopolskie
61-692,Poznań,Poznań,Poznań,wielkopolskie
61-062,Poznań,Poznań,Poznań,wielkopolskie
60-632,Poznań,Poznań,Poznań,wielkopolskie
60-631,Poznań,Poznań,Poznań,wielkopolskie
61-551,Poznań,Poznań,Poznań,wielkopolskie
61-552,Poznań,Poznań,Poznań,wielkopolskie
61-492,Poznań,Poznań,Poznań,wielkopolskie
61-205,Poznań,Poznań,Poznań,wielkopolskie
61-762,Poznań,Poznań,Poznań,wielkopolskie
61-661,Poznań,Poznań,Poznań,wielkopolskie
61-662,Poznań,Poznań,Poznań,wielkopolskie
61-418,Poznań,Poznań,Poznań,wielkopolskie
60-745,Poznań,Poznań,Poznań,wielkopolskie
60-746,Poznań,Poznań,Poznań,wielkopolskie
61-483,Poznań,Poznań,Poznań,wielkopolskie
60-613,Poznań,Poznań,Poznań,wielkopolskie
60-413,Poznań,Poznań,Poznań,wielkopolskie
60-471,Poznań,Poznań,Poznań,wielkopolskie
60-201,Poznań,Poznań,Poznań,wielkopolskie
61-801,Poznań,Poznań,Poznań,wielkopolskie
60-602,Poznań,Poznań,Poznań,wielkopolskie
61-619,Poznań,Poznań,Poznań,wielkopolskie
61-066,Poznań,Poznań,Poznań,wielkopolskie
60-132,Poznań,Poznań,Poznań,wielkopolskie
61-747,Poznań,Poznań,Poznań,wielkopolskie
61-727,Poznań,Poznań,Poznań,wielkopolskie
61-056,Poznań,Poznań,Poznań,wielkopolskie
61-344,Poznań,Poznań,Poznań,wielkopolskie
61-108,Poznań,Poznań,Poznań,wielkopolskie
60-178,Poznań,Poznań,Poznań,wielkopolskie
60-456,Poznań,Poznań,Poznań,wielkopolskie
61-755,Poznań,Poznań,Poznań,wielkopolskie
60-005,Poznań,Poznań,Poznań,wielkopolskie
61-524,Poznań,Poznań,Poznań,wielkopolskie
61-512,Poznań,Poznań,Poznań,wielkopolskie
61-249,Poznań,Poznań,Poznań,wielkopolskie
61-361,Poznań,Poznań,Poznań,wielkopolskie
61-502,Poznań,Poznań,Poznań,wielkopolskie
61-123,Poznań,Poznań,Poznań,wielkopolskie
60-692,Poznań,Poznań,Poznań,wielkopolskie
60-536,Poznań,Poznań,Poznań,wielkopolskie
61-302,Poznań,Poznań,Poznań,wielkopolskie
61-064,Poznań,Poznań,Poznań,wielkopolskie
61-362,Poznań,Poznań,Poznań,wielkopolskie
61-768,Poznań,Poznań,Poznań,wielkopolskie
61-701,Poznań,Poznań,Poznań,wielkopolskie
60-815,Poznań,Poznań,Poznań,wielkopolskie
60-159,Poznań,Poznań,Poznań,wielkopolskie
60-547,Poznań,Poznań,Poznań,wielkopolskie
60-561,Poznań,Poznań,Poznań,wielkopolskie
61-866,Poznań,Poznań,Poznań,wielkopolskie
61-867,Poznań,Poznań,Poznań,wielkopolskie
61-868,Poznań,Poznań,Poznań,wielkopolskie
61-869,Poznań,Poznań,Poznań,wielkopolskie
61-758,Poznań,Poznań,Poznań,wielkopolskie
61-757,Poznań,Poznań,Poznań,wielkopolskie
61-527,Poznań,Poznań,Poznań,wielkopolskie
61-312,Poznań,Poznań,Poznań,wielkopolskie
61-817,Poznań,Poznań,Poznań,wielkopolskie
60-703,Poznań,Poznań,Poznań,wielkopolskie
60-704,Poznań,Poznań,Poznań,wielkopolskie
60-106,Poznań,Poznań,Poznań,wielkopolskie
60-008,Poznań,Poznań,Poznań,wielkopolskie
61-553,Poznań,Poznań,Poznań,wielkopolskie
61-432,Poznań,Poznań,Poznań,wielkopolskie
60-734,Poznań,Poznań,Poznań,wielkopolskie
60-702,Poznań,Poznań,Poznań,wielkopolskie
60-736,Poznań,Poznań,Poznań,wielkopolskie
60-737,Poznań,Poznań,Poznań,wielkopolskie
60-738,Poznań,Poznań,Poznań,wielkopolskie
60-739,Poznań,Poznań,Poznań,wielkopolskie
60-740,Poznań,Poznań,Poznań,wielkopolskie
60-741,Poznań,Poznań,Poznań,wielkopolskie
60-264,Poznań,Poznań,Poznań,wielkopolskie
60-262,Poznań,Poznań,Poznań,wielkopolskie
60-265,Poznań,Poznań,Poznań,wielkopolskie
60-263,Poznań,Poznań,Poznań,wielkopolskie
60-266,Poznań,Poznań,Poznań,wielkopolskie
60-243,Poznań,Poznań,Poznań,wielkopolskie
60-244,Poznań,Poznań,Poznań,wielkopolskie
60-205,Poznań,Poznań,Poznań,wielkopolskie
60-206,Poznań,Poznań,Poznań,wielkopolskie
60-126,Poznań,Poznań,Poznań,wielkopolskie
60-121,Poznań,Poznań,Poznań,wielkopolskie
60-004,Poznań,Poznań,Poznań,wielkopolskie
60-183,Poznań,Poznań,Poznań,wielkopolskie
61-005,Poznań,Poznań,Poznań,wielkopolskie
61-007,Poznań,Poznań,Poznań,wielkopolskie
61-329,Poznań,Poznań,Poznań,wielkopolskie
61-015,Poznań,Poznań,Poznań,wielkopolskie
61-021,Poznań,Poznań,Poznań,wielkopolskie
60-626,Poznań,Poznań,Poznań,wielkopolskie
61-834,Poznań,Poznań,Poznań,wielkopolskie
61-357,Poznań,Poznań,Poznań,wielkopolskie
61-417,Poznań,Poznań,Poznań,wielkopolskie
60-427,Poznań,Poznań,Poznań,wielkopolskie
60-554,Poznań,Poznań,Poznań,wielkopolskie
61-308,Poznań,Poznań,Poznań,wielkopolskie
60-623,Poznań,Poznań,Poznań,wielkopolskie
61-424,Poznań,Poznań,Poznań,wielkopolskie
61-564,Poznań,Poznań,Poznań,wielkopolskie
61-563,Poznań,Poznań,Poznań,wielkopolskie
61-576,Poznań,Poznań,Poznań,wielkopolskie
60-107,Poznań,Poznań,Poznań,wielkopolskie
61-473,Poznań,Poznań,Poznań,wielkopolskie
60-163,Poznań,Poznań,Poznań,wielkopolskie
60-712,Poznań,Poznań,Poznań,wielkopolskie
60-713,Poznań,Poznań,Poznań,wielkopolskie
61-858,Poznań,Poznań,Poznań,wielkopolskie
61-859,Poznań,Poznań,Poznań,wielkopolskie
61-752,Poznań,Poznań,Poznań,wielkopolskie
60-277,Poznań,Poznań,Poznań,wielkopolskie
60-332,Poznań,Poznań,Poznań,wielkopolskie
60-339,Poznań,Poznań,Poznań,wielkopolskie
60-335,Poznań,Poznań,Poznań,wielkopolskie
60-337,Poznań,Poznań,Poznań,wielkopolskie
60-336,Poznań,Poznań,Poznań,wielkopolskie
60-363,Poznań,Poznań,Poznań,wielkopolskie
60-564,Poznań,Poznań,Poznań,wielkopolskie
61-655,Poznań,Poznań,Poznań,wielkopolskie
60-757,Poznań,Poznań,Poznań,wielkopolskie
60-758,Poznań,Poznań,Poznań,wielkopolskie
61-737,Poznań,Poznań,Poznań,wielkopolskie
60-601,Poznań,Poznań,Poznań,wielkopolskie
60-780,Poznań,Poznań,Poznań,wielkopolskie
60-782,Poznań,Poznań,Poznań,wielkopolskie
60-781,Poznań,Poznań,Poznań,wielkopolskie
60-783,Poznań,Poznań,Poznań,wielkopolskie
60-785,Poznań,Poznań,Poznań,wielkopolskie
60-786,Poznań,Poznań,Poznań,wielkopolskie
60-784,Poznań,Poznań,Poznań,wielkopolskie
60-311,Poznań,Poznań,Poznań,wielkopolskie
60-352,Poznań,Poznań,Poznań,wielkopolskie
60-312,Poznań,Poznań,Poznań,wielkopolskie
60-313,Poznań,Poznań,Poznań,wielkopolskie
60-307,Poznań,Poznań,Poznań,wielkopolskie
60-308,Poznań,Poznań,Poznań,wielkopolskie
60-309,Poznań,Poznań,Poznań,wielkopolskie
60-322,Poznań,Poznań,Poznań,wielkopolskie
60-166,Poznań,Poznań,Poznań,wielkopolskie
60-173,Poznań,Poznań,Poznań,wielkopolskie
60-169,Poznań,Poznań,Poznań,wielkopolskie
61-472,Poznań,Poznań,Poznań,wielkopolskie
61-702,Poznań,Poznań,Poznań,wielkopolskie
61-703,Poznań,Poznań,Poznań,wielkopolskie
60-149,Poznań,Poznań,Poznań,wielkopolskie
60-409,Poznań,Poznań,Poznań,wielkopolskie
61-011,Poznań,Poznań,Poznań,wielkopolskie
61-736,Poznań,Poznań,Poznań,wielkopolskie
61-014,Poznań,Poznań,Poznań,wielkopolskie
60-685,Poznań,Poznań,Poznań,wielkopolskie
61-671,Poznań,Poznań,Poznań,wielkopolskie
60-254,Poznań,Poznań,Poznań,wielkopolskie
60-253,Poznań,Poznań,Poznań,wielkopolskie
60-252,Poznań,Poznań,Poznań,wielkopolskie
60-251,Poznań,Poznań,Poznań,wielkopolskie
60-219,Poznań,Poznań,Poznań,wielkopolskie
60-218,Poznań,Poznań,Poznań,wielkopolskie
61-513,Poznań,Poznań,Poznań,wielkopolskie
61-493,Poznań,Poznań,Poznań,wielkopolskie
60-281,Poznań,Poznań,Poznań,wielkopolskie
61-008,Poznań,Poznań,Poznań,wielkopolskie
60-591,Poznań,Poznań,Poznań,wielkopolskie
61-339,Poznań,Poznań,Poznań,wielkopolskie
60-331,Poznań,Poznań,Poznań,wielkopolskie
61-486,Poznań,Poznań,Poznań,wielkopolskie
60-789,Poznań,Poznań,Poznań,wielkopolskie
61-355,Poznań,Poznań,Poznań,wielkopolskie
61-132,Poznań,Poznań,Poznań,wielkopolskie
61-243,Poznań,Poznań,Poznań,wielkopolskie
61-044,Poznań,Poznań,Poznań,wielkopolskie
61-327,Poznań,Poznań,Poznań,wielkopolskie
60-508,Poznań,Poznań,Poznań,wielkopolskie
60-509,Poznań,Poznań,Poznań,wielkopolskie
60-511,Poznań,Poznań,Poznań,wielkopolskie
60-512,Poznań,Poznań,Poznań,wielkopolskie
60-513,Poznań,Poznań,Poznań,wielkopolskie
60-553,Poznań,Poznań,Poznań,wielkopolskie
61-871,Poznań,Poznań,Poznań,wielkopolskie
61-872,Poznań,Poznań,Poznań,wielkopolskie
61-873,Poznań,Poznań,Poznań,wielkopolskie
61-224,Poznań,Poznań,Poznań,wielkopolskie
61-225,Poznań,Poznań,Poznań,wielkopolskie
61-226,Poznań,Poznań,Poznań,wielkopolskie
61-227,Poznań,Poznań,Poznań,wielkopolskie
61-228,Poznań,Poznań,Poznań,wielkopolskie
61-229,Poznań,Poznań,Poznań,wielkopolskie
61-231,Poznań,Poznań,Poznań,wielkopolskie
61-233,Poznań,Poznań,Poznań,wielkopolskie
61-234,Poznań,Poznań,Poznań,wielkopolskie
61-235,Poznań,Poznań,Poznań,wielkopolskie
61-236,Poznań,Poznań,Poznań,wielkopolskie
61-237,Poznań,Poznań,Poznań,wielkopolskie
61-238,Poznań,Poznań,Poznań,wielkopolskie
61-239,Poznań,Poznań,Poznań,wielkopolskie
61-241,Poznań,Poznań,Poznań,wielkopolskie
61-217,Poznań,Poznań,Poznań,wielkopolskie
61-218,Poznań,Poznań,Poznań,wielkopolskie
61-219,Poznań,Poznań,Poznań,wielkopolskie
61-221,Poznań,Poznań,Poznań,wielkopolskie
61-222,Poznań,Poznań,Poznań,wielkopolskie
61-223,Poznań,Poznań,Poznań,wielkopolskie
61-139,Poznań,Poznań,Poznań,wielkopolskie
60-542,Poznań,Poznań,Poznań,wielkopolskie
61-070,Poznań,Poznań,Poznań,wielkopolskie
61-321,Poznań,Poznań,Poznań,wielkopolskie
60-184,Poznań,Poznań,Poznań,wielkopolskie
60-235,Poznań,Poznań,Poznań,wielkopolskie
60-238,Poznań,Poznań,Poznań,wielkopolskie
60-248,Poznań,Poznań,Poznań,wielkopolskie
60-239,Poznań,Poznań,Poznań,wielkopolskie
60-246,Poznań,Poznań,Poznań,wielkopolskie
60-131,Poznań,Poznań,Poznań,wielkopolskie
60-129,Poznań,Poznań,Poznań,wielkopolskie
60-468,Poznań,Poznań,Poznań,wielkopolskie
61-836,Poznań,Poznań,Poznań,wielkopolskie
60-198,Poznań,Poznań,Poznań,wielkopolskie
61-609,Poznań,Poznań,Poznań,wielkopolskie
61-397,Poznań,Poznań,Poznań,wielkopolskie
61-436,Poznań,Poznań,Poznań,wielkopolskie
61-468,Poznań,Poznań,Poznań,wielkopolskie
61-462,Poznań,Poznań,Poznań,wielkopolskie
61-453,Poznań,Poznań,Poznań,wielkopolskie
61-454,Poznań,Poznań,Poznań,wielkopolskie
60-374,Poznań,Poznań,Poznań,wielkopolskie
60-863,Poznań,Poznań,Poznań,wielkopolskie
60-864,Poznań,Poznań,Poznań,wielkopolskie
60-865,Poznań,Poznań,Poznań,wielkopolskie
60-847,Poznań,Poznań,Poznań,wielkopolskie
61-427,Poznań,Poznań,Poznań,wielkopolskie
61-718,Poznań,Poznań,Poznań,wielkopolskie
60-152,Poznań,Poznań,Poznań,wielkopolskie
60-479,Poznań,Poznań,Poznań,wielkopolskie
60-373,Poznań,Poznań,Poznań,wielkopolskie
60-475,Poznań,Poznań,Poznań,wielkopolskie
60-548,Poznań,Poznań,Poznań,wielkopolskie
60-545,Poznań,Poznań,Poznań,wielkopolskie
60-164,Poznań,Poznań,Poznań,wielkopolskie
60-709,Poznań,Poznań,Poznań,wielkopolskie
60-710,Poznań,Poznań,Poznań,wielkopolskie
60-327,Poznań,Poznań,Poznań,wielkopolskie
61-812,Poznań,Poznań,Poznań,wielkopolskie
60-829,Poznań,Poznań,Poznań,wielkopolskie
60-143,Poznań,Poznań,Poznań,wielkopolskie
60-438,Poznań,Poznań,Poznań,wielkopolskie
61-876,Poznań,Poznań,Poznań,wielkopolskie
61-745,Poznań,Poznań,Poznań,wielkopolskie
61-827,Poznań,Poznań,Poznań,wielkopolskie
60-724,Poznań,Poznań,Poznań,wielkopolskie
60-236,Poznań,Poznań,Poznań,wielkopolskie
60-237,Poznań,Poznań,Poznań,wielkopolskie
60-245,Poznań,Poznań,Poznań,wielkopolskie
60-549,Poznań,Poznań,Poznań,wielkopolskie
61-446,Poznań,Poznań,Poznań,wielkopolskie
61-448,Poznań,Poznań,Poznań,wielkopolskie
60-316,Poznań,Poznań,Poznań,wielkopolskie
60-619,Poznań,Poznań,Poznań,wielkopolskie
60-748,Poznań,Poznań,Poznań,wielkopolskie
61-863,Poznań,Poznań,Poznań,wielkopolskie
60-732,Poznań,Poznań,Poznań,wielkopolskie
60-158,Poznań,Poznań,Poznań,wielkopolskie
61-419,Poznań,Poznań,Poznań,wielkopolskie
61-351,Poznań,Poznań,Poznań,wielkopolskie
60-174,Poznań,Poznań,Poznań,wielkopolskie
61-531,Poznań,Poznań,Poznań,wielkopolskie
61-532,Poznań,Poznań,Poznań,wielkopolskie
61-779,Poznań,Poznań,Poznań,wielkopolskie
60-747,Poznań,Poznań,Poznań,wielkopolskie
60-136,Poznań,Poznań,Poznań,wielkopolskie
61-654,Poznań,Poznań,Poznań,wielkopolskie
60-844,Poznań,Poznań,Poznań,wielkopolskie
60-845,Poznań,Poznań,Poznań,wielkopolskie
60-846,Poznań,Poznań,Poznań,wielkopolskie
61-841,Poznań,Poznań,Poznań,wielkopolskie
60-715,Poznań,Poznań,Poznań,wielkopolskie
60-716,Poznań,Poznań,Poznań,wielkopolskie
60-717,Poznań,Poznań,Poznań,wielkopolskie
60-718,Poznań,Poznań,Poznań,wielkopolskie
60-719,Poznań,Poznań,Poznań,wielkopolskie
60-720,Poznań,Poznań,Poznań,wielkopolskie
61-042,Poznań,Poznań,Poznań,wielkopolskie
61-413,Poznań,Poznań,Poznań,wielkopolskie
61-463,Poznań,Poznań,Poznań,wielkopolskie
61-114,Poznań,Poznań,Poznań,wielkopolskie
61-115,Poznań,Poznań,Poznań,wielkopolskie
60-465,Poznań,Poznań,Poznań,wielkopolskie
61-041,Poznań,Poznań,Poznań,wielkopolskie
60-771,Poznań,Poznań,Poznań,wielkopolskie
60-105,Poznań,Poznań,Poznań,wielkopolskie
61-605,Poznań,Poznań,Poznań,wielkopolskie
61-880,Poznań,Poznań,Poznań,wielkopolskie
60-411,Poznań,Poznań,Poznań,wielkopolskie
61-029,Poznań,Poznań,Poznań,wielkopolskie
61-408,Poznań,Poznań,Poznań,wielkopolskie
60-144,Poznań,Poznań,Poznań,wielkopolskie
60-652,Poznań,Poznań,Poznań,wielkopolskie
61-522,Poznań,Poznań,Poznań,wielkopolskie
61-519,Poznań,Poznań,Poznań,wielkopolskie
61-521,Poznań,Poznań,Poznań,wielkopolskie
61-621,Poznań,Poznań,Poznań,wielkopolskie
61-624,Poznań,Poznań,Poznań,wielkopolskie
61-627,Poznań,Poznań,Poznań,wielkopolskie
61-631,Poznań,Poznań,Poznań,wielkopolskie
61-639,Poznań,Poznań,Poznań,wielkopolskie
61-641,Poznań,Poznań,Poznań,wielkopolskie
61-642,Poznań,Poznań,Poznań,wielkopolskie
60-464,Poznań,Poznań,Poznań,wielkopolskie
60-759,Poznań,Poznań,Poznań,wielkopolskie
60-761,Poznań,Poznań,Poznań,wielkopolskie
60-760,Poznań,Poznań,Poznań,wielkopolskie
60-762,Poznań,Poznań,Poznań,wielkopolskie
60-241,Poznań,Poznań,Poznań,wielkopolskie
60-112,Poznań,Poznań,Poznań,wielkopolskie
60-538,Poznań,Poznań,Poznań,wielkopolskie
60-539,Poznań,Poznań,Poznań,wielkopolskie
60-573,Poznań,Poznań,Poznań,wielkopolskie
61-891,Poznań,Poznań,Poznań,wielkopolskie
61-892,Poznań,Poznań,Poznań,wielkopolskie
61-715,Poznań,Poznań,Poznań,wielkopolskie
61-716,Poznań,Poznań,Poznań,wielkopolskie
61-717,Poznań,Poznań,Poznań,wielkopolskie
60-009,Poznań,Poznań,Poznań,wielkopolskie
61-835,Poznań,Poznań,Poznań,wielkopolskie
61-141,Poznań,Poznań,Poznań,wielkopolskie
61-889,Poznań,Poznań,Poznań,wielkopolskie
61-893,Poznań,Poznań,Poznań,wielkopolskie
61-765,Poznań,Poznań,Poznań,wielkopolskie
61-022,Poznań,Poznań,Poznań,wielkopolskie
61-037,Poznań,Poznań,Poznań,wielkopolskie
61-033,Poznań,Poznań,Poznań,wielkopolskie
61-035,Poznań,Poznań,Poznań,wielkopolskie
61-036,Poznań,Poznań,Poznań,wielkopolskie
61-412,Poznań,Poznań,Poznań,wielkopolskie
60-830,Poznań,Poznań,Poznań,wielkopolskie
60-518,Poznań,Poznań,Poznań,wielkopolskie
60-519,Poznań,Poznań,Poznań,wielkopolskie
60-203,Poznań,Poznań,Poznań,wielkopolskie
60-202,Poznań,Poznań,Poznań,wielkopolskie
61-601,Poznań,Poznań,Poznań,wielkopolskie
61-012,Poznań,Poznań,Poznań,wielkopolskie
61-045,Poznań,Poznań,Poznań,wielkopolskie
61-825,Poznań,Poznań,Poznań,wielkopolskie
60-167,Poznań,Poznań,Poznań,wielkopolskie
60-003,Poznań,Poznań,Poznań,wielkopolskie
60-118,Poznań,Poznań,Poznań,wielkopolskie
61-406,Poznań,Poznań,Poznań,wielkopolskie
60-114,Poznań,Poznań,Poznań,wielkopolskie
61-545,Poznań,Poznań,Poznań,wielkopolskie
61-722,Poznań,Poznań,Poznań,wielkopolskie
60-618,Poznań,Poznań,Poznań,wielkopolskie
61-285,Poznań,Poznań,Poznań,wielkopolskie
61-719,Poznań,Poznań,Poznań,wielkopolskie
61-881,Poznań,Poznań,Poznań,wielkopolskie
61-882,Poznań,Poznań,Poznań,wielkopolskie
60-655,Poznań,Poznań,Poznań,wielkopolskie
61-293,Poznań,Poznań,Poznań,wielkopolskie
61-294,Poznań,Poznań,Poznań,wielkopolskie
61-295,Poznań,Poznań,Poznań,wielkopolskie
61-296,Poznań,Poznań,Poznań,wielkopolskie
61-297,Poznań,Poznań,Poznań,wielkopolskie
61-299,Poznań,Poznań,Poznań,wielkopolskie
61-691,Poznań,Poznań,Poznań,wielkopolskie
61-409,Poznań,Poznań,Poznań,wielkopolskie
60-439,Poznań,Poznań,Poznań,wielkopolskie
60-654,Poznań,Poznań,Poznań,wielkopolskie
61-411,Poznań,Poznań,Poznań,wielkopolskie
60-431,Poznań,Poznań,Poznań,wielkopolskie
61-706,Poznań,Poznań,Poznań,wielkopolskie
61-707,Poznań,Poznań,Poznań,wielkopolskie
60-743,Poznań,Poznań,Poznań,wielkopolskie
60-744,Poznań,Poznań,Poznań,wielkopolskie
60-153,Poznań,Poznań,Poznań,wielkopolskie
60-605,Poznań,Poznań,Poznań,wielkopolskie
60-227,Poznań,Poznań,Poznań,wielkopolskie
60-226,Poznań,Poznań,Poznań,wielkopolskie
60-225,Poznań,Poznań,Poznań,wielkopolskie
60-421,Poznań,Poznań,Poznań,wielkopolskie
60-348,Poznań,Poznań,Poznań,wielkopolskie
61-770,Poznań,Poznań,Poznań,wielkopolskie
61-741,Poznań,Poznań,Poznań,wielkopolskie
61-742,Poznań,Poznań,Poznań,wielkopolskie
61-743,Poznań,Poznań,Poznań,wielkopolskie
61-744,Poznań,Poznań,Poznań,wielkopolskie
60-478,Poznań,Poznań,Poznań,wielkopolskie
60-731,Poznań,Poznań,Poznań,wielkopolskie
60-733,Poznań,Poznań,Poznań,wielkopolskie
61-857,Poznań,Poznań,Poznań,wielkopolskie
61-878,Poznań,Poznań,Poznań,wielkopolskie
61-877,Poznań,Poznań,Poznań,wielkopolskie
61-879,Poznań,Poznań,Poznań,wielkopolskie
60-689,Poznań,Poznań,Poznań,wielkopolskie
61-467,Poznań,Poznań,Poznań,wielkopolskie
61-466,Poznań,Poznań,Poznań,wielkopolskie
61-442,Poznań,Poznań,Poznań,wielkopolskie
61-443,Poznań,Poznań,Poznań,wielkopolskie
60-725,Poznań,Poznań,Poznań,wielkopolskie
60-726,Poznań,Poznań,Poznań,wielkopolskie
60-727,Poznań,Poznań,Poznań,wielkopolskie
60-728,Poznań,Poznań,Poznań,wielkopolskie
60-729,Poznań,Poznań,Poznań,wielkopolskie
61-335,Poznań,Poznań,Poznań,wielkopolskie
60-651,Poznań,Poznań,Poznań,wielkopolskie
61-511,Poznań,Poznań,Poznań,wielkopolskie
61-509,Poznań,Poznań,Poznań,wielkopolskie
61-728,Poznań,Poznań,Poznań,wielkopolskie
61-482,Poznań,Poznań,Poznań,wielkopolskie
61-129,Poznań,Poznań,Poznań,wielkopolskie
61-756,Poznań,Poznań,Poznań,wielkopolskie
60-705,Poznań,Poznań,Poznań,wielkopolskie
60-706,Poznań,Poznań,Poznań,wielkopolskie
60-707,Poznań,Poznań,Poznań,wielkopolskie
60-708,Poznań,Poznań,Poznań,wielkopolskie
60-616,Poznań,Poznań,Poznań,wielkopolskie
60-855,Poznań,Poznań,Poznań,wielkopolskie
60-801,Poznań,Poznań,Poznań,wielkopolskie
60-354,Poznań,Poznań,Poznań,wielkopolskie
60-341,Poznań,Poznań,Poznań,wielkopolskie
60-323,Poznań,Poznań,Poznań,wielkopolskie
60-324,Poznań,Poznań,Poznań,wielkopolskie
61-803,Poznań,Poznań,Poznań,wielkopolskie
61-804,Poznań,Poznań,Poznań,wielkopolskie
61-805,Poznań,Poznań,Poznań,wielkopolskie
61-806,Poznań,Poznań,Poznań,wielkopolskie
61-807,Poznań,Poznań,Poznań,wielkopolskie
61-808,Poznań,Poznań,Poznań,wielkopolskie
61-809,Poznań,Poznań,Poznań,wielkopolskie
61-861,Poznań,Poznań,Poznań,wielkopolskie
60-317,Poznań,Poznań,Poznań,wielkopolskie
60-683,Poznań,Poznań,Poznań,wielkopolskie
60-432,Poznań,Poznań,Poznań,wielkopolskie
61-767,Poznań,Poznań,Poznań,wielkopolskie
61-345,Poznań,Poznań,Poznań,wielkopolskie
60-766,Poznań,Poznań,Poznań,wielkopolskie
60-767,Poznań,Poznań,Poznań,wielkopolskie
60-768,Poznań,Poznań,Poznań,wielkopolskie
60-769,Poznań,Poznań,Poznań,wielkopolskie
60-770,Poznań,Poznań,Poznań,wielkopolskie
60-772,Poznań,Poznań,Poznań,wielkopolskie
61-586,Poznań,Poznań,Poznań,wielkopolskie
61-371,Poznań,Poznań,Poznań,wielkopolskie
60-617,Poznań,Poznań,Poznań,wielkopolskie
60-861,Poznań,Poznań,Poznań,wielkopolskie
61-118,Poznań,Poznań,Poznań,wielkopolskie
61-119,Poznań,Poznań,Poznań,wielkopolskie
60-833,Poznań,Poznań,Poznań,wielkopolskie
60-834,Poznań,Poznań,Poznań,wielkopolskie
60-836,Poznań,Poznań,Poznań,wielkopolskie
60-835,Poznań,Poznań,Poznań,wielkopolskie
60-837,Poznań,Poznań,Poznań,wielkopolskie
61-494,Poznań,Poznań,Poznań,wielkopolskie
61-725,Poznań,Poznań,Poznań,wielkopolskie
61-689,Poznań,Poznań,Poznań,wielkopolskie
60-371,Poznań,Poznań,Poznań,wielkopolskie
60-102,Poznań,Poznań,Poznań,wielkopolskie
60-108,Poznań,Poznań,Poznań,wielkopolskie
61-729,Poznań,Poznań,Poznań,wielkopolskie
61-730,Poznań,Poznań,Poznań,wielkopolskie
60-387,Poznań,Poznań,Poznań,wielkopolskie
60-388,Poznań,Poznań,Poznań,wielkopolskie
61-477,Poznań,Poznań,Poznań,wielkopolskie
61-052,Poznań,Poznań,Poznań,wielkopolskie
61-766,Poznań,Poznań,Poznań,wielkopolskie
61-854,Poznań,Poznań,Poznań,wielkopolskie
60-723,Poznań,Poznań,Poznań,wielkopolskie
61-771,Poznań,Poznań,Poznań,wielkopolskie
60-443,Poznań,Poznań,Poznań,wielkopolskie
60-856,Poznań,Poznań,Poznań,wielkopolskie
60-857,Poznań,Poznań,Poznań,wielkopolskie
60-858,Poznań,Poznań,Poznań,wielkopolskie
61-343,Poznań,Poznań,Poznań,wielkopolskie
61-721,Poznań,Poznań,Poznań,wielkopolskie
60-862,Poznań,Poznań,Poznań,wielkopolskie
60-457,Poznań,Poznań,Poznań,wielkopolskie
60-639,Poznań,Poznań,Poznań,wielkopolskie
60-541,Poznań,Poznań,Poznań,wielkopolskie
60-604,Poznań,Poznań,Poznań,wielkopolskie
60-612,Poznań,Poznań,Poznań,wielkopolskie
60-611,Poznań,Poznań,Poznań,wielkopolskie
61-622,Poznań,Poznań,Poznań,wielkopolskie
61-611,Poznań,Poznań,Poznań,wielkopolskie
60-805,Poznań,Poznań,Poznań,wielkopolskie
61-578,Poznań,Poznań,Poznań,wielkopolskie
60-234,Poznań,Poznań,Poznań,wielkopolskie
60-232,Poznań,Poznań,Poznań,wielkopolskie
60-233,Poznań,Poznań,Poznań,wielkopolskie
60-231,Poznań,Poznań,Poznań,wielkopolskie
60-229,Poznań,Poznań,Poznań,wielkopolskie
60-228,Poznań,Poznań,Poznań,wielkopolskie
61-874,Poznań,Poznań,Poznań,wielkopolskie
61-875,Poznań,Poznań,Poznań,wielkopolskie
61-713,Poznań,Poznań,Poznań,wielkopolskie
61-714,Poznań,Poznań,Poznań,wielkopolskie
60-867,Poznań,Poznań,Poznań,wielkopolskie
61-704,Poznań,Poznań,Poznań,wielkopolskie
61-705,Poznań,Poznań,Poznań,wielkopolskie
61-111,Poznań,Poznań,Poznań,wielkopolskie
60-589,Poznań,Poznań,Poznań,wielkopolskie
60-171,Poznań,Poznań,Poznań,wielkopolskie
61-318,Poznań,Poznań,Poznań,wielkopolskie
60-368,Poznań,Poznań,Poznań,wielkopolskie
61-731,Poznań,Poznań,Poznań,wielkopolskie
61-732,Poznań,Poznań,Poznań,wielkopolskie
61-733,Poznań,Poznań,Poznań,wielkopolskie
61-734,Poznań,Poznań,Poznań,wielkopolskie
60-581,Poznań,Poznań,Poznań,wielkopolskie
60-582,Poznań,Poznań,Poznań,wielkopolskie
60-583,Poznań,Poznań,Poznań,wielkopolskie
60-650,Poznań,Poznań,Poznań,wielkopolskie
60-691,Poznań,Poznań,Poznań,wielkopolskie
60-289,Poznań,Poznań,Poznań,wielkopolskie
61-203,Poznań,Poznań,Poznań,wielkopolskie
60-386,Poznań,Poznań,Poznań,wielkopolskie
60-385,Poznań,Poznań,Poznań,wielkopolskie
61-820,Poznań,Poznań,Poznań,wielkopolskie
61-821,Poznań,Poznań,Poznań,wielkopolskie
60-303,Poznań,Poznań,Poznań,wielkopolskie
60-168,Poznań,Poznań,Poznań,wielkopolskie
60-358,Poznań,Poznań,Poznań,wielkopolskie
60-362,Poznań,Poznań,Poznań,wielkopolskie
60-012,Poznań,Poznań,Poznań,wielkopolskie
61-471,Poznań,Poznań,Poznań,wielkopolskie
61-433,Poznań,Poznań,Poznań,wielkopolskie
61-404,Poznań,Poznań,Poznań,wielkopolskie
61-405,Poznań,Poznań,Poznań,wielkopolskie
61-164,Poznań,Poznań,Poznań,wielkopolskie
61-348,Poznań,Poznań,Poznań,wielkopolskie
61-251,Poznań,Poznań,Poznań,wielkopolskie
60-139,Poznań,Poznań,Poznań,wielkopolskie
60-778,Poznań,Poznań,Poznań,wielkopolskie
61-451,Poznań,Poznań,Poznań,wielkopolskie
60-187,Poznań,Poznań,Poznań,wielkopolskie
60-122,Poznań,Poznań,Poznań,wielkopolskie
60-128,Poznań,Poznań,Poznań,wielkopolskie
60-349,Poznań,Poznań,Poznań,wielkopolskie
61-109,Poznań,Poznań,Poznań,wielkopolskie
61-121,Poznań,Poznań,Poznań,wielkopolskie
61-122,Poznań,Poznań,Poznań,wielkopolskie
61-206,Poznań,Poznań,Poznań,wielkopolskie
61-207,Poznań,Poznań,Poznań,wielkopolskie
61-208,Poznań,Poznań,Poznań,wielkopolskie
61-209,Poznań,Poznań,Poznań,wielkopolskie
61-211,Poznań,Poznań,Poznań,wielkopolskie
61-212,Poznań,Poznań,Poznań,wielkopolskie
60-441,Poznań,Poznań,Poznań,wielkopolskie
60-442,Poznań,Poznań,Poznań,wielkopolskie
61-666,Poznań,Poznań,Poznań,wielkopolskie
61-667,Poznań,Poznań,Poznań,wielkopolskie
61-664,Poznań,Poznań,Poznań,wielkopolskie
60-242,Poznań,Poznań,Poznań,wielkopolskie
60-274,Poznań,Poznań,Poznań,wielkopolskie
60-273,Poznań,Poznań,Poznań,wielkopolskie
60-279,Poznań,Poznań,Poznań,wielkopolskie
60-278,Poznań,Poznań,Poznań,wielkopolskie
61-508,Poznań,Poznań,Poznań,wielkopolskie
60-775,Poznań,Poznań,Poznań,wielkopolskie
61-657,Poznań,Poznań,Poznań,wielkopolskie
61-753,Poznań,Poznań,Poznań,wielkopolskie
61-556,Poznań,Poznań,Poznań,wielkopolskie
61-146,Poznań,Poznań,Poznań,wielkopolskie
61-147,Poznań,Poznań,Poznań,wielkopolskie
61-148,Poznań,Poznań,Poznań,wielkopolskie
61-149,Poznań,Poznań,Poznań,wielkopolskie
61-151,Poznań,Poznań,Poznań,wielkopolskie
61-152,Poznań,Poznań,Poznań,wielkopolskie
61-153,Poznań,Poznań,Poznań,wielkopolskie
61-154,Poznań,Poznań,Poznań,wielkopolskie
61-156,Poznań,Poznań,Poznań,wielkopolskie
61-155,Poznań,Poznań,Poznań,wielkopolskie
61-157,Poznań,Poznań,Poznań,wielkopolskie
61-158,Poznań,Poznań,Poznań,wielkopolskie
61-159,Poznań,Poznań,Poznań,wielkopolskie
61-161,Poznań,Poznań,Poznań,wielkopolskie
61-162,Poznań,Poznań,Poznań,wielkopolskie
61-163,Poznań,Poznań,Poznań,wielkopolskie
61-165,Poznań,Poznań,Poznań,wielkopolskie
61-166,Poznań,Poznań,Poznań,wielkopolskie
60-648,Poznań,Poznań,Poznań,wielkopolskie
60-649,Poznań,Poznań,Poznań,wielkopolskie
61-823,Poznań,Poznań,Poznań,wielkopolskie
61-246,Poznań,Poznań,Poznań,wielkopolskie
61-138,Poznań,Poznań,Poznań,wielkopolskie
60-653,Poznań,Poznań,Poznań,wielkopolskie
61-136,Poznań,Poznań,Poznań,wielkopolskie
60-392,Poznań,Poznań,Poznań,wielkopolskie
60-394,Poznań,Poznań,Poznań,wielkopolskie
61-628,Poznań,Poznań,Poznań,wielkopolskie
61-629,Poznań,Poznań,Poznań,wielkopolskie
61-632,Poznań,Poznań,Poznań,wielkopolskie
61-634,Poznań,Poznań,Poznań,wielkopolskie
61-633,Poznań,Poznań,Poznań,wielkopolskie
61-635,Poznań,Poznań,Poznań,wielkopolskie
61-636,Poznań,Poznań,Poznań,wielkopolskie
61-637,Poznań,Poznań,Poznań,wielkopolskie
61-638,Poznań,Poznań,Poznań,wielkopolskie
61-828,Poznań,Poznań,Poznań,wielkopolskie
61-829,Poznań,Poznań,Poznań,wielkopolskie
61-749,Poznań,Poznań,Poznań,wielkopolskie
60-615,Poznań,Poznań,Poznań,wielkopolskie
60-326,Poznań,Poznań,Poznań,wielkopolskie
60-328,Poznań,Poznań,Poznań,wielkopolskie
60-137,Poznań,Poznań,Poznań,wielkopolskie
61-253,Poznań,Poznań,Poznań,wielkopolskie
60-535,Poznań,Poznań,Poznań,wielkopolskie
60-534,Poznań,Poznań,Poznań,wielkopolskie
60-533,Poznań,Poznań,Poznań,wielkopolskie
60-803,Poznań,Poznań,Poznań,wielkopolskie
61-643,Poznań,Poznań,Poznań,wielkopolskie
61-573,Poznań,Poznań,Poznań,wielkopolskie
61-574,Poznań,Poznań,Poznań,wielkopolskie
60-338,Poznań,Poznań,Poznań,wielkopolskie
60-284,Poznań,Poznań,Poznań,wielkopolskie
60-211,Poznań,Poznań,Poznań,wielkopolskie
60-212,Poznań,Poznań,Poznań,wielkopolskie
60-209,Poznań,Poznań,Poznań,wielkopolskie
60-223,Poznań,Poznań,Poznań,wielkopolskie
61-039,Poznań,Poznań,Poznań,wielkopolskie
61-213,Poznań,Poznań,Poznań,wielkopolskie
61-214,Poznań,Poznań,Poznań,wielkopolskie
61-215,Poznań,Poznań,Poznań,wielkopolskie
61-216,Poznań,Poznań,Poznań,wielkopolskie
61-656,Poznań,Poznań,Poznań,wielkopolskie
61-895,Poznań,Poznań,Poznań,wielkopolskie
60-848,Poznań,Poznań,Poznań,wielkopolskie
60-849,Poznań,Poznań,Poznań,wielkopolskie
60-850,Poznań,Poznań,Poznań,wielkopolskie
60-851,Poznań,Poznań,Poznań,wielkopolskie
60-852,Poznań,Poznań,Poznań,wielkopolskie
60-853,Poznań,Poznań,Poznań,wielkopolskie
61-885,Poznań,Poznań,Poznań,wielkopolskie
61-887,Poznań,Poznań,Poznań,wielkopolskie
61-888,Poznań,Poznań,Poznań,wielkopolskie
61-886,Poznań,Poznań,Poznań,wielkopolskie
61-528,Poznań,Poznań,Poznań,wielkopolskie
61-523,Poznań,Poznań,Poznań,wielkopolskie
60-276,Poznań,Poznań,Poznań,wielkopolskie
60-141,Poznań,Poznań,Poznań,wielkopolskie
60-142,Poznań,Poznań,Poznań,wielkopolskie
60-157,Poznań,Poznań,Poznań,wielkopolskie
60-395,Poznań,Poznań,Poznań,wielkopolskie
60-393,Poznań,Poznań,Poznań,wielkopolskie
60-820,Poznań,Poznań,Poznań,wielkopolskie
60-819,Poznań,Poznań,Poznań,wielkopolskie
61-579,Poznań,Poznań,Poznań,wielkopolskie
61-541,Poznań,Poznań,Poznań,wielkopolskie
61-711,Poznań,Poznań,Poznań,wielkopolskie
60-563,Poznań,Poznań,Poznań,wielkopolskie
60-562,Poznań,Poznań,Poznań,wielkopolskie
60-357,Poznań,Poznań,Poznań,wielkopolskie
60-356,Poznań,Poznań,Poznań,wielkopolskie
60-355,Poznań,Poznań,Poznań,wielkopolskie
61-679,Poznań,Poznań,Poznań,wielkopolskie
61-681,Poznań,Poznań,Poznań,wielkopolskie
61-682,Poznań,Poznań,Poznań,wielkopolskie
61-683,Poznań,Poznań,Poznań,wielkopolskie
61-684,Poznań,Poznań,Poznań,wielkopolskie
61-685,Poznań,Poznań,Poznań,wielkopolskie
61-686,Poznań,Poznań,Poznań,wielkopolskie
61-687,Poznań,Poznań,Poznań,wielkopolskie
61-688,Poznań,Poznań,Poznań,wielkopolskie
61-658,Poznań,Poznań,Poznań,wielkopolskie
60-319,Poznań,Poznań,Poznań,wielkopolskie
60-607,Poznań,Poznań,Poznań,wielkopolskie
60-151,Poznań,Poznań,Poznań,wielkopolskie
60-302,Poznań,Poznań,Poznań,wielkopolskie
60-593,Poznań,Poznań,Poznań,wielkopolskie
61-255,Poznań,Poznań,Poznań,wielkopolskie
61-317,Poznań,Poznań,Poznań,wielkopolskie
60-135,Poznań,Poznań,Poznań,wielkopolskie
61-813,Poznań,Poznań,Poznań,wielkopolskie
61-815,Poznań,Poznań,Poznań,wielkopolskie
61-814,Poznań,Poznań,Poznań,wielkopolskie
61-816,Poznań,Poznań,Poznań,wielkopolskie
61-168,Poznań,Poznań,Poznań,wielkopolskie
61-726,Poznań,Poznań,Poznań,wielkopolskie
60-826,Poznań,Poznań,Poznań,wielkopolskie
60-466,Poznań,Poznań,Poznań,wielkopolskie
60-791,Poznań,Poznań,Poznań,wielkopolskie
61-517,Poznań,Poznań,Poznań,wielkopolskie
61-142,Poznań,Poznań,Poznań,wielkopolskie
60-013,Poznań,Poznań,Poznań,wielkopolskie
60-806,Poznań,Poznań,Poznań,wielkopolskie
61-491,Poznań,Poznań,Poznań,wielkopolskie
61-488,Poznań,Poznań,Poznań,wielkopolskie
61-487,Poznań,Poznań,Poznań,wielkopolskie
61-368,Poznań,Poznań,Poznań,wielkopolskie
61-577,Poznań,Poznań,Poznań,wielkopolskie
61-883,Poznań,Poznań,Poznań,wielkopolskie
61-884,Poznań,Poznań,Poznań,wielkopolskie
60-346,Poznań,Poznań,Poznań,wielkopolskie
60-343,Poznań,Poznań,Poznań,wielkopolskie
60-347,Poznań,Poznań,Poznań,wielkopolskie
60-344,Poznań,Poznań,Poznań,wielkopolskie
60-345,Poznań,Poznań,Poznań,wielkopolskie
61-396,Poznań,Poznań,Poznań,wielkopolskie
61-395,Poznań,Poznań,Poznań,wielkopolskie
61-394,Poznań,Poznań,Poznań,wielkopolskie
61-393,Poznań,Poznań,Poznań,wielkopolskie
61-392,Poznań,Poznań,Poznań,wielkopolskie
61-389,Poznań,Poznań,Poznań,wielkopolskie
60-215,Poznań,Poznań,Poznań,wielkopolskie
60-216,Poznań,Poznań,Poznań,wielkopolskie
61-696,Poznań,Poznań,Poznań,wielkopolskie
60-763,Poznań,Poznań,Poznań,wielkopolskie
60-764,Poznań,Poznań,Poznań,wielkopolskie
60-816,Poznań,Poznań,Poznań,wielkopolskie
60-817,Poznań,Poznań,Poznań,wielkopolskie
60-818,Poznań,Poznań,Poznań,wielkopolskie
60-367,Poznań,Poznań,Poznań,wielkopolskie
61-534,Poznań,Poznań,Poznań,wielkopolskie
61-535,Poznań,Poznań,Poznań,wielkopolskie
61-536,Poznań,Poznań,Poznań,wielkopolskie
61-537,Poznań,Poznań,Poznań,wielkopolskie
61-897,Poznań,Poznań,Poznań,wielkopolskie
61-802,Poznań,Poznań,Poznań,wielkopolskie
60-779,Poznań,Poznań,Poznań,wielkopolskie
60-286,Poznań,Poznań,Poznań,wielkopolskie
60-148,Poznań,Poznań,Poznań,wielkopolskie
60-821,Poznań,Poznań,Poznań,wielkopolskie
60-823,Poznań,Poznań,Poznań,wielkopolskie
60-822,Poznań,Poznań,Poznań,wielkopolskie
60-824,Poznań,Poznań,Poznań,wielkopolskie
60-825,Poznań,Poznań,Poznań,wielkopolskie
60-521,Poznań,Poznań,Poznań,wielkopolskie
60-579,Poznań,Poznań,Poznań,wielkopolskie
60-644,Poznań,Poznań,Poznań,wielkopolskie
61-735,Poznań,Poznań,Poznań,wielkopolskie
61-428,Poznań,Poznań,Poznań,wielkopolskie
60-282,Poznań,Poznań,Poznań,wielkopolskie
60-283,Poznań,Poznań,Poznań,wielkopolskie
61-565,Poznań,Poznań,Poznań,wielkopolskie
60-614,Poznań,Poznań,Poznań,wielkopolskie
61-709,Poznań,Poznań,Poznań,wielkopolskie
61-543,Poznań,Poznań,Poznań,wielkopolskie
61-571,Poznań,Poznań,Poznań,wielkopolskie
60-213,Poznań,Poznań,Poznań,wielkopolskie
61-341,Poznań,Poznań,Poznań,wielkopolskie
61-772,Poznań,Poznań,Poznań,wielkopolskie
61-773,Poznań,Poznań,Poznań,wielkopolskie
60-528,Poznań,Poznań,Poznań,wielkopolskie
60-527,Poznań,Poznań,Poznań,wielkopolskie
60-525,Poznań,Poznań,Poznań,wielkopolskie
60-526,Poznań,Poznań,Poznań,wielkopolskie
60-524,Poznań,Poznań,Poznań,wielkopolskie
61-759,Poznań,Poznań,Poznań,wielkopolskie
60-788,Poznań,Poznań,Poznań,wielkopolskie
60-686,Poznań,Poznań,Poznań,wielkopolskie
60-711,Poznań,Poznań,Poznań,wielkopolskie
60-854,Poznań,Poznań,Poznań,wielkopolskie
61-847,Poznań,Poznań,Poznań,wielkopolskie
61-845,Poznań,Poznań,Poznań,wielkopolskie
61-846,Poznań,Poznań,Poznań,wielkopolskie
60-389,Poznań,Poznań,Poznań,wielkopolskie
60-391,Poznań,Poznań,Poznań,wielkopolskie
60-592,Poznań,Poznań,Poznań,wielkopolskie
60-514,Poznań,Poznań,Poznań,wielkopolskie
60-516,Poznań,Poznań,Poznań,wielkopolskie
60-517,Poznań,Poznań,Poznań,wielkopolskie
60-551,Poznań,Poznań,Poznań,wielkopolskie
60-532,Poznań,Poznań,Poznań,wielkopolskie
60-552,Poznań,Poznań,Poznań,wielkopolskie
60-569,Poznań,Poznań,Poznań,wielkopolskie
60-568,Poznań,Poznań,Poznań,wielkopolskie
60-365,Poznań,Poznań,Poznań,wielkopolskie
60-366,Poznań,Poznań,Poznań,wielkopolskie
60-566,Poznań,Poznań,Poznań,wielkopolskie
61-626,Poznań,Poznań,Poznań,wielkopolskie
61-760,Poznań,Poznań,Poznań,wielkopolskie
61-832,Poznań,Poznań,Poznań,wielkopolskie
61-833,Poznań,Poznań,Poznań,wielkopolskie
60-584,Poznań,Poznań,Poznań,wielkopolskie
60-572,Poznań,Poznań,Poznań,wielkopolskie
60-375,Poznań,Poznań,Poznań,wielkopolskie
60-787,Poznań,Poznań,Poznań,wielkopolskie
61-826,Poznań,Poznań,Poznań,wielkopolskie
61-754,Poznań,Poznań,Poznań,wielkopolskie
60-147,Poznań,Poznań,Poznań,wielkopolskie
60-304,Poznań,Poznań,Poznań,wielkopolskie
61-778,Poznań,Poznań,Poznań,wielkopolskie
60-773,Poznań,Poznań,Poznań,wielkopolskie
60-774,Poznań,Poznań,Poznań,wielkopolskie
60-638,Poznań,Poznań,Poznań,wielkopolskie
61-126,Poznań,Poznań,Poznań,wielkopolskie
61-125,Poznań,Poznań,Poznań,wielkopolskie
60-138,Poznań,Poznań,Poznań,wielkopolskie
61-113,Poznań,Poznań,Poznań,wielkopolskie
61-840,Poznań,Poznań,Poznań,wielkopolskie
60-376,Poznań,Poznań,Poznań,wielkopolskie
60-790,Poznań,Poznań,Poznań,wielkopolskie
61-818,Poznań,Poznań,Poznań,wielkopolskie
61-819,Poznań,Poznań,Poznań,wielkopolskie
61-354,Poznań,Poznań,Poznań,wielkopolskie
61-028,Poznań,Poznań,Poznań,wielkopolskie
61-116,Poznań,Poznań,Poznań,wielkopolskie
61-117,Poznań,Poznań,Poznań,wielkopolskie
61-584,Poznań,Poznań,Poznań,wielkopolskie
61-896,Poznań,Poznań,Poznań,wielkopolskie
61-514,Poznań,Poznań,Poznań,wielkopolskie
60-325,Poznań,Poznań,Poznań,wielkopolskie
61-103,Poznań,Poznań,Poznań,wielkopolskie
61-518,Poznań,Poznań,Poznań,wielkopolskie
60-646,Poznań,Poznań,Poznań,wielkopolskie
60-647,Poznań,Poznań,Poznań,wielkopolskie
60-622,Poznań,Poznań,Poznań,wielkopolskie
61-031,Poznań,Poznań,Poznań,wielkopolskie
61-060,Poznań,Poznań,Poznań,wielkopolskie
60-578,Poznań,Poznań,Poznań,wielkopolskie
60-506,Poznań,Poznań,Poznań,wielkopolskie
60-505,Poznań,Poznań,Poznań,wielkopolskie
60-504,Poznań,Poznań,Poznań,wielkopolskie
60-503,Poznań,Poznań,Poznań,wielkopolskie
60-502,Poznań,Poznań,Poznań,wielkopolskie
60-546,Poznań,Poznań,Poznań,wielkopolskie
60-859,Poznań,Poznań,Poznań,wielkopolskie
61-101,Poznań,Poznań,Poznań,wielkopolskie
60-598,Poznań,Poznań,Poznań,wielkopolskie
61-242,Poznań,Poznań,Poznań,wielkopolskie
60-449,Poznań,Poznań,Poznań,wielkopolskie
61-672,Poznań,Poznań,Poznań,wielkopolskie
61-673,Poznań,Poznań,Poznań,wielkopolskie
61-674,Poznań,Poznań,Poznań,wielkopolskie
61-675,Poznań,Poznań,Poznań,wielkopolskie
61-676,Poznań,Poznań,Poznań,wielkopolskie
61-677,Poznań,Poznań,Poznań,wielkopolskie
61-678,Poznań,Poznań,Poznań,wielkopolskie
61-697,Poznań,Poznań,Poznań,wielkopolskie
61-698,Poznań,Poznań,Poznań,wielkopolskie
61-699,Poznań,Poznań,Poznań,wielkopolskie
61-774,Poznań,Poznań,Poznań,wielkopolskie
61-775,Poznań,Poznań,Poznań,wielkopolskie
60-603,Poznań,Poznań,Poznań,wielkopolskie
60-608,Poznań,Poznań,Poznań,wielkopolskie
61-746,Poznań,Poznań,Poznań,wielkopolskie
61-712,Poznań,Poznań,Poznań,wielkopolskie
61-569,Poznań,Poznań,Poznań,wielkopolskie
61-568,Poznań,Poznań,Poznań,wielkopolskie
61-561,Poznań,Poznań,Poznań,wielkopolskie
61-559,Poznań,Poznań,Poznań,wielkopolskie
61-558,Poznań,Poznań,Poznań,wielkopolskie
61-547,Poznań,Poznań,Poznań,wielkopolskie
61-548,Poznań,Poznań,Poznań,wielkopolskie
61-853,Poznań,Poznań,Poznań,wielkopolskie
61-457,Poznań,Poznań,Poznań,wielkopolskie
61-024,Poznań,Poznań,Poznań,wielkopolskie
60-665,Poznań,Poznań,Poznań,wielkopolskie
61-831,Poznań,Poznań,Poznań,wielkopolskie
60-694,Poznań,Poznań,Poznań,wielkopolskie
60-334,Poznań,Poznań,Poznań,wielkopolskie
61-781,Poznań,Poznań,Poznań,wielkopolskie
61-782,Poznań,Poznań,Poznań,wielkopolskie
60-637,Poznań,Poznań,Poznań,wielkopolskie
60-624,Poznań,Poznań,Poznań,wielkopolskie
60-627,Poznań,Poznań,Poznań,wielkopolskie
60-625,Poznań,Poznań,Poznań,wielkopolskie
60-628,Poznań,Poznań,Poznań,wielkopolskie
60-792,Poznań,Poznań,Poznań,wielkopolskie
60-802,Poznań,Poznań,Poznań,wielkopolskie
61-764,Poznań,Poznań,Poznań,wielkopolskie
61-738,Poznań,Poznań,Poznań,wielkopolskie
61-739,Poznań,Poznań,Poznań,wielkopolskie
60-306,Poznań,Poznań,Poznań,wielkopolskie
60-361,Poznań,Poznań,Poznań,wielkopolskie
61-776,Poznań,Poznań,Poznań,wielkopolskie
61-777,Poznań,Poznań,Poznań,wielkopolskie
61-837,Poznań,Poznań,Poznań,wielkopolskie
61-838,Poznań,Poznań,Poznań,wielkopolskie
61-763,Poznań,Poznań,Poznań,wielkopolskie
61-479,Poznań,Poznań,Poznań,wielkopolskie
61-843,Poznań,Poznań,Poznań,wielkopolskie
61-581,Poznań,Poznań,Poznań,wielkopolskie
61-529,Poznań,Poznań,Poznań,wielkopolskie
60-749,Poznań,Poznań,Poznań,wielkopolskie
60-750,Poznań,Poznań,Poznań,wielkopolskie
60-751,Poznań,Poznań,Poznań,wielkopolskie
61-204,Poznań,Poznań,Poznań,wielkopolskie
61-748,Poznań,Poznań,Poznań,wielkopolskie
61-842,Poznań,Poznań,Poznań,wielkopolskie
61-860,Poznań,Poznań,Poznań,wielkopolskie
60-701,Poznań,Poznań,Poznań,wielkopolskie
60-831,Poznań,Poznań,Poznań,wielkopolskie
61-112,Poznań,Poznań,Poznań,wielkopolskie
60-467,Poznań,Poznań,Poznań,wielkopolskie
60-351,Poznań,Poznań,Poznań,wielkopolskie
60-208,Poznań,Poznań,Poznań,wielkopolskie
61-002,Poznań,Poznań,Poznań,wielkopolskie
60-359,Poznań,Poznań,Poznań,wielkopolskie
61-668,Poznań,Poznań,Poznań,wielkopolskie
60-808,Poznań,Poznań,Poznań,wielkopolskie
61-851,Poznań,Poznań,Poznań,wielkopolskie
60-813,Poznań,Poznań,Poznań,wielkopolskie
60-814,Poznań,Poznań,Poznań,wielkopolskie
61-644,Poznań,Poznań,Poznań,wielkopolskie
61-645,Poznań,Poznań,Poznań,wielkopolskie
61-646,Poznań,Poznań,Poznań,wielkopolskie
61-647,Poznań,Poznań,Poznań,wielkopolskie
61-648,Poznań,Poznań,Poznań,wielkopolskie
61-649,Poznań,Poznań,Poznań,wielkopolskie
61-650,Poznań,Poznań,Poznań,wielkopolskie
61-651,Poznań,Poznań,Poznań,wielkopolskie
61-652,Poznań,Poznań,Poznań,wielkopolskie
61-653,Poznań,Poznań,Poznań,wielkopolskie
60-684,Poznań,Poznań,Poznań,wielkopolskie
60-642,Poznań,Poznań,Poznań,wielkopolskie
60-643,Poznań,Poznań,Poznań,wielkopolskie
61-347,Poznań,Poznań,Poznań,wielkopolskie
60-544,Poznań,Poznań,Poznań,wielkopolskie
61-694,Poznań,Poznań,Poznań,wielkopolskie
61-562,Poznań,Poznań,Poznań,wielkopolskie
61-572,Poznań,Poznań,Poznań,wielkopolskie
60-860,Poznań,Poznań,Poznań,wielkopolskie
61-455,Poznań,Poznań,Poznań,wielkopolskie
61-761,Poznań,Poznań,Poznań,wielkopolskie
87-514,Pręczki,Rogowo,rypiński,kujawsko-pomorskie
43-523,Pruchna,Strumień,cieszyński,śląskie
63-230,Prusy,Jarocin,jarociński,wielkopolskie
05-803,Pruszków,Pruszków,pruszkowski,mazowieckie
05-800,Pruszków,Pruszków,pruszkowski,mazowieckie
05-804,Pruszków,Pruszków,pruszkowski,mazowieckie
05-802,Pruszków,Pruszków,pruszkowski,mazowieckie
51-217,Pruszowice,Długołęka,wrocławski,dolnośląskie
32-625,Przecieszyn,Brzeszcze,oświęcimski,małopolskie
34-625,Przenosza,Dobra,limanowski,małopolskie
58-563,Przesieka,Podgórzyn,karkonoski,dolnośląskie
36-003,Przewrotne,Małopolski,rzeszowski,podkarpackie
42-675,Przezchlebie,Zbrosławice,tarnogórski,śląskie
34-381,Przybędza,Radziechowy-Wieprz,żywiecki,śląskie
09-141,Przyborowice,Załuski,płoński,mazowieckie
49-351,Przylesie,Olszanka,brzeski,opolskie
38-207,Przysieki,Skołyszyn,jasielski,podkarpackie
34-604,Przyszowa,Łukowica,limanowski,małopolskie
44-178,Przyszowice,Gierałtowice,gliwicki,śląskie
34-141,Przytkowice,Zebrzydowska,wadowicki,małopolskie
38-121,Pstrągowa,Czudec,strzyżowski,podkarpackie
44-284,Pstrążna,Lyski,rybnicki,śląskie
44-370,Pszów,Pszów,wodzisławski,śląskie
63-842,Pudliszki,Krobia,gostyński,wielkopolskie
72-344,Pustkowo,Rewal,gryficki,zachodniopomorskie
39-205,Pustków,Dębica,dębicki,podkarpackie
62-040,Puszczykowo,Puszczykowo,poznański,wielkopolskie
44-156,Rachowice,Sośnicowice,gliwicki,śląskie
87-721,Raciążek,Raciążek,aleksandrowski,kujawsko-pomorskie
47-400,Racibórz,Racibórz,raciborski,śląskie
44-310,Radlin,Radlin,wodzisławski,śląskie
26-617,Radom,Radom,Radom,mazowieckie
26-604,Radom,Radom,Radom,mazowieckie
26-605,Radom,Radom,Radom,mazowieckie
26-606,Radom,Radom,Radom,mazowieckie
26-615,Radom,Radom,Radom,mazowieckie
26-610,Radom,Radom,Radom,mazowieckie
26-611,Radom,Radom,Radom,mazowieckie
26-612,Radom,Radom,Radom,mazowieckie
26-616,Radom,Radom,Radom,mazowieckie
26-609,Radom,Radom,Radom,mazowieckie
26-603,Radom,Radom,Radom,mazowieckie
26-620,Radom,Radom,Radom,mazowieckie
59-914,Radomierzyce,Zgorzelec,zgorzelecki,dolnośląskie
33-202,Radwan,Szczucin,dąbrowski,małopolskie
41-922,Radzionków,Radzionków,tarnogórski,śląskie
32-725,Rajbrot,Murowana,bocheński,małopolskie
34-370,Rajcza,Rajcza,żywiecki,śląskie
37-111,Rakszawa,Rakszawa,łańcucki,podkarpackie
78-121,Ramlewo,Gościno,kołobrzeski,zachodniopomorskie
47-435,Raszczyce,Lyski,rybnicki,śląskie
57-409,Raszków,Radków,kłodzki,dolnośląskie
57-411,Ratno,Radków,kłodzki,dolnośląskie
37-223,Rączyna,Kańczuga,przeworski,podkarpackie
83-314,Rąty,Somonino,kartuski,pomorskie
84-240,Reda,Reda,wejherowski,pomorskie
22-170,Rejowiec,Fabryczny,chełmski,lubelskie
42-582,Rogoźnik,Bobrowniki,będziński,śląskie
66-341,Rokitno,Przytoczna,międzyrzecki,lubuskie
77-123,Rokity,Dąbrówka,bytowski,pomorskie
57-361,Romanowo,Kłodzko,kłodzki,dolnośląskie
76-212,Rowy,Ustka,słupski,pomorskie
33-316,Roztoka-Brzeziny,Dunajcem,nowosądecki,małopolskie
47-161,Rożniątów,Opolskie,strzelecki,opolskie
73-154,Rożnowo,Łobez,łobeski,zachodniopomorskie
38-451,Równe,Dukla,krośnieński,podkarpackie
22-211,Różanka,Włodawa,włodawski,lubelskie
66-416,Różanki,Kłodawa,gorzowski,lubuskie
41-700,Ruda,Ruda,Śląska,śląskie
41-711,Ruda,Ruda,Śląska,śląskie
41-712,Ruda,Ruda,Śląska,śląskie
41-710,Ruda,Ruda,Śląska,śląskie
41-707,Ruda,Ruda,Śląska,śląskie
41-706,Ruda,Ruda,Śląska,śląskie
41-709,Ruda,Ruda,Śląska,śląskie
41-717,Ruda,Ruda,Śląska,śląskie
43-267,Rudziczka,Suszec,pszczyński,śląskie
43-378,Rybarzowice,Buczkowice,bielski,śląskie
44-270,Rybnik,Rybnik,Rybnik,śląskie
44-200,Rybnik,Rybnik,Rybnik,śląskie
44-253,Rybnik,Rybnik,Rybnik,śląskie
44-251,Rybnik,Rybnik,Rybnik,śląskie
44-207,Rybnik,Rybnik,Rybnik,śląskie
44-218,Rybnik,Rybnik,Rybnik,śląskie
44-217,Rybnik,Rybnik,Rybnik,śląskie
44-292,Rybnik,Rybnik,Rybnik,śląskie
44-203,Rybnik,Rybnik,Rybnik,śląskie
44-273,Rybnik,Rybnik,Rybnik,śląskie
44-206,Rybnik,Rybnik,Rybnik,śląskie
44-210,Rybnik,Rybnik,Rybnik,śląskie
44-274,Rybnik,Rybnik,Rybnik,śląskie
65-943,Rybno,Świdnica,zielonogórski,lubuskie
44-280,Rydułtowy,Rydułtowy,wodzisławski,śląskie
89-203,Rynarzewo,Szubin,nakielski,kujawsko-pomorskie
37-544,Ryszkowa,Wiązownica,jarosławski,podkarpackie
30-199,Rząska,Zabierzów,krakowski,małopolskie
35-322,Rzeszów,Rzeszów,Rzeszów,podkarpackie
35-317,Rzeszów,Rzeszów,Rzeszów,podkarpackie
35-103,Rzeszów,Rzeszów,Rzeszów,podkarpackie
35-113,Rzeszów,Rzeszów,Rzeszów,podkarpackie
35-084,Rzeszów,Rzeszów,Rzeszów,podkarpackie
35-330,Rzeszów,Rzeszów,Rzeszów,podkarpackie
35-030,Rzeszów,Rzeszów,Rzeszów,podkarpackie
35-623,Rzeszów,Rzeszów,Rzeszów,podkarpackie
35-232,Rzeszów,Rzeszów,Rzeszów,podkarpackie
35-082,Rzeszów,Rzeszów,Rzeszów,podkarpackie
35-307,Rzeszów,Rzeszów,Rzeszów,podkarpackie
35-303,Rzeszów,Rzeszów,Rzeszów,podkarpackie
35-213,Rzeszów,Rzeszów,Rzeszów,podkarpackie
35-001,Rzeszów,Rzeszów,Rzeszów,podkarpackie
35-604,Rzeszów,Rzeszów,Rzeszów,podkarpackie
35-210,Rzeszów,Rzeszów,Rzeszów,podkarpackie
35-304,Rzeszów,Rzeszów,Rzeszów,podkarpackie
35-230,Rzeszów,Rzeszów,Rzeszów,podkarpackie
35-061,Rzeszów,Rzeszów,Rzeszów,podkarpackie
35-505,Rzeszów,Rzeszów,Rzeszów,podkarpackie
35-323,Rzeszów,Rzeszów,Rzeszów,podkarpackie
35-005,Rzeszów,Rzeszów,Rzeszów,podkarpackie
35-038,Rzeszów,Rzeszów,Rzeszów,podkarpackie
35-212,Rzeszów,Rzeszów,Rzeszów,podkarpackie
35-602,Rzeszów,Rzeszów,Rzeszów,podkarpackie
35-607,Rzeszów,Rzeszów,Rzeszów,podkarpackie
35-069,Rzeszów,Rzeszów,Rzeszów,podkarpackie
35-083,Rzeszów,Rzeszów,Rzeszów,podkarpackie
35-605,Rzeszów,Rzeszów,Rzeszów,podkarpackie
35-242,Rzeszów,Rzeszów,Rzeszów,podkarpackie
35-112,Rzeszów,Rzeszów,Rzeszów,podkarpackie
35-040,Rzeszów,Rzeszów,Rzeszów,podkarpackie
35-037,Rzeszów,Rzeszów,Rzeszów,podkarpackie
35-077,Rzeszów,Rzeszów,Rzeszów,podkarpackie
35-624,Rzeszów,Rzeszów,Rzeszów,podkarpackie
35-626,Rzeszów,Rzeszów,Rzeszów,podkarpackie
35-223,Rzeszów,Rzeszów,Rzeszów,podkarpackie
35-105,Rzeszów,Rzeszów,Rzeszów,podkarpackie
35-064,Rzeszów,Rzeszów,Rzeszów,podkarpackie
35-222,Rzeszów,Rzeszów,Rzeszów,podkarpackie
35-206,Rzeszów,Rzeszów,Rzeszów,podkarpackie
35-507,Rzeszów,Rzeszów,Rzeszów,podkarpackie
35-051,Rzeszów,Rzeszów,Rzeszów,podkarpackie
35-310,Rzeszów,Rzeszów,Rzeszów,podkarpackie
35-111,Rzeszów,Rzeszów,Rzeszów,podkarpackie
35-321,Rzeszów,Rzeszów,Rzeszów,podkarpackie
35-021,Rzeszów,Rzeszów,Rzeszów,podkarpackie
35-201,Rzeszów,Rzeszów,Rzeszów,podkarpackie
35-045,Rzeszów,Rzeszów,Rzeszów,podkarpackie
35-114,Rzeszów,Rzeszów,Rzeszów,podkarpackie
35-020,Rzeszów,Rzeszów,Rzeszów,podkarpackie
35-050,Rzeszów,Rzeszów,Rzeszów,podkarpackie
35-326,Rzeszów,Rzeszów,Rzeszów,podkarpackie
35-010,Rzeszów,Rzeszów,Rzeszów,podkarpackie
35-101,Rzeszów,Rzeszów,Rzeszów,podkarpackie
35-100,Rzeszów,Rzeszów,Rzeszów,podkarpackie
35-328,Rzeszów,Rzeszów,Rzeszów,podkarpackie
35-211,Rzeszów,Rzeszów,Rzeszów,podkarpackie
35-302,Rzeszów,Rzeszów,Rzeszów,podkarpackie
35-506,Rzeszów,Rzeszów,Rzeszów,podkarpackie
35-601,Rzeszów,Rzeszów,Rzeszów,podkarpackie
35-231,Rzeszów,Rzeszów,Rzeszów,podkarpackie
35-033,Rzeszów,Rzeszów,Rzeszów,podkarpackie
35-036,Rzeszów,Rzeszów,Rzeszów,podkarpackie
35-333,Rzeszów,Rzeszów,Rzeszów,podkarpackie
35-503,Rzeszów,Rzeszów,Rzeszów,podkarpackie
35-056,Rzeszów,Rzeszów,Rzeszów,podkarpackie
35-603,Rzeszów,Rzeszów,Rzeszów,podkarpackie
35-202,Rzeszów,Rzeszów,Rzeszów,podkarpackie
35-214,Rzeszów,Rzeszów,Rzeszów,podkarpackie
35-060,Rzeszów,Rzeszów,Rzeszów,podkarpackie
35-107,Rzeszów,Rzeszów,Rzeszów,podkarpackie
35-312,Rzeszów,Rzeszów,Rzeszów,podkarpackie
35-234,Rzeszów,Rzeszów,Rzeszów,podkarpackie
35-502,Rzeszów,Rzeszów,Rzeszów,podkarpackie
35-301,Rzeszów,Rzeszów,Rzeszów,podkarpackie
35-074,Rzeszów,Rzeszów,Rzeszów,podkarpackie
35-205,Rzeszów,Rzeszów,Rzeszów,podkarpackie
35-504,Rzeszów,Rzeszów,Rzeszów,podkarpackie
35-314,Rzeszów,Rzeszów,Rzeszów,podkarpackie
35-233,Rzeszów,Rzeszów,Rzeszów,podkarpackie
35-068,Rzeszów,Rzeszów,Rzeszów,podkarpackie
35-617,Rzeszów,Rzeszów,Rzeszów,podkarpackie
35-078,Rzeszów,Rzeszów,Rzeszów,podkarpackie
35-016,Rzeszów,Rzeszów,Rzeszów,podkarpackie
35-025,Rzeszów,Rzeszów,Rzeszów,podkarpackie
35-002,Rzeszów,Rzeszów,Rzeszów,podkarpackie
35-614,Rzeszów,Rzeszów,Rzeszów,podkarpackie
35-608,Rzeszów,Rzeszów,Rzeszów,podkarpackie
35-207,Rzeszów,Rzeszów,Rzeszów,podkarpackie
35-119,Rzeszów,Rzeszów,Rzeszów,podkarpackie
35-052,Rzeszów,Rzeszów,Rzeszów,podkarpackie
35-512,Rzeszów,Rzeszów,Rzeszów,podkarpackie
35-073,Rzeszów,Rzeszów,Rzeszów,podkarpackie
35-235,Rzeszów,Rzeszów,Rzeszów,podkarpackie
35-609,Rzeszów,Rzeszów,Rzeszów,podkarpackie
35-225,Rzeszów,Rzeszów,Rzeszów,podkarpackie
35-006,Rzeszów,Rzeszów,Rzeszów,podkarpackie
35-515,Rzeszów,Rzeszów,Rzeszów,podkarpackie
35-315,Rzeszów,Rzeszów,Rzeszów,podkarpackie
35-122,Rzeszów,Rzeszów,Rzeszów,podkarpackie
35-065,Rzeszów,Rzeszów,Rzeszów,podkarpackie
35-616,Rzeszów,Rzeszów,Rzeszów,podkarpackie
35-329,Rzeszów,Rzeszów,Rzeszów,podkarpackie
35-625,Rzeszów,Rzeszów,Rzeszów,podkarpackie
35-620,Rzeszów,Rzeszów,Rzeszów,podkarpackie
35-311,Rzeszów,Rzeszów,Rzeszów,podkarpackie
35-047,Rzeszów,Rzeszów,Rzeszów,podkarpackie
35-615,Rzeszów,Rzeszów,Rzeszów,podkarpackie
35-032,Rzeszów,Rzeszów,Rzeszów,podkarpackie
35-241,Rzeszów,Rzeszów,Rzeszów,podkarpackie
35-313,Rzeszów,Rzeszów,Rzeszów,podkarpackie
35-215,Rzeszów,Rzeszów,Rzeszów,podkarpackie
35-628,Rzeszów,Rzeszów,Rzeszów,podkarpackie
35-324,Rzeszów,Rzeszów,Rzeszów,podkarpackie
35-102,Rzeszów,Rzeszów,Rzeszów,podkarpackie
35-308,Rzeszów,Rzeszów,Rzeszów,podkarpackie
35-209,Rzeszów,Rzeszów,Rzeszów,podkarpackie
35-015,Rzeszów,Rzeszów,Rzeszów,podkarpackie
35-305,Rzeszów,Rzeszów,Rzeszów,podkarpackie
35-055,Rzeszów,Rzeszów,Rzeszów,podkarpackie
35-509,Rzeszów,Rzeszów,Rzeszów,podkarpackie
35-079,Rzeszów,Rzeszów,Rzeszów,podkarpackie
35-117,Rzeszów,Rzeszów,Rzeszów,podkarpackie
35-216,Rzeszów,Rzeszów,Rzeszów,podkarpackie
35-622,Rzeszów,Rzeszów,Rzeszów,podkarpackie
35-309,Rzeszów,Rzeszów,Rzeszów,podkarpackie
35-026,Rzeszów,Rzeszów,Rzeszów,podkarpackie
35-104,Rzeszów,Rzeszów,Rzeszów,podkarpackie
35-606,Rzeszów,Rzeszów,Rzeszów,podkarpackie
35-610,Rzeszów,Rzeszów,Rzeszów,podkarpackie
35-029,Rzeszów,Rzeszów,Rzeszów,podkarpackie
35-611,Rzeszów,Rzeszów,Rzeszów,podkarpackie
35-511,Rzeszów,Rzeszów,Rzeszów,podkarpackie
35-332,Rzeszów,Rzeszów,Rzeszów,podkarpackie
35-011,Rzeszów,Rzeszów,Rzeszów,podkarpackie
35-118,Rzeszów,Rzeszów,Rzeszów,podkarpackie
35-513,Rzeszów,Rzeszów,Rzeszów,podkarpackie
35-116,Rzeszów,Rzeszów,Rzeszów,podkarpackie
35-236,Rzeszów,Rzeszów,Rzeszów,podkarpackie
35-630,Rzeszów,Rzeszów,Rzeszów,podkarpackie
35-203,Rzeszów,Rzeszów,Rzeszów,podkarpackie
35-508,Rzeszów,Rzeszów,Rzeszów,podkarpackie
35-120,Rzeszów,Rzeszów,Rzeszów,podkarpackie
35-510,Rzeszów,Rzeszów,Rzeszów,podkarpackie
35-115,Rzeszów,Rzeszów,Rzeszów,podkarpackie
35-612,Rzeszów,Rzeszów,Rzeszów,podkarpackie
35-501,Rzeszów,Rzeszów,Rzeszów,podkarpackie
35-629,Rzeszów,Rzeszów,Rzeszów,podkarpackie
35-086,Rzeszów,Rzeszów,Rzeszów,podkarpackie
35-306,Rzeszów,Rzeszów,Rzeszów,podkarpackie
33-114,Rzuchowa,Pleśna,tarnowski,małopolskie
34-125,Rzyki,Andrychów,wadowicki,małopolskie
87-512,Sadłowo,Rypin,rypiński,kujawsko-pomorskie
22-546,Sahryń,Werbkowice,hrubieszowski,lubelskie
47-475,Samborowice,Wielkie,raciborski,śląskie
54-433,Samotwór,Wrocławskie,wrocławski,dolnośląskie
39-333,Sarnów,Narodowy,mielecki,podkarpackie
64-552,Sędzinko,Duszniki,szamotulski,wielkopolskie
58-411,Sędzisław,Marciszów,kamiennogórski,dolnośląskie
59-513,Sępów,Złotoryja,złotoryjski,dolnośląskie
55-011,Siechnice,Siechnice,wrocławski,dolnośląskie
08-101,Siedlce,Siedlce,Siedlce,mazowieckie
37-225,Siedleczka,Kańczuga,przeworski,podkarpackie
58-522,Siedlęcin,Sudecki,karkonoski,dolnośląskie
33-251,Siedliszowice,Żabno,tarnowski,małopolskie
41-103,Siemianowice,Siemianowice,Śląskie,śląskie
41-100,Siemianowice,Siemianowice,Śląskie,śląskie
41-106,Siemianowice,Siemianowice,Śląskie,śląskie
33-181,Siemiechów,Gromnik,tarnowski,małopolskie
49-318,Skarbimierz,Skarbimierz,brzeski,opolskie
34-713,Skawa,Wyżna,nowotarski,małopolskie
34-221,Skawica,Zawoja,suski,małopolskie
32-434,Skomielna,Lubień,myślenicki,małopolskie
64-917,Skórka,Krajenka,złotowski,wielkopolskie
60-185,Skórzewo,Dopiewo,poznański,wielkopolskie
15-606,Skrybicze,Zabłudów,białostocki,podlaskie
75-016,Skwierzynka,Sianów,koszaliński,zachodniopomorskie
57-242,Sławęcin,Ząbkowicki,ząbkowicki,dolnośląskie
09-321,Sławęcin,Bieżuń,żuromiński,mazowieckie
41-260,Sławków,Sławków,będziński,śląskie
34-615,Słopnice,Słopnice,limanowski,małopolskie
33-204,Słupiec,Szczucin,dąbrowski,małopolskie
10-381,Słupy,Dywity,olsztyński,warmińsko-mazurskie
59-406,Snowidza,Mściwojów,jaworski,dolnośląskie
37-541,Sobiecin,Jarosław,jarosławski,podkarpackie
15-509,Sobolewo,Grabówka,białostocki,podlaskie
96-502,Sochaczew,Sochaczew,sochaczewski,mazowieckie
95-039,Sokolniki-Las,Ozorków,zgierski,łódzkie
58-351,Sokołowsko,Mieroszów,wałbrzyski,dolnośląskie
36-050,Sokołów,Małopolski,rzeszowski,podkarpackie
15-605,Solniczki,Kościelny,białostocki,podlaskie
36-043,Sołonka,Lubenia,rzeszowski,podkarpackie
81-825,Sopot,Sopot,Sopot,pomorskie
81-833,Sopot,Sopot,Sopot,pomorskie
81-855,Sopot,Sopot,Sopot,pomorskie
81-854,Sopot,Sopot,Sopot,pomorskie
81-853,Sopot,Sopot,Sopot,pomorskie
81-851,Sopot,Sopot,Sopot,pomorskie
81-840,Sopot,Sopot,Sopot,pomorskie
81-838,Sopot,Sopot,Sopot,pomorskie
81-868,Sopot,Sopot,Sopot,pomorskie
81-805,Sopot,Sopot,Sopot,pomorskie
81-810,Sopot,Sopot,Sopot,pomorskie
81-861,Sopot,Sopot,Sopot,pomorskie
81-831,Sopot,Sopot,Sopot,pomorskie
81-736,Sopot,Sopot,Sopot,pomorskie
81-849,Sopot,Sopot,Sopot,pomorskie
81-870,Sopot,Sopot,Sopot,pomorskie
81-843,Sopot,Sopot,Sopot,pomorskie
81-844,Sopot,Sopot,Sopot,pomorskie
81-824,Sopot,Sopot,Sopot,pomorskie
81-707,Sopot,Sopot,Sopot,pomorskie
81-753,Sopot,Sopot,Sopot,pomorskie
81-775,Sopot,Sopot,Sopot,pomorskie
81-730,Sopot,Sopot,Sopot,pomorskie
81-731,Sopot,Sopot,Sopot,pomorskie
81-857,Sopot,Sopot,Sopot,pomorskie
81-704,Sopot,Sopot,Sopot,pomorskie
81-706,Sopot,Sopot,Sopot,pomorskie
81-759,Sopot,Sopot,Sopot,pomorskie
81-767,Sopot,Sopot,Sopot,pomorskie
81-757,Sopot,Sopot,Sopot,pomorskie
81-783,Sopot,Sopot,Sopot,pomorskie
81-756,Sopot,Sopot,Sopot,pomorskie
81-725,Sopot,Sopot,Sopot,pomorskie
81-723,Sopot,Sopot,Sopot,pomorskie
81-837,Sopot,Sopot,Sopot,pomorskie
81-841,Sopot,Sopot,Sopot,pomorskie
81-712,Sopot,Sopot,Sopot,pomorskie
81-718,Sopot,Sopot,Sopot,pomorskie
81-721,Sopot,Sopot,Sopot,pomorskie
81-818,Sopot,Sopot,Sopot,pomorskie
81-752,Sopot,Sopot,Sopot,pomorskie
81-782,Sopot,Sopot,Sopot,pomorskie
81-786,Sopot,Sopot,Sopot,pomorskie
81-881,Sopot,Sopot,Sopot,pomorskie
81-847,Sopot,Sopot,Sopot,pomorskie
81-754,Sopot,Sopot,Sopot,pomorskie
81-750,Sopot,Sopot,Sopot,pomorskie
81-848,Sopot,Sopot,Sopot,pomorskie
81-784,Sopot,Sopot,Sopot,pomorskie
81-744,Sopot,Sopot,Sopot,pomorskie
81-743,Sopot,Sopot,Sopot,pomorskie
81-715,Sopot,Sopot,Sopot,pomorskie
81-809,Sopot,Sopot,Sopot,pomorskie
81-758,Sopot,Sopot,Sopot,pomorskie
81-771,Sopot,Sopot,Sopot,pomorskie
81-717,Sopot,Sopot,Sopot,pomorskie
81-708,Sopot,Sopot,Sopot,pomorskie
81-826,Sopot,Sopot,Sopot,pomorskie
81-765,Sopot,Sopot,Sopot,pomorskie
81-761,Sopot,Sopot,Sopot,pomorskie
81-781,Sopot,Sopot,Sopot,pomorskie
81-751,Sopot,Sopot,Sopot,pomorskie
81-746,Sopot,Sopot,Sopot,pomorskie
81-741,Sopot,Sopot,Sopot,pomorskie
81-859,Sopot,Sopot,Sopot,pomorskie
81-876,Sopot,Sopot,Sopot,pomorskie
81-738,Sopot,Sopot,Sopot,pomorskie
81-812,Sopot,Sopot,Sopot,pomorskie
81-732,Sopot,Sopot,Sopot,pomorskie
81-852,Sopot,Sopot,Sopot,pomorskie
81-856,Sopot,Sopot,Sopot,pomorskie
81-813,Sopot,Sopot,Sopot,pomorskie
81-780,Sopot,Sopot,Sopot,pomorskie
81-722,Sopot,Sopot,Sopot,pomorskie
81-850,Sopot,Sopot,Sopot,pomorskie
81-835,Sopot,Sopot,Sopot,pomorskie
81-845,Sopot,Sopot,Sopot,pomorskie
81-846,Sopot,Sopot,Sopot,pomorskie
81-702,Sopot,Sopot,Sopot,pomorskie
81-836,Sopot,Sopot,Sopot,pomorskie
81-867,Sopot,Sopot,Sopot,pomorskie
81-815,Sopot,Sopot,Sopot,pomorskie
81-842,Sopot,Sopot,Sopot,pomorskie
81-821,Sopot,Sopot,Sopot,pomorskie
81-763,Sopot,Sopot,Sopot,pomorskie
81-862,Sopot,Sopot,Sopot,pomorskie
81-737,Sopot,Sopot,Sopot,pomorskie
81-875,Sopot,Sopot,Sopot,pomorskie
81-807,Sopot,Sopot,Sopot,pomorskie
81-828,Sopot,Sopot,Sopot,pomorskie
81-729,Sopot,Sopot,Sopot,pomorskie
81-747,Sopot,Sopot,Sopot,pomorskie
81-728,Sopot,Sopot,Sopot,pomorskie
81-719,Sopot,Sopot,Sopot,pomorskie
81-817,Sopot,Sopot,Sopot,pomorskie
81-808,Sopot,Sopot,Sopot,pomorskie
81-820,Sopot,Sopot,Sopot,pomorskie
81-834,Sopot,Sopot,Sopot,pomorskie
81-832,Sopot,Sopot,Sopot,pomorskie
81-866,Sopot,Sopot,Sopot,pomorskie
81-785,Sopot,Sopot,Sopot,pomorskie
81-778,Sopot,Sopot,Sopot,pomorskie
81-779,Sopot,Sopot,Sopot,pomorskie
81-713,Sopot,Sopot,Sopot,pomorskie
81-829,Sopot,Sopot,Sopot,pomorskie
81-764,Sopot,Sopot,Sopot,pomorskie
81-776,Sopot,Sopot,Sopot,pomorskie
81-822,Sopot,Sopot,Sopot,pomorskie
81-819,Sopot,Sopot,Sopot,pomorskie
81-733,Sopot,Sopot,Sopot,pomorskie
81-830,Sopot,Sopot,Sopot,pomorskie
81-726,Sopot,Sopot,Sopot,pomorskie
81-727,Sopot,Sopot,Sopot,pomorskie
81-770,Sopot,Sopot,Sopot,pomorskie
81-864,Sopot,Sopot,Sopot,pomorskie
81-768,Sopot,Sopot,Sopot,pomorskie
81-777,Sopot,Sopot,Sopot,pomorskie
81-811,Sopot,Sopot,Sopot,pomorskie
81-860,Sopot,Sopot,Sopot,pomorskie
81-745,Sopot,Sopot,Sopot,pomorskie
81-740,Sopot,Sopot,Sopot,pomorskie
81-773,Sopot,Sopot,Sopot,pomorskie
81-748,Sopot,Sopot,Sopot,pomorskie
81-749,Sopot,Sopot,Sopot,pomorskie
81-724,Sopot,Sopot,Sopot,pomorskie
81-711,Sopot,Sopot,Sopot,pomorskie
81-839,Sopot,Sopot,Sopot,pomorskie
81-760,Sopot,Sopot,Sopot,pomorskie
81-762,Sopot,Sopot,Sopot,pomorskie
81-874,Sopot,Sopot,Sopot,pomorskie
81-734,Sopot,Sopot,Sopot,pomorskie
81-827,Sopot,Sopot,Sopot,pomorskie
81-735,Sopot,Sopot,Sopot,pomorskie
81-703,Sopot,Sopot,Sopot,pomorskie
81-865,Sopot,Sopot,Sopot,pomorskie
81-871,Sopot,Sopot,Sopot,pomorskie
81-872,Sopot,Sopot,Sopot,pomorskie
81-877,Sopot,Sopot,Sopot,pomorskie
81-739,Sopot,Sopot,Sopot,pomorskie
81-742,Sopot,Sopot,Sopot,pomorskie
81-814,Sopot,Sopot,Sopot,pomorskie
81-816,Sopot,Sopot,Sopot,pomorskie
81-710,Sopot,Sopot,Sopot,pomorskie
81-709,Sopot,Sopot,Sopot,pomorskie
81-714,Sopot,Sopot,Sopot,pomorskie
81-716,Sopot,Sopot,Sopot,pomorskie
81-755,Sopot,Sopot,Sopot,pomorskie
81-769,Sopot,Sopot,Sopot,pomorskie
81-873,Sopot,Sopot,Sopot,pomorskie
81-823,Sopot,Sopot,Sopot,pomorskie
81-869,Sopot,Sopot,Sopot,pomorskie
81-720,Sopot,Sopot,Sopot,pomorskie
34-341,Sopotnia,Jeleśnia,żywiecki,śląskie
41-200,Sosnowiec,Sosnowiec,Sosnowiec,śląskie
41-214,Sosnowiec,Sosnowiec,Sosnowiec,śląskie
41-209,Sosnowiec,Sosnowiec,Sosnowiec,śląskie
41-205,Sosnowiec,Sosnowiec,Sosnowiec,śląskie
41-219,Sosnowiec,Sosnowiec,Sosnowiec,śląskie
41-208,Sosnowiec,Sosnowiec,Sosnowiec,śląskie
41-216,Sosnowiec,Sosnowiec,Sosnowiec,śląskie
41-215,Sosnowiec,Sosnowiec,Sosnowiec,śląskie
41-203,Sosnowiec,Sosnowiec,Sosnowiec,śląskie
41-218,Sosnowiec,Sosnowiec,Sosnowiec,śląskie
41-217,Sosnowiec,Sosnowiec,Sosnowiec,śląskie
37-555,Sośnica,Radymno,jarosławski,podkarpackie
15-528,Sowlany,Grabówka,białostocki,podlaskie
34-745,Spytkowice,Spytkowice,nowotarski,małopolskie
34-443,Sromowce,Czorsztyn,nowotarski,małopolskie
39-400,Stale,Grębów,tarnobrzeski,podkarpackie
21-422,Stanin,Stanin,łukowski,lubelskie
34-105,Stanisław,Wadowice,wadowicki,małopolskie
15-604,Stanisławowo,Kościelny,białostocki,podlaskie
64-932,Stara,Szydłowo,pilski,wielkopolskie
27-200,Starachowice,Starachowice,starachowicki,świętokrzyskie
46-083,Stare,Popielów,opolski,opolskie
57-313,Stary,Kłodzko,kłodzki,dolnośląskie
87-513,Stępowo,Rypin,rypiński,kujawsko-pomorskie
59-850,Stóg,Mirsk,lwówecki,dolnośląskie
87-708,Straszewo,Koneck,aleksandrowski,kujawsko-pomorskie
39-218,Straszęcin,Żyraków,dębicki,podkarpackie
32-431,Stróża,Pcim,myślenicki,małopolskie
62-062,Strykowo,Stęszew,poznański,wielkopolskie
34-205,Stryszawa,Stryszawa,suski,małopolskie
42-288,Strzebiń,Koszęcin,lubliniecki,śląskie
43-245,Studzionka,Pszczyna,pszczyński,śląskie
34-200,Sucha,Beskidzka,suski,małopolskie
21-305,Suchowola,Wohyń,radzyński,lubelskie
05-070,Sulejówek,Sulejówek,miński,mazowieckie
70-243,,05-071,Sulejówek,Dąbka
32-045,Sułoszowa,Sułoszowa,krakowski,małopolskie
21-536,Swory,Podlaska,bialski,lubelskie
64-962,Sypniewko,Jastrowie,złotowski,wielkopolskie
44-361,Syrynia,Lubomia,wodzisławski,śląskie
57-314,Szalejów,Kłodzko,kłodzki,dolnośląskie
98-396,,32-015,Szarów,89
34-607,Szczawa,Szczawa,limanowski,małopolskie
58-310,Szczawno-Zdrój,Szczawno-Zdrój,wałbrzyski,dolnośląskie
70-893,Szczecin,Szczecin,Szczecin,zachodniopomorskie
71-104,Szczecin,Szczecin,Szczecin,zachodniopomorskie
70-880,Szczecin,Szczecin,Szczecin,zachodniopomorskie
71-804,Szczecin,Szczecin,Szczecin,zachodniopomorskie
70-889,Szczecin,Szczecin,Szczecin,zachodniopomorskie
70-781,Szczecin,Szczecin,Szczecin,zachodniopomorskie
71-253,Szczecin,Szczecin,Szczecin,zachodniopomorskie
71-004,Szczecin,Szczecin,Szczecin,zachodniopomorskie
70-833,Szczecin,Szczecin,Szczecin,zachodniopomorskie
71-373,Szczecin,Szczecin,Szczecin,zachodniopomorskie
70-552,Szczecin,Szczecin,Szczecin,zachodniopomorskie
70-553,Szczecin,Szczecin,Szczecin,zachodniopomorskie
70-555,Szczecin,Szczecin,Szczecin,zachodniopomorskie
70-554,Szczecin,Szczecin,Szczecin,zachodniopomorskie
70-532,Szczecin,Szczecin,Szczecin,zachodniopomorskie
70-531,Szczecin,Szczecin,Szczecin,zachodniopomorskie
71-500,Szczecin,Szczecin,Szczecin,zachodniopomorskie
71-400,Szczecin,Szczecin,Szczecin,zachodniopomorskie
71-506,Szczecin,Szczecin,Szczecin,zachodniopomorskie
71-401,Szczecin,Szczecin,Szczecin,zachodniopomorskie
71-411,Szczecin,Szczecin,Szczecin,zachodniopomorskie
71-560,Szczecin,Szczecin,Szczecin,zachodniopomorskie
71-421,Szczecin,Szczecin,Szczecin,zachodniopomorskie
71-432,Szczecin,Szczecin,Szczecin,zachodniopomorskie
71-881,Szczecin,Szczecin,Szczecin,zachodniopomorskie
71-136,Szczecin,Szczecin,Szczecin,zachodniopomorskie
70-366,Szczecin,Szczecin,Szczecin,zachodniopomorskie
70-370,Szczecin,Szczecin,Szczecin,zachodniopomorskie
70-372,Szczecin,Szczecin,Szczecin,zachodniopomorskie
70-340,Szczecin,Szczecin,Szczecin,zachodniopomorskie
70-342,Szczecin,Szczecin,Szczecin,zachodniopomorskie
71-070,Szczecin,Szczecin,Szczecin,zachodniopomorskie
71-061,Szczecin,Szczecin,Szczecin,zachodniopomorskie
70-343,Szczecin,Szczecin,Szczecin,zachodniopomorskie
70-341,Szczecin,Szczecin,Szczecin,zachodniopomorskie
70-373,Szczecin,Szczecin,Szczecin,zachodniopomorskie
70-371,Szczecin,Szczecin,Szczecin,zachodniopomorskie
70-367,Szczecin,Szczecin,Szczecin,zachodniopomorskie
70-412,Szczecin,Szczecin,Szczecin,zachodniopomorskie
70-404,Szczecin,Szczecin,Szczecin,zachodniopomorskie
70-413,Szczecin,Szczecin,Szczecin,zachodniopomorskie
70-415,Szczecin,Szczecin,Szczecin,zachodniopomorskie
70-445,Szczecin,Szczecin,Szczecin,zachodniopomorskie
70-453,Szczecin,Szczecin,Szczecin,zachodniopomorskie
70-454,Szczecin,Szczecin,Szczecin,zachodniopomorskie
70-325,Szczecin,Szczecin,Szczecin,zachodniopomorskie
70-327,Szczecin,Szczecin,Szczecin,zachodniopomorskie
70-331,Szczecin,Szczecin,Szczecin,zachodniopomorskie
70-333,Szczecin,Szczecin,Szczecin,zachodniopomorskie
70-310,Szczecin,Szczecin,Szczecin,zachodniopomorskie
71-064,Szczecin,Szczecin,Szczecin,zachodniopomorskie
71-065,Szczecin,Szczecin,Szczecin,zachodniopomorskie
70-311,Szczecin,Szczecin,Szczecin,zachodniopomorskie
70-335,Szczecin,Szczecin,Szczecin,zachodniopomorskie
70-332,Szczecin,Szczecin,Szczecin,zachodniopomorskie
70-330,Szczecin,Szczecin,Szczecin,zachodniopomorskie
70-326,Szczecin,Szczecin,Szczecin,zachodniopomorskie
70-110,Szczecin,Szczecin,Szczecin,zachodniopomorskie
70-111,Szczecin,Szczecin,Szczecin,zachodniopomorskie
70-130,Szczecin,Szczecin,Szczecin,zachodniopomorskie
70-470,Szczecin,Szczecin,Szczecin,zachodniopomorskie
70-471,Szczecin,Szczecin,Szczecin,zachodniopomorskie
70-475,Szczecin,Szczecin,Szczecin,zachodniopomorskie
70-473,Szczecin,Szczecin,Szczecin,zachodniopomorskie
70-476,Szczecin,Szczecin,Szczecin,zachodniopomorskie
70-477,Szczecin,Szczecin,Szczecin,zachodniopomorskie
70-479,Szczecin,Szczecin,Szczecin,zachodniopomorskie
70-478,Szczecin,Szczecin,Szczecin,zachodniopomorskie
70-482,Szczecin,Szczecin,Szczecin,zachodniopomorskie
70-481,Szczecin,Szczecin,Szczecin,zachodniopomorskie
70-484,Szczecin,Szczecin,Szczecin,zachodniopomorskie
70-483,Szczecin,Szczecin,Szczecin,zachodniopomorskie
70-490,Szczecin,Szczecin,Szczecin,zachodniopomorskie
70-491,Szczecin,Szczecin,Szczecin,zachodniopomorskie
71-324,Szczecin,Szczecin,Szczecin,zachodniopomorskie
71-335,Szczecin,Szczecin,Szczecin,zachodniopomorskie
71-256,Szczecin,Szczecin,Szczecin,zachodniopomorskie
71-325,Szczecin,Szczecin,Szczecin,zachodniopomorskie
71-334,Szczecin,Szczecin,Szczecin,zachodniopomorskie
71-497,Szczecin,Szczecin,Szczecin,zachodniopomorskie
71-020,Szczecin,Szczecin,Szczecin,zachodniopomorskie
70-725,Szczecin,Szczecin,Szczecin,zachodniopomorskie
70-895,Szczecin,Szczecin,Szczecin,zachodniopomorskie
71-669,Szczecin,Szczecin,Szczecin,zachodniopomorskie
71-799,Szczecin,Szczecin,Szczecin,zachodniopomorskie
71-781,Szczecin,Szczecin,Szczecin,zachodniopomorskie
70-786,Szczecin,Szczecin,Szczecin,zachodniopomorskie
71-037,Szczecin,Szczecin,Szczecin,zachodniopomorskie
70-671,Szczecin,Szczecin,Szczecin,zachodniopomorskie
71-642,Szczecin,Szczecin,Szczecin,zachodniopomorskie
71-455,Szczecin,Szczecin,Szczecin,zachodniopomorskie
71-470,Szczecin,Szczecin,Szczecin,zachodniopomorskie
71-492,Szczecin,Szczecin,Szczecin,zachodniopomorskie
70-456,Szczecin,Szczecin,Szczecin,zachodniopomorskie
70-887,Szczecin,Szczecin,Szczecin,zachodniopomorskie
71-891,Szczecin,Szczecin,Szczecin,zachodniopomorskie
71-526,Szczecin,Szczecin,Szczecin,zachodniopomorskie
71-527,Szczecin,Szczecin,Szczecin,zachodniopomorskie
71-783,Szczecin,Szczecin,Szczecin,zachodniopomorskie
71-798,Szczecin,Szczecin,Szczecin,zachodniopomorskie
71-692,Szczecin,Szczecin,Szczecin,zachodniopomorskie
70-740,Szczecin,Szczecin,Szczecin,zachodniopomorskie
70-846,Szczecin,Szczecin,Szczecin,zachodniopomorskie
71-051,Szczecin,Szczecin,Szczecin,zachodniopomorskie
70-772,Szczecin,Szczecin,Szczecin,zachodniopomorskie
71-330,Szczecin,Szczecin,Szczecin,zachodniopomorskie
71-838,Szczecin,Szczecin,Szczecin,zachodniopomorskie
70-882,Szczecin,Szczecin,Szczecin,zachodniopomorskie
71-829,Szczecin,Szczecin,Szczecin,zachodniopomorskie
71-321,Szczecin,Szczecin,Szczecin,zachodniopomorskie
70-406,Szczecin,Szczecin,Szczecin,zachodniopomorskie
70-407,Szczecin,Szczecin,Szczecin,zachodniopomorskie
71-685,Szczecin,Szczecin,Szczecin,zachodniopomorskie
71-028,Szczecin,Szczecin,Szczecin,zachodniopomorskie
71-516,Szczecin,Szczecin,Szczecin,zachodniopomorskie
71-710,Szczecin,Szczecin,Szczecin,zachodniopomorskie
71-664,Szczecin,Szczecin,Szczecin,zachodniopomorskie
71-437,Szczecin,Szczecin,Szczecin,zachodniopomorskie
71-487,Szczecin,Szczecin,Szczecin,zachodniopomorskie
70-666,Szczecin,Szczecin,Szczecin,zachodniopomorskie
70-760,Szczecin,Szczecin,Szczecin,zachodniopomorskie
70-764,Szczecin,Szczecin,Szczecin,zachodniopomorskie
70-770,Szczecin,Szczecin,Szczecin,zachodniopomorskie
71-614,Szczecin,Szczecin,Szczecin,zachodniopomorskie
70-891,Szczecin,Szczecin,Szczecin,zachodniopomorskie
70-795,Szczecin,Szczecin,Szczecin,zachodniopomorskie
71-795,Szczecin,Szczecin,Szczecin,zachodniopomorskie
70-843,Szczecin,Szczecin,Szczecin,zachodniopomorskie
70-312,Szczecin,Szczecin,Szczecin,zachodniopomorskie
71-885,Szczecin,Szczecin,Szczecin,zachodniopomorskie
70-391,Szczecin,Szczecin,Szczecin,zachodniopomorskie
70-730,Szczecin,Szczecin,Szczecin,zachodniopomorskie
71-784,Szczecin,Szczecin,Szczecin,zachodniopomorskie
71-725,Szczecin,Szczecin,Szczecin,zachodniopomorskie
71-033,Szczecin,Szczecin,Szczecin,zachodniopomorskie
71-010,Szczecin,Szczecin,Szczecin,zachodniopomorskie
70-703,Szczecin,Szczecin,Szczecin,zachodniopomorskie
71-696,Szczecin,Szczecin,Szczecin,zachodniopomorskie
70-710,Szczecin,Szczecin,Szczecin,zachodniopomorskie
71-042,Szczecin,Szczecin,Szczecin,zachodniopomorskie
71-882,Szczecin,Szczecin,Szczecin,zachodniopomorskie
71-771,Szczecin,Szczecin,Szczecin,zachodniopomorskie
71-703,Szczecin,Szczecin,Szczecin,zachodniopomorskie
70-006,Szczecin,Szczecin,Szczecin,zachodniopomorskie
70-791,Szczecin,Szczecin,Szczecin,zachodniopomorskie
70-113,Szczecin,Szczecin,Szczecin,zachodniopomorskie
71-894,Szczecin,Szczecin,Szczecin,zachodniopomorskie
71-531,Szczecin,Szczecin,Szczecin,zachodniopomorskie
71-530,Szczecin,Szczecin,Szczecin,zachodniopomorskie
70-395,Szczecin,Szczecin,Szczecin,zachodniopomorskie
71-744,Szczecin,Szczecin,Szczecin,zachodniopomorskie
70-400,Szczecin,Szczecin,Szczecin,zachodniopomorskie
70-440,Szczecin,Szczecin,Szczecin,zachodniopomorskie
70-441,Szczecin,Szczecin,Szczecin,zachodniopomorskie
70-246,Szczecin,Szczecin,Szczecin,zachodniopomorskie
70-242,Szczecin,Szczecin,Szczecin,zachodniopomorskie
70-302,Szczecin,Szczecin,Szczecin,zachodniopomorskie
70-303,Szczecin,Szczecin,Szczecin,zachodniopomorskie
71-002,Szczecin,Szczecin,Szczecin,zachodniopomorskie
71-305,Szczecin,Szczecin,Szczecin,zachodniopomorskie
70-244,Szczecin,Szczecin,Szczecin,zachodniopomorskie
70-250,Szczecin,Szczecin,Szczecin,zachodniopomorskie
70-252,Szczecin,Szczecin,Szczecin,zachodniopomorskie
70-314,Szczecin,Szczecin,Szczecin,zachodniopomorskie
70-316,Szczecin,Szczecin,Szczecin,zachodniopomorskie
70-317,Szczecin,Szczecin,Szczecin,zachodniopomorskie
70-315,Szczecin,Szczecin,Szczecin,zachodniopomorskie
70-253,Szczecin,Szczecin,Szczecin,zachodniopomorskie
70-251,Szczecin,Szczecin,Szczecin,zachodniopomorskie
70-245,Szczecin,Szczecin,Szczecin,zachodniopomorskie
70-350,Szczecin,Szczecin,Szczecin,zachodniopomorskie
70-351,Szczecin,Szczecin,Szczecin,zachodniopomorskie
70-347,Szczecin,Szczecin,Szczecin,zachodniopomorskie
70-348,Szczecin,Szczecin,Szczecin,zachodniopomorskie
70-888,Szczecin,Szczecin,Szczecin,zachodniopomorskie
71-034,Szczecin,Szczecin,Szczecin,zachodniopomorskie
71-880,Szczecin,Szczecin,Szczecin,zachodniopomorskie
70-017,Szczecin,Szczecin,Szczecin,zachodniopomorskie
71-480,Szczecin,Szczecin,Szczecin,zachodniopomorskie
71-125,Szczecin,Szczecin,Szczecin,zachodniopomorskie
70-842,Szczecin,Szczecin,Szczecin,zachodniopomorskie
71-145,Szczecin,Szczecin,Szczecin,zachodniopomorskie
70-530,Szczecin,Szczecin,Szczecin,zachodniopomorskie
71-644,Szczecin,Szczecin,Szczecin,zachodniopomorskie
71-213,Szczecin,Szczecin,Szczecin,zachodniopomorskie
70-225,Szczecin,Szczecin,Szczecin,zachodniopomorskie
71-016,Szczecin,Szczecin,Szczecin,zachodniopomorskie
71-700,Szczecin,Szczecin,Szczecin,zachodniopomorskie
71-044,Szczecin,Szczecin,Szczecin,zachodniopomorskie
71-146,Szczecin,Szczecin,Szczecin,zachodniopomorskie
71-133,Szczecin,Szczecin,Szczecin,zachodniopomorskie
71-460,Szczecin,Szczecin,Szczecin,zachodniopomorskie
71-533,Szczecin,Szczecin,Szczecin,zachodniopomorskie
71-012,Szczecin,Szczecin,Szczecin,zachodniopomorskie
71-768,Szczecin,Szczecin,Szczecin,zachodniopomorskie
71-241,Szczecin,Szczecin,Szczecin,zachodniopomorskie
71-015,Szczecin,Szczecin,Szczecin,zachodniopomorskie
71-261,Szczecin,Szczecin,Szczecin,zachodniopomorskie
70-892,Szczecin,Szczecin,Szczecin,zachodniopomorskie
70-023,Szczecin,Szczecin,Szczecin,zachodniopomorskie
70-022,Szczecin,Szczecin,Szczecin,zachodniopomorskie
71-273,Szczecin,Szczecin,Szczecin,zachodniopomorskie
71-024,Szczecin,Szczecin,Szczecin,zachodniopomorskie
71-808,Szczecin,Szczecin,Szczecin,zachodniopomorskie
70-763,Szczecin,Szczecin,Szczecin,zachodniopomorskie
70-633,Szczecin,Szczecin,Szczecin,zachodniopomorskie
70-601,Szczecin,Szczecin,Szczecin,zachodniopomorskie
70-600,Szczecin,Szczecin,Szczecin,zachodniopomorskie
70-642,Szczecin,Szczecin,Szczecin,zachodniopomorskie
70-545,Szczecin,Szczecin,Szczecin,zachodniopomorskie
71-462,Szczecin,Szczecin,Szczecin,zachodniopomorskie
70-011,Szczecin,Szczecin,Szczecin,zachodniopomorskie
71-733,Szczecin,Szczecin,Szczecin,zachodniopomorskie
70-603,Szczecin,Szczecin,Szczecin,zachodniopomorskie
70-776,Szczecin,Szczecin,Szczecin,zachodniopomorskie
71-667,Szczecin,Szczecin,Szczecin,zachodniopomorskie
71-543,Szczecin,Szczecin,Szczecin,zachodniopomorskie
71-636,Szczecin,Szczecin,Szczecin,zachodniopomorskie
71-845,Szczecin,Szczecin,Szczecin,zachodniopomorskie
70-644,Szczecin,Szczecin,Szczecin,zachodniopomorskie
71-791,Szczecin,Szczecin,Szczecin,zachodniopomorskie
71-867,Szczecin,Szczecin,Szczecin,zachodniopomorskie
70-731,Szczecin,Szczecin,Szczecin,zachodniopomorskie
70-733,Szczecin,Szczecin,Szczecin,zachodniopomorskie
71-343,Szczecin,Szczecin,Szczecin,zachodniopomorskie
70-705,Szczecin,Szczecin,Szczecin,zachodniopomorskie
71-006,Szczecin,Szczecin,Szczecin,zachodniopomorskie
70-103,Szczecin,Szczecin,Szczecin,zachodniopomorskie
71-493,Szczecin,Szczecin,Szczecin,zachodniopomorskie
71-204,Szczecin,Szczecin,Szczecin,zachodniopomorskie
70-028,Szczecin,Szczecin,Szczecin,zachodniopomorskie
71-023,Szczecin,Szczecin,Szczecin,zachodniopomorskie
71-018,Szczecin,Szczecin,Szczecin,zachodniopomorskie
70-706,Szczecin,Szczecin,Szczecin,zachodniopomorskie
70-344,Szczecin,Szczecin,Szczecin,zachodniopomorskie
70-737,Szczecin,Szczecin,Szczecin,zachodniopomorskie
71-450,Szczecin,Szczecin,Szczecin,zachodniopomorskie
70-841,Szczecin,Szczecin,Szczecin,zachodniopomorskie
70-735,Szczecin,Szczecin,Szczecin,zachodniopomorskie
70-747,Szczecin,Szczecin,Szczecin,zachodniopomorskie
70-802,Szczecin,Szczecin,Szczecin,zachodniopomorskie
71-687,Szczecin,Szczecin,Szczecin,zachodniopomorskie
71-897,Szczecin,Szczecin,Szczecin,zachodniopomorskie
71-301,Szczecin,Szczecin,Szczecin,zachodniopomorskie
71-774,Szczecin,Szczecin,Szczecin,zachodniopomorskie
71-014,Szczecin,Szczecin,Szczecin,zachodniopomorskie
70-668,Szczecin,Szczecin,Szczecin,zachodniopomorskie
71-441,Szczecin,Szczecin,Szczecin,zachodniopomorskie
70-856,Szczecin,Szczecin,Szczecin,zachodniopomorskie
70-722,Szczecin,Szczecin,Szczecin,zachodniopomorskie
71-264,Szczecin,Szczecin,Szczecin,zachodniopomorskie
71-540,Szczecin,Szczecin,Szczecin,zachodniopomorskie
71-541,Szczecin,Szczecin,Szczecin,zachodniopomorskie
70-216,Szczecin,Szczecin,Szczecin,zachodniopomorskie
71-779,Szczecin,Szczecin,Szczecin,zachodniopomorskie
70-221,Szczecin,Szczecin,Szczecin,zachodniopomorskie
70-711,Szczecin,Szczecin,Szczecin,zachodniopomorskie
71-085,Szczecin,Szczecin,Szczecin,zachodniopomorskie
71-780,Szczecin,Szczecin,Szczecin,zachodniopomorskie
71-504,Szczecin,Szczecin,Szczecin,zachodniopomorskie
70-121,Szczecin,Szczecin,Szczecin,zachodniopomorskie
71-201,Szczecin,Szczecin,Szczecin,zachodniopomorskie
71-163,Szczecin,Szczecin,Szczecin,zachodniopomorskie
71-806,Szczecin,Szczecin,Szczecin,zachodniopomorskie
70-774,Szczecin,Szczecin,Szczecin,zachodniopomorskie
70-008,Szczecin,Szczecin,Szczecin,zachodniopomorskie
70-100,Szczecin,Szczecin,Szczecin,zachodniopomorskie
70-785,Szczecin,Szczecin,Szczecin,zachodniopomorskie
71-826,Szczecin,Szczecin,Szczecin,zachodniopomorskie
70-789,Szczecin,Szczecin,Szczecin,zachodniopomorskie
71-040,Szczecin,Szczecin,Szczecin,zachodniopomorskie
71-790,Szczecin,Szczecin,Szczecin,zachodniopomorskie
71-535,Szczecin,Szczecin,Szczecin,zachodniopomorskie
71-178,Szczecin,Szczecin,Szczecin,zachodniopomorskie
71-889,Szczecin,Szczecin,Szczecin,zachodniopomorskie
71-717,Szczecin,Szczecin,Szczecin,zachodniopomorskie
70-877,Szczecin,Szczecin,Szczecin,zachodniopomorskie
71-554,Szczecin,Szczecin,Szczecin,zachodniopomorskie
71-555,Szczecin,Szczecin,Szczecin,zachodniopomorskie
70-714,Szczecin,Szczecin,Szczecin,zachodniopomorskie
70-707,Szczecin,Szczecin,Szczecin,zachodniopomorskie
71-805,Szczecin,Szczecin,Szczecin,zachodniopomorskie
71-878,Szczecin,Szczecin,Szczecin,zachodniopomorskie
71-742,Szczecin,Szczecin,Szczecin,zachodniopomorskie
70-620,Szczecin,Szczecin,Szczecin,zachodniopomorskie
70-704,Szczecin,Szczecin,Szczecin,zachodniopomorskie
70-025,Szczecin,Szczecin,Szczecin,zachodniopomorskie
71-811,Szczecin,Szczecin,Szczecin,zachodniopomorskie
71-466,Szczecin,Szczecin,Szczecin,zachodniopomorskie
70-872,Szczecin,Szczecin,Szczecin,zachodniopomorskie
71-312,Szczecin,Szczecin,Szczecin,zachodniopomorskie
71-778,Szczecin,Szczecin,Szczecin,zachodniopomorskie
71-816,Szczecin,Szczecin,Szczecin,zachodniopomorskie
71-656,Szczecin,Szczecin,Szczecin,zachodniopomorskie
71-643,Szczecin,Szczecin,Szczecin,zachodniopomorskie
70-831,Szczecin,Szczecin,Szczecin,zachodniopomorskie
71-837,Szczecin,Szczecin,Szczecin,zachodniopomorskie
70-217,Szczecin,Szczecin,Szczecin,zachodniopomorskie
71-610,Szczecin,Szczecin,Szczecin,zachodniopomorskie
70-845,Szczecin,Szczecin,Szczecin,zachodniopomorskie
70-123,Szczecin,Szczecin,Szczecin,zachodniopomorskie
71-205,Szczecin,Szczecin,Szczecin,zachodniopomorskie
70-206,Szczecin,Szczecin,Szczecin,zachodniopomorskie
71-026,Szczecin,Szczecin,Szczecin,zachodniopomorskie
71-817,Szczecin,Szczecin,Szczecin,zachodniopomorskie
71-755,Szczecin,Szczecin,Szczecin,zachodniopomorskie
70-241,Szczecin,Szczecin,Szczecin,zachodniopomorskie
71-743,Szczecin,Szczecin,Szczecin,zachodniopomorskie
70-822,Szczecin,Szczecin,Szczecin,zachodniopomorskie
71-792,Szczecin,Szczecin,Szczecin,zachodniopomorskie
71-499,Szczecin,Szczecin,Szczecin,zachodniopomorskie
70-752,Szczecin,Szczecin,Szczecin,zachodniopomorskie
70-886,Szczecin,Szczecin,Szczecin,zachodniopomorskie
71-565,Szczecin,Szczecin,Szczecin,zachodniopomorskie
70-837,Szczecin,Szczecin,Szczecin,zachodniopomorskie
70-851,Szczecin,Szczecin,Szczecin,zachodniopomorskie
71-668,Szczecin,Szczecin,Szczecin,zachodniopomorskie
70-656,Szczecin,Szczecin,Szczecin,zachodniopomorskie
71-670,Szczecin,Szczecin,Szczecin,zachodniopomorskie
70-767,Szczecin,Szczecin,Szczecin,zachodniopomorskie
71-069,Szczecin,Szczecin,Szczecin,zachodniopomorskie
71-827,Szczecin,Szczecin,Szczecin,zachodniopomorskie
70-496,Szczecin,Szczecin,Szczecin,zachodniopomorskie
70-541,Szczecin,Szczecin,Szczecin,zachodniopomorskie
71-412,Szczecin,Szczecin,Szczecin,zachodniopomorskie
71-417,Szczecin,Szczecin,Szczecin,zachodniopomorskie
71-075,Szczecin,Szczecin,Szczecin,zachodniopomorskie
71-162,Szczecin,Szczecin,Szczecin,zachodniopomorskie
71-637,Szczecin,Szczecin,Szczecin,zachodniopomorskie
71-698,Szczecin,Szczecin,Szczecin,zachodniopomorskie
70-614,Szczecin,Szczecin,Szczecin,zachodniopomorskie
70-646,Szczecin,Szczecin,Szczecin,zachodniopomorskie
70-797,Szczecin,Szczecin,Szczecin,zachodniopomorskie
70-870,Szczecin,Szczecin,Szczecin,zachodniopomorskie
71-156,Szczecin,Szczecin,Szczecin,zachodniopomorskie
70-832,Szczecin,Szczecin,Szczecin,zachodniopomorskie
71-206,Szczecin,Szczecin,Szczecin,zachodniopomorskie
71-266,Szczecin,Szczecin,Szczecin,zachodniopomorskie
70-133,Szczecin,Szczecin,Szczecin,zachodniopomorskie
71-753,Szczecin,Szczecin,Szczecin,zachodniopomorskie
71-748,Szczecin,Szczecin,Szczecin,zachodniopomorskie
71-027,Szczecin,Szczecin,Szczecin,zachodniopomorskie
71-376,Szczecin,Szczecin,Szczecin,zachodniopomorskie
71-802,Szczecin,Szczecin,Szczecin,zachodniopomorskie
70-377,Szczecin,Szczecin,Szczecin,zachodniopomorskie
70-660,Szczecin,Szczecin,Szczecin,zachodniopomorskie
70-661,Szczecin,Szczecin,Szczecin,zachodniopomorskie
71-534,Szczecin,Szczecin,Szczecin,zachodniopomorskie
71-212,Szczecin,Szczecin,Szczecin,zachodniopomorskie
71-693,Szczecin,Szczecin,Szczecin,zachodniopomorskie
70-801,Szczecin,Szczecin,Szczecin,zachodniopomorskie
70-825,Szczecin,Szczecin,Szczecin,zachodniopomorskie
71-457,Szczecin,Szczecin,Szczecin,zachodniopomorskie
71-824,Szczecin,Szczecin,Szczecin,zachodniopomorskie
70-238,Szczecin,Szczecin,Szczecin,zachodniopomorskie
71-705,Szczecin,Szczecin,Szczecin,zachodniopomorskie
70-024,Szczecin,Szczecin,Szczecin,zachodniopomorskie
71-738,Szczecin,Szczecin,Szczecin,zachodniopomorskie
70-787,Szczecin,Szczecin,Szczecin,zachodniopomorskie
70-830,Szczecin,Szczecin,Szczecin,zachodniopomorskie
70-840,Szczecin,Szczecin,Szczecin,zachodniopomorskie
70-847,Szczecin,Szczecin,Szczecin,zachodniopomorskie
71-822,Szczecin,Szczecin,Szczecin,zachodniopomorskie
71-682,Szczecin,Szczecin,Szczecin,zachodniopomorskie
70-390,Szczecin,Szczecin,Szczecin,zachodniopomorskie
71-001,Szczecin,Szczecin,Szczecin,zachodniopomorskie
70-015,Szczecin,Szczecin,Szczecin,zachodniopomorskie
71-263,Szczecin,Szczecin,Szczecin,zachodniopomorskie
70-876,Szczecin,Szczecin,Szczecin,zachodniopomorskie
71-706,Szczecin,Szczecin,Szczecin,zachodniopomorskie
70-854,Szczecin,Szczecin,Szczecin,zachodniopomorskie
71-803,Szczecin,Szczecin,Szczecin,zachodniopomorskie
71-892,Szczecin,Szczecin,Szczecin,zachodniopomorskie
70-664,Szczecin,Szczecin,Szczecin,zachodniopomorskie
71-737,Szczecin,Szczecin,Szczecin,zachodniopomorskie
70-761,Szczecin,Szczecin,Szczecin,zachodniopomorskie
71-813,Szczecin,Szczecin,Szczecin,zachodniopomorskie
70-750,Szczecin,Szczecin,Szczecin,zachodniopomorskie
71-631,Szczecin,Szczecin,Szczecin,zachodniopomorskie
71-224,Szczecin,Szczecin,Szczecin,zachodniopomorskie
71-722,Szczecin,Szczecin,Szczecin,zachodniopomorskie
71-741,Szczecin,Szczecin,Szczecin,zachodniopomorskie
70-210,Szczecin,Szczecin,Szczecin,zachodniopomorskie
70-560,Szczecin,Szczecin,Szczecin,zachodniopomorskie
70-543,Szczecin,Szczecin,Szczecin,zachodniopomorskie
71-297,Szczecin,Szczecin,Szczecin,zachodniopomorskie
70-120,Szczecin,Szczecin,Szczecin,zachodniopomorskie
70-675,Szczecin,Szczecin,Szczecin,zachodniopomorskie
70-427,Szczecin,Szczecin,Szczecin,zachodniopomorskie
71-084,Szczecin,Szczecin,Szczecin,zachodniopomorskie
70-806,Szczecin,Szczecin,Szczecin,zachodniopomorskie
71-278,Szczecin,Szczecin,Szczecin,zachodniopomorskie
71-484,Szczecin,Szczecin,Szczecin,zachodniopomorskie
71-711,Szczecin,Szczecin,Szczecin,zachodniopomorskie
71-884,Szczecin,Szczecin,Szczecin,zachodniopomorskie
70-753,Szczecin,Szczecin,Szczecin,zachodniopomorskie
71-691,Szczecin,Szczecin,Szczecin,zachodniopomorskie
71-465,Szczecin,Szczecin,Szczecin,zachodniopomorskie
71-557,Szczecin,Szczecin,Szczecin,zachodniopomorskie
70-834,Szczecin,Szczecin,Szczecin,zachodniopomorskie
70-507,Szczecin,Szczecin,Szczecin,zachodniopomorskie
70-508,Szczecin,Szczecin,Szczecin,zachodniopomorskie
71-427,Szczecin,Szczecin,Szczecin,zachodniopomorskie
70-631,Szczecin,Szczecin,Szczecin,zachodniopomorskie
71-302,Szczecin,Szczecin,Szczecin,zachodniopomorskie
70-550,Szczecin,Szczecin,Szczecin,zachodniopomorskie
71-699,Szczecin,Szczecin,Szczecin,zachodniopomorskie
71-712,Szczecin,Szczecin,Szczecin,zachodniopomorskie
71-047,Szczecin,Szczecin,Szczecin,zachodniopomorskie
70-606,Szczecin,Szczecin,Szczecin,zachodniopomorskie
71-298,Szczecin,Szczecin,Szczecin,zachodniopomorskie
71-890,Szczecin,Szczecin,Szczecin,zachodniopomorskie
71-005,Szczecin,Szczecin,Szczecin,zachodniopomorskie
70-009,Szczecin,Szczecin,Szczecin,zachodniopomorskie
70-013,Szczecin,Szczecin,Szczecin,zachodniopomorskie
70-713,Szczecin,Szczecin,Szczecin,zachodniopomorskie
71-265,Szczecin,Szczecin,Szczecin,zachodniopomorskie
70-300,Szczecin,Szczecin,Szczecin,zachodniopomorskie
70-307,Szczecin,Szczecin,Szczecin,zachodniopomorskie
70-261,Szczecin,Szczecin,Szczecin,zachodniopomorskie
70-262,Szczecin,Szczecin,Szczecin,zachodniopomorskie
70-301,Szczecin,Szczecin,Szczecin,zachodniopomorskie
70-435,Szczecin,Szczecin,Szczecin,zachodniopomorskie
70-436,Szczecin,Szczecin,Szczecin,zachodniopomorskie
70-437,Szczecin,Szczecin,Szczecin,zachodniopomorskie
70-362,Szczecin,Szczecin,Szczecin,zachodniopomorskie
70-363,Szczecin,Szczecin,Szczecin,zachodniopomorskie
70-364,Szczecin,Szczecin,Szczecin,zachodniopomorskie
70-365,Szczecin,Szczecin,Szczecin,zachodniopomorskie
70-382,Szczecin,Szczecin,Szczecin,zachodniopomorskie
70-874,Szczecin,Szczecin,Szczecin,zachodniopomorskie
70-534,Szczecin,Szczecin,Szczecin,zachodniopomorskie
71-209,Szczecin,Szczecin,Szczecin,zachodniopomorskie
71-228,Szczecin,Szczecin,Szczecin,zachodniopomorskie
71-620,Szczecin,Szczecin,Szczecin,zachodniopomorskie
71-414,Szczecin,Szczecin,Szczecin,zachodniopomorskie
71-746,Szczecin,Szczecin,Szczecin,zachodniopomorskie
71-603,Szczecin,Szczecin,Szczecin,zachodniopomorskie
71-270,Szczecin,Szczecin,Szczecin,zachodniopomorskie
71-424,Szczecin,Szczecin,Szczecin,zachodniopomorskie
71-797,Szczecin,Szczecin,Szczecin,zachodniopomorskie
71-116,Szczecin,Szczecin,Szczecin,zachodniopomorskie
70-775,Szczecin,Szczecin,Szczecin,zachodniopomorskie
70-501,Szczecin,Szczecin,Szczecin,zachodniopomorskie
70-762,Szczecin,Szczecin,Szczecin,zachodniopomorskie
70-780,Szczecin,Szczecin,Szczecin,zachodniopomorskie
70-492,Szczecin,Szczecin,Szczecin,zachodniopomorskie
71-673,Szczecin,Szczecin,Szczecin,zachodniopomorskie
70-777,Szczecin,Szczecin,Szczecin,zachodniopomorskie
70-773,Szczecin,Szczecin,Szczecin,zachodniopomorskie
71-382,Szczecin,Szczecin,Szczecin,zachodniopomorskie
71-773,Szczecin,Szczecin,Szczecin,zachodniopomorskie
71-211,Szczecin,Szczecin,Szczecin,zachodniopomorskie
70-807,Szczecin,Szczecin,Szczecin,zachodniopomorskie
71-114,Szczecin,Szczecin,Szczecin,zachodniopomorskie
70-844,Szczecin,Szczecin,Szczecin,zachodniopomorskie
70-751,Szczecin,Szczecin,Szczecin,zachodniopomorskie
70-114,Szczecin,Szczecin,Szczecin,zachodniopomorskie
71-494,Szczecin,Szczecin,Szczecin,zachodniopomorskie
71-171,Szczecin,Szczecin,Szczecin,zachodniopomorskie
70-001,Szczecin,Szczecin,Szczecin,zachodniopomorskie
70-792,Szczecin,Szczecin,Szczecin,zachodniopomorskie
71-227,Szczecin,Szczecin,Szczecin,zachodniopomorskie
71-524,Szczecin,Szczecin,Szczecin,zachodniopomorskie
71-521,Szczecin,Szczecin,Szczecin,zachodniopomorskie
70-790,Szczecin,Szczecin,Szczecin,zachodniopomorskie
71-787,Szczecin,Szczecin,Szczecin,zachodniopomorskie
71-118,Szczecin,Szczecin,Szczecin,zachodniopomorskie
70-014,Szczecin,Szczecin,Szczecin,zachodniopomorskie
71-883,Szczecin,Szczecin,Szczecin,zachodniopomorskie
70-848,Szczecin,Szczecin,Szczecin,zachodniopomorskie
70-778,Szczecin,Szczecin,Szczecin,zachodniopomorskie
70-610,Szczecin,Szczecin,Szczecin,zachodniopomorskie
70-611,Szczecin,Szczecin,Szczecin,zachodniopomorskie
71-225,Szczecin,Szczecin,Szczecin,zachodniopomorskie
71-602,Szczecin,Szczecin,Szczecin,zachodniopomorskie
71-102,Szczecin,Szczecin,Szczecin,zachodniopomorskie
71-872,Szczecin,Szczecin,Szczecin,zachodniopomorskie
71-563,Szczecin,Szczecin,Szczecin,zachodniopomorskie
71-304,Szczecin,Szczecin,Szczecin,zachodniopomorskie
70-814,Szczecin,Szczecin,Szczecin,zachodniopomorskie
71-074,Szczecin,Szczecin,Szczecin,zachodniopomorskie
70-403,Szczecin,Szczecin,Szczecin,zachodniopomorskie
70-402,Szczecin,Szczecin,Szczecin,zachodniopomorskie
70-226,Szczecin,Szczecin,Szczecin,zachodniopomorskie
70-227,Szczecin,Szczecin,Szczecin,zachodniopomorskie
71-032,Szczecin,Szczecin,Szczecin,zachodniopomorskie
71-043,Szczecin,Szczecin,Szczecin,zachodniopomorskie
71-550,Szczecin,Szczecin,Szczecin,zachodniopomorskie
71-552,Szczecin,Szczecin,Szczecin,zachodniopomorskie
71-551,Szczecin,Szczecin,Szczecin,zachodniopomorskie
71-372,Szczecin,Szczecin,Szczecin,zachodniopomorskie
71-231,Szczecin,Szczecin,Szczecin,zachodniopomorskie
71-810,Szczecin,Szczecin,Szczecin,zachodniopomorskie
71-295,Szczecin,Szczecin,Szczecin,zachodniopomorskie
70-805,Szczecin,Szczecin,Szczecin,zachodniopomorskie
71-244,Szczecin,Szczecin,Szczecin,zachodniopomorskie
71-257,Szczecin,Szczecin,Szczecin,zachodniopomorskie
71-247,Szczecin,Szczecin,Szczecin,zachodniopomorskie
71-248,Szczecin,Szczecin,Szczecin,zachodniopomorskie
71-249,Szczecin,Szczecin,Szczecin,zachodniopomorskie
70-700,Szczecin,Szczecin,Szczecin,zachodniopomorskie
70-535,Szczecin,Szczecin,Szczecin,zachodniopomorskie
71-117,Szczecin,Szczecin,Szczecin,zachodniopomorskie
71-809,Szczecin,Szczecin,Szczecin,zachodniopomorskie
71-086,Szczecin,Szczecin,Szczecin,zachodniopomorskie
70-809,Szczecin,Szczecin,Szczecin,zachodniopomorskie
71-327,Szczecin,Szczecin,Szczecin,zachodniopomorskie
71-381,Szczecin,Szczecin,Szczecin,zachodniopomorskie
70-031,Szczecin,Szczecin,Szczecin,zachodniopomorskie
71-836,Szczecin,Szczecin,Szczecin,zachodniopomorskie
71-793,Szczecin,Szczecin,Szczecin,zachodniopomorskie
71-832,Szczecin,Szczecin,Szczecin,zachodniopomorskie
71-736,Szczecin,Szczecin,Szczecin,zachodniopomorskie
70-035,Szczecin,Szczecin,Szczecin,zachodniopomorskie
70-037,Szczecin,Szczecin,Szczecin,zachodniopomorskie
71-525,Szczecin,Szczecin,Szczecin,zachodniopomorskie
70-721,Szczecin,Szczecin,Szczecin,zachodniopomorskie
70-811,Szczecin,Szczecin,Szczecin,zachodniopomorskie
71-674,Szczecin,Szczecin,Szczecin,zachodniopomorskie
71-680,Szczecin,Szczecin,Szczecin,zachodniopomorskie
71-681,Szczecin,Szczecin,Szczecin,zachodniopomorskie
71-675,Szczecin,Szczecin,Szczecin,zachodniopomorskie
71-704,Szczecin,Szczecin,Szczecin,zachodniopomorskie
71-150,Szczecin,Szczecin,Szczecin,zachodniopomorskie
71-151,Szczecin,Szczecin,Szczecin,zachodniopomorskie
71-132,Szczecin,Szczecin,Szczecin,zachodniopomorskie
70-488,Szczecin,Szczecin,Szczecin,zachodniopomorskie
70-871,Szczecin,Szczecin,Szczecin,zachodniopomorskie
70-563,Szczecin,Szczecin,Szczecin,zachodniopomorskie
71-050,Szczecin,Szczecin,Szczecin,zachodniopomorskie
71-066,Szczecin,Szczecin,Szczecin,zachodniopomorskie
71-840,Szczecin,Szczecin,Szczecin,zachodniopomorskie
71-313,Szczecin,Szczecin,Szczecin,zachodniopomorskie
70-540,Szczecin,Szczecin,Szczecin,zachodniopomorskie
70-211,Szczecin,Szczecin,Szczecin,zachodniopomorskie
71-170,Szczecin,Szczecin,Szczecin,zachodniopomorskie
70-783,Szczecin,Szczecin,Szczecin,zachodniopomorskie
71-143,Szczecin,Szczecin,Szczecin,zachodniopomorskie
71-735,Szczecin,Szczecin,Szczecin,zachodniopomorskie
71-834,Szczecin,Szczecin,Szczecin,zachodniopomorskie
70-819,Szczecin,Szczecin,Szczecin,zachodniopomorskie
70-673,Szczecin,Szczecin,Szczecin,zachodniopomorskie
71-106,Szczecin,Szczecin,Szczecin,zachodniopomorskie
71-021,Szczecin,Szczecin,Szczecin,zachodniopomorskie
71-017,Szczecin,Szczecin,Szczecin,zachodniopomorskie
71-135,Szczecin,Szczecin,Szczecin,zachodniopomorskie
71-333,Szczecin,Szczecin,Szczecin,zachodniopomorskie
71-435,Szczecin,Szczecin,Szczecin,zachodniopomorskie
71-443,Szczecin,Szczecin,Szczecin,zachodniopomorskie
71-446,Szczecin,Szczecin,Szczecin,zachodniopomorskie
71-447,Szczecin,Szczecin,Szczecin,zachodniopomorskie
71-770,Szczecin,Szczecin,Szczecin,zachodniopomorskie
71-052,Szczecin,Szczecin,Szczecin,zachodniopomorskie
70-485,Szczecin,Szczecin,Szczecin,zachodniopomorskie
70-486,Szczecin,Szczecin,Szczecin,zachodniopomorskie
71-747,Szczecin,Szczecin,Szczecin,zachodniopomorskie
71-229,Szczecin,Szczecin,Szczecin,zachodniopomorskie
71-732,Szczecin,Szczecin,Szczecin,zachodniopomorskie
70-734,Szczecin,Szczecin,Szczecin,zachodniopomorskie
70-742,Szczecin,Szczecin,Szczecin,zachodniopomorskie
70-820,Szczecin,Szczecin,Szczecin,zachodniopomorskie
71-794,Szczecin,Szczecin,Szczecin,zachodniopomorskie
71-073,Szczecin,Szczecin,Szczecin,zachodniopomorskie
71-080,Szczecin,Szczecin,Szczecin,zachodniopomorskie
71-046,Szczecin,Szczecin,Szczecin,zachodniopomorskie
70-425,Szczecin,Szczecin,Szczecin,zachodniopomorskie
70-605,Szczecin,Szczecin,Szczecin,zachodniopomorskie
71-665,Szczecin,Szczecin,Szczecin,zachodniopomorskie
71-370,Szczecin,Szczecin,Szczecin,zachodniopomorskie
70-237,Szczecin,Szczecin,Szczecin,zachodniopomorskie
70-536,Szczecin,Szczecin,Szczecin,zachodniopomorskie
70-615,Szczecin,Szczecin,Szczecin,zachodniopomorskie
71-296,Szczecin,Szczecin,Szczecin,zachodniopomorskie
71-758,Szczecin,Szczecin,Szczecin,zachodniopomorskie
71-045,Szczecin,Szczecin,Szczecin,zachodniopomorskie
71-126,Szczecin,Szczecin,Szczecin,zachodniopomorskie
71-019,Szczecin,Szczecin,Szczecin,zachodniopomorskie
70-263,Szczecin,Szczecin,Szczecin,zachodniopomorskie
70-564,Szczecin,Szczecin,Szczecin,zachodniopomorskie
70-337,Szczecin,Szczecin,Szczecin,zachodniopomorskie
70-134,Szczecin,Szczecin,Szczecin,zachodniopomorskie
70-804,Szczecin,Szczecin,Szczecin,zachodniopomorskie
71-154,Szczecin,Szczecin,Szczecin,zachodniopomorskie
71-445,Szczecin,Szczecin,Szczecin,zachodniopomorskie
70-766,Szczecin,Szczecin,Szczecin,zachodniopomorskie
71-821,Szczecin,Szczecin,Szczecin,zachodniopomorskie
70-782,Szczecin,Szczecin,Szczecin,zachodniopomorskie
70-813,Szczecin,Szczecin,Szczecin,zachodniopomorskie
71-274,Szczecin,Szczecin,Szczecin,zachodniopomorskie
70-220,Szczecin,Szczecin,Szczecin,zachodniopomorskie
71-315,Szczecin,Szczecin,Szczecin,zachodniopomorskie
70-374,Szczecin,Szczecin,Szczecin,zachodniopomorskie
70-375,Szczecin,Szczecin,Szczecin,zachodniopomorskie
70-376,Szczecin,Szczecin,Szczecin,zachodniopomorskie
71-734,Szczecin,Szczecin,Szczecin,zachodniopomorskie
71-344,Szczecin,Szczecin,Szczecin,zachodniopomorskie
70-608,Szczecin,Szczecin,Szczecin,zachodniopomorskie
70-414,Szczecin,Szczecin,Szczecin,zachodniopomorskie
70-896,Szczecin,Szczecin,Szczecin,zachodniopomorskie
71-505,Szczecin,Szczecin,Szczecin,zachodniopomorskie
71-807,Szczecin,Szczecin,Szczecin,zachodniopomorskie
71-425,Szczecin,Szczecin,Szczecin,zachodniopomorskie
71-453,Szczecin,Szczecin,Szczecin,zachodniopomorskie
71-605,Szczecin,Szczecin,Szczecin,zachodniopomorskie
70-557,Szczecin,Szczecin,Szczecin,zachodniopomorskie
70-815,Szczecin,Szczecin,Szczecin,zachodniopomorskie
70-622,Szczecin,Szczecin,Szczecin,zachodniopomorskie
70-884,Szczecin,Szczecin,Szczecin,zachodniopomorskie
71-825,Szczecin,Szczecin,Szczecin,zachodniopomorskie
71-472,Szczecin,Szczecin,Szczecin,zachodniopomorskie
71-317,Szczecin,Szczecin,Szczecin,zachodniopomorskie
71-254,Szczecin,Szczecin,Szczecin,zachodniopomorskie
71-207,Szczecin,Szczecin,Szczecin,zachodniopomorskie
71-215,Szczecin,Szczecin,Szczecin,zachodniopomorskie
71-522,Szczecin,Szczecin,Szczecin,zachodniopomorskie
71-886,Szczecin,Szczecin,Szczecin,zachodniopomorskie
71-641,Szczecin,Szczecin,Szczecin,zachodniopomorskie
70-101,Szczecin,Szczecin,Szczecin,zachodniopomorskie
70-885,Szczecin,Szczecin,Szczecin,zachodniopomorskie
71-627,Szczecin,Szczecin,Szczecin,zachodniopomorskie
70-214,Szczecin,Szczecin,Szczecin,zachodniopomorskie
70-215,Szczecin,Szczecin,Szczecin,zachodniopomorskie
70-136,Szczecin,Szczecin,Szczecin,zachodniopomorskie
71-459,Szczecin,Szczecin,Szczecin,zachodniopomorskie
71-374,Szczecin,Szczecin,Szczecin,zachodniopomorskie
70-630,Szczecin,Szczecin,Szczecin,zachodniopomorskie
71-386,Szczecin,Szczecin,Szczecin,zachodniopomorskie
71-155,Szczecin,Szczecin,Szczecin,zachodniopomorskie
71-616,Szczecin,Szczecin,Szczecin,zachodniopomorskie
71-612,Szczecin,Szczecin,Szczecin,zachodniopomorskie
71-483,Szczecin,Szczecin,Szczecin,zachodniopomorskie
70-304,Szczecin,Szczecin,Szczecin,zachodniopomorskie
70-305,Szczecin,Szczecin,Szczecin,zachodniopomorskie
70-306,Szczecin,Szczecin,Szczecin,zachodniopomorskie
70-513,Szczecin,Szczecin,Szczecin,zachodniopomorskie
70-514,Szczecin,Szczecin,Szczecin,zachodniopomorskie
70-515,Szczecin,Szczecin,Szczecin,zachodniopomorskie
71-690,Szczecin,Szczecin,Szczecin,zachodniopomorskie
71-844,Szczecin,Szczecin,Szczecin,zachodniopomorskie
71-544,Szczecin,Szczecin,Szczecin,zachodniopomorskie
71-160,Szczecin,Szczecin,Szczecin,zachodniopomorskie
70-546,Szczecin,Szczecin,Szczecin,zachodniopomorskie
70-547,Szczecin,Szczecin,Szczecin,zachodniopomorskie
71-246,Szczecin,Szczecin,Szczecin,zachodniopomorskie
70-612,Szczecin,Szczecin,Szczecin,zachodniopomorskie
71-724,Szczecin,Szczecin,Szczecin,zachodniopomorskie
71-615,Szczecin,Szczecin,Szczecin,zachodniopomorskie
70-526,Szczecin,Szczecin,Szczecin,zachodniopomorskie
70-416,Szczecin,Szczecin,Szczecin,zachodniopomorskie
70-424,Szczecin,Szczecin,Szczecin,zachodniopomorskie
70-443,Szczecin,Szczecin,Szczecin,zachodniopomorskie
70-444,Szczecin,Szczecin,Szczecin,zachodniopomorskie
70-708,Szczecin,Szczecin,Szczecin,zachodniopomorskie
70-676,Szczecin,Szczecin,Szczecin,zachodniopomorskie
70-744,Szczecin,Szczecin,Szczecin,zachodniopomorskie
70-727,Szczecin,Szczecin,Szczecin,zachodniopomorskie
70-726,Szczecin,Szczecin,Szczecin,zachodniopomorskie
71-694,Szczecin,Szczecin,Szczecin,zachodniopomorskie
70-824,Szczecin,Szczecin,Szczecin,zachodniopomorskie
71-076,Szczecin,Szczecin,Szczecin,zachodniopomorskie
70-383,Szczecin,Szczecin,Szczecin,zachodniopomorskie
70-384,Szczecin,Szczecin,Szczecin,zachodniopomorskie
70-386,Szczecin,Szczecin,Szczecin,zachodniopomorskie
70-385,Szczecin,Szczecin,Szczecin,zachodniopomorskie
71-101,Szczecin,Szczecin,Szczecin,zachodniopomorskie
71-307,Szczecin,Szczecin,Szczecin,zachodniopomorskie
71-103,Szczecin,Szczecin,Szczecin,zachodniopomorskie
71-105,Szczecin,Szczecin,Szczecin,zachodniopomorskie
71-279,Szczecin,Szczecin,Szczecin,zachodniopomorskie
71-107,Szczecin,Szczecin,Szczecin,zachodniopomorskie
71-280,Szczecin,Szczecin,Szczecin,zachodniopomorskie
71-140,Szczecin,Szczecin,Szczecin,zachodniopomorskie
71-260,Szczecin,Szczecin,Szczecin,zachodniopomorskie
71-147,Szczecin,Szczecin,Szczecin,zachodniopomorskie
71-152,Szczecin,Szczecin,Szczecin,zachodniopomorskie
71-153,Szczecin,Szczecin,Szczecin,zachodniopomorskie
71-165,Szczecin,Szczecin,Szczecin,zachodniopomorskie
71-271,Szczecin,Szczecin,Szczecin,zachodniopomorskie
71-200,Szczecin,Szczecin,Szczecin,zachodniopomorskie
71-782,Szczecin,Szczecin,Szczecin,zachodniopomorskie
70-803,Szczecin,Szczecin,Szczecin,zachodniopomorskie
70-823,Szczecin,Szczecin,Szczecin,zachodniopomorskie
70-102,Szczecin,Szczecin,Szczecin,zachodniopomorskie
71-030,Szczecin,Szczecin,Szczecin,zachodniopomorskie
71-007,Szczecin,Szczecin,Szczecin,zachodniopomorskie
71-008,Szczecin,Szczecin,Szczecin,zachodniopomorskie
71-011,Szczecin,Szczecin,Szczecin,zachodniopomorskie
70-106,Szczecin,Szczecin,Szczecin,zachodniopomorskie
71-346,Szczecin,Szczecin,Szczecin,zachodniopomorskie
70-875,Szczecin,Szczecin,Szczecin,zachodniopomorskie
70-117,Szczecin,Szczecin,Szczecin,zachodniopomorskie
70-107,Szczecin,Szczecin,Szczecin,zachodniopomorskie
71-477,Szczecin,Szczecin,Szczecin,zachodniopomorskie
70-835,Szczecin,Szczecin,Szczecin,zachodniopomorskie
70-855,Szczecin,Szczecin,Szczecin,zachodniopomorskie
71-495,Szczecin,Szczecin,Szczecin,zachodniopomorskie
70-812,Szczecin,Szczecin,Szczecin,zachodniopomorskie
71-172,Szczecin,Szczecin,Szczecin,zachodniopomorskie
71-843,Szczecin,Szczecin,Szczecin,zachodniopomorskie
71-707,Szczecin,Szczecin,Szczecin,zachodniopomorskie
70-839,Szczecin,Szczecin,Szczecin,zachodniopomorskie
71-430,Szczecin,Szczecin,Szczecin,zachodniopomorskie
70-464,Szczecin,Szczecin,Szczecin,zachodniopomorskie
70-465,Szczecin,Szczecin,Szczecin,zachodniopomorskie
70-466,Szczecin,Szczecin,Szczecin,zachodniopomorskie
70-467,Szczecin,Szczecin,Szczecin,zachodniopomorskie
71-835,Szczecin,Szczecin,Szczecin,zachodniopomorskie
71-601,Szczecin,Szczecin,Szczecin,zachodniopomorskie
70-741,Szczecin,Szczecin,Szczecin,zachodniopomorskie
70-672,Szczecin,Szczecin,Szczecin,zachodniopomorskie
70-533,Szczecin,Szczecin,Szczecin,zachodniopomorskie
71-390,Szczecin,Szczecin,Szczecin,zachodniopomorskie
71-662,Szczecin,Szczecin,Szczecin,zachodniopomorskie
70-027,Szczecin,Szczecin,Szczecin,zachodniopomorskie
71-801,Szczecin,Szczecin,Szczecin,zachodniopomorskie
71-877,Szczecin,Szczecin,Szczecin,zachodniopomorskie
70-655,Szczecin,Szczecin,Szczecin,zachodniopomorskie
71-833,Szczecin,Szczecin,Szczecin,zachodniopomorskie
71-828,Szczecin,Szczecin,Szczecin,zachodniopomorskie
71-820,Szczecin,Szczecin,Szczecin,zachodniopomorskie
71-800,Szczecin,Szczecin,Szczecin,zachodniopomorskie
70-034,Szczecin,Szczecin,Szczecin,zachodniopomorskie
71-556,Szczecin,Szczecin,Szczecin,zachodniopomorskie
70-231,Szczecin,Szczecin,Szczecin,zachodniopomorskie
70-240,Szczecin,Szczecin,Szczecin,zachodniopomorskie
71-814,Szczecin,Szczecin,Szczecin,zachodniopomorskie
71-403,Szczecin,Szczecin,Szczecin,zachodniopomorskie
71-410,Szczecin,Szczecin,Szczecin,zachodniopomorskie
70-793,Szczecin,Szczecin,Szczecin,zachodniopomorskie
71-404,Szczecin,Szczecin,Szczecin,zachodniopomorskie
71-553,Szczecin,Szczecin,Szczecin,zachodniopomorskie
71-520,Szczecin,Szczecin,Szczecin,zachodniopomorskie
71-436,Szczecin,Szczecin,Szczecin,zachodniopomorskie
70-380,Szczecin,Szczecin,Szczecin,zachodniopomorskie
70-852,Szczecin,Szczecin,Szczecin,zachodniopomorskie
70-754,Szczecin,Szczecin,Szczecin,zachodniopomorskie
71-875,Szczecin,Szczecin,Szczecin,zachodniopomorskie
70-810,Szczecin,Szczecin,Szczecin,zachodniopomorskie
71-322,Szczecin,Szczecin,Szczecin,zachodniopomorskie
71-684,Szczecin,Szczecin,Szczecin,zachodniopomorskie
71-120,Szczecin,Szczecin,Szczecin,zachodniopomorskie
71-420,Szczecin,Szczecin,Szczecin,zachodniopomorskie
71-502,Szczecin,Szczecin,Szczecin,zachodniopomorskie
70-452,Szczecin,Szczecin,Szczecin,zachodniopomorskie
71-503,Szczecin,Szczecin,Szczecin,zachodniopomorskie
71-537,Szczecin,Szczecin,Szczecin,zachodniopomorskie
71-431,Szczecin,Szczecin,Szczecin,zachodniopomorskie
71-438,Szczecin,Szczecin,Szczecin,zachodniopomorskie
71-775,Szczecin,Szczecin,Szczecin,zachodniopomorskie
70-613,Szczecin,Szczecin,Szczecin,zachodniopomorskie
71-272,Szczecin,Szczecin,Szczecin,zachodniopomorskie
71-031,Szczecin,Szczecin,Szczecin,zachodniopomorskie
71-035,Szczecin,Szczecin,Szczecin,zachodniopomorskie
71-036,Szczecin,Szczecin,Szczecin,zachodniopomorskie
71-041,Szczecin,Szczecin,Szczecin,zachodniopomorskie
71-876,Szczecin,Szczecin,Szczecin,zachodniopomorskie
71-683,Szczecin,Szczecin,Szczecin,zachodniopomorskie
71-754,Szczecin,Szczecin,Szczecin,zachodniopomorskie
70-746,Szczecin,Szczecin,Szczecin,zachodniopomorskie
70-566,Szczecin,Szczecin,Szczecin,zachodniopomorskie
70-131,Szczecin,Szczecin,Szczecin,zachodniopomorskie
71-340,Szczecin,Szczecin,Szczecin,zachodniopomorskie
70-562,Szczecin,Szczecin,Szczecin,zachodniopomorskie
71-893,Szczecin,Szczecin,Szczecin,zachodniopomorskie
71-380,Szczecin,Szczecin,Szczecin,zachodniopomorskie
71-564,Szczecin,Szczecin,Szczecin,zachodniopomorskie
71-337,Szczecin,Szczecin,Szczecin,zachodniopomorskie
71-022,Szczecin,Szczecin,Szczecin,zachodniopomorskie
71-757,Szczecin,Szczecin,Szczecin,zachodniopomorskie
70-213,Szczecin,Szczecin,Szczecin,zachodniopomorskie
71-275,Szczecin,Szczecin,Szczecin,zachodniopomorskie
71-888,Szczecin,Szczecin,Szczecin,zachodniopomorskie
70-494,Szczecin,Szczecin,Szczecin,zachodniopomorskie
71-720,Szczecin,Szczecin,Szczecin,zachodniopomorskie
71-600,Szczecin,Szczecin,Szczecin,zachodniopomorskie
71-621,Szczecin,Szczecin,Szczecin,zachodniopomorskie
71-634,Szczecin,Szczecin,Szczecin,zachodniopomorskie
70-222,Szczecin,Szczecin,Szczecin,zachodniopomorskie
71-622,Szczecin,Szczecin,Szczecin,zachodniopomorskie
71-666,Szczecin,Szczecin,Szczecin,zachodniopomorskie
70-701,Szczecin,Szczecin,Szczecin,zachodniopomorskie
71-752,Szczecin,Szczecin,Szczecin,zachodniopomorskie
71-751,Szczecin,Szczecin,Szczecin,zachodniopomorskie
71-377,Szczecin,Szczecin,Szczecin,zachodniopomorskie
70-104,Szczecin,Szczecin,Szczecin,zachodniopomorskie
70-663,Szczecin,Szczecin,Szczecin,zachodniopomorskie
71-081,Szczecin,Szczecin,Szczecin,zachodniopomorskie
71-788,Szczecin,Szczecin,Szczecin,zachodniopomorskie
70-420,Szczecin,Szczecin,Szczecin,zachodniopomorskie
70-422,Szczecin,Szczecin,Szczecin,zachodniopomorskie
70-460,Szczecin,Szczecin,Szczecin,zachodniopomorskie
70-462,Szczecin,Szczecin,Szczecin,zachodniopomorskie
70-463,Szczecin,Szczecin,Szczecin,zachodniopomorskie
70-461,Szczecin,Szczecin,Szczecin,zachodniopomorskie
70-423,Szczecin,Szczecin,Szczecin,zachodniopomorskie
70-421,Szczecin,Szczecin,Szczecin,zachodniopomorskie
71-157,Szczecin,Szczecin,Szczecin,zachodniopomorskie
71-728,Szczecin,Szczecin,Szczecin,zachodniopomorskie
70-549,Szczecin,Szczecin,Szczecin,zachodniopomorskie
71-242,Szczecin,Szczecin,Szczecin,zachodniopomorskie
70-527,Szczecin,Szczecin,Szczecin,zachodniopomorskie
71-635,Szczecin,Szczecin,Szczecin,zachodniopomorskie
71-632,Szczecin,Szczecin,Szczecin,zachodniopomorskie
71-626,Szczecin,Szczecin,Szczecin,zachodniopomorskie
71-003,Szczecin,Szczecin,Szczecin,zachodniopomorskie
71-745,Szczecin,Szczecin,Szczecin,zachodniopomorskie
70-356,Szczecin,Szczecin,Szczecin,zachodniopomorskie
70-357,Szczecin,Szczecin,Szczecin,zachodniopomorskie
70-360,Szczecin,Szczecin,Szczecin,zachodniopomorskie
70-361,Szczecin,Szczecin,Szczecin,zachodniopomorskie
71-222,Szczecin,Szczecin,Szczecin,zachodniopomorskie
70-205,Szczecin,Szczecin,Szczecin,zachodniopomorskie
71-490,Szczecin,Szczecin,Szczecin,zachodniopomorskie
71-776,Szczecin,Szczecin,Szczecin,zachodniopomorskie
71-739,Szczecin,Szczecin,Szczecin,zachodniopomorskie
71-740,Szczecin,Szczecin,Szczecin,zachodniopomorskie
71-342,Szczecin,Szczecin,Szczecin,zachodniopomorskie
71-769,Szczecin,Szczecin,Szczecin,zachodniopomorskie
71-251,Szczecin,Szczecin,Szczecin,zachodniopomorskie
70-115,Szczecin,Szczecin,Szczecin,zachodniopomorskie
71-110,Szczecin,Szczecin,Szczecin,zachodniopomorskie
71-111,Szczecin,Szczecin,Szczecin,zachodniopomorskie
71-112,Szczecin,Szczecin,Szczecin,zachodniopomorskie
71-214,Szczecin,Szczecin,Szczecin,zachodniopomorskie
70-003,Szczecin,Szczecin,Szczecin,zachodniopomorskie
70-230,Szczecin,Szczecin,Szczecin,zachodniopomorskie
70-234,Szczecin,Szczecin,Szczecin,zachodniopomorskie
71-815,Szczecin,Szczecin,Szczecin,zachodniopomorskie
71-772,Szczecin,Szczecin,Szczecin,zachodniopomorskie
71-785,Szczecin,Szczecin,Szczecin,zachodniopomorskie
70-879,Szczecin,Szczecin,Szczecin,zachodniopomorskie
71-326,Szczecin,Szczecin,Szczecin,zachodniopomorskie
70-355,Szczecin,Szczecin,Szczecin,zachodniopomorskie
70-607,Szczecin,Szczecin,Szczecin,zachodniopomorskie
70-784,Szczecin,Szczecin,Szczecin,zachodniopomorskie
71-320,Szczecin,Szczecin,Szczecin,zachodniopomorskie
70-800,Szczecin,Szczecin,Szczecin,zachodniopomorskie
70-002,Szczecin,Szczecin,Szczecin,zachodniopomorskie
70-257,Szczecin,Szczecin,Szczecin,zachodniopomorskie
71-277,Szczecin,Szczecin,Szczecin,zachodniopomorskie
71-663,Szczecin,Szczecin,Szczecin,zachodniopomorskie
70-322,Szczecin,Szczecin,Szczecin,zachodniopomorskie
71-391,Szczecin,Szczecin,Szczecin,zachodniopomorskie
70-853,Szczecin,Szczecin,Szczecin,zachodniopomorskie
71-607,Szczecin,Szczecin,Szczecin,zachodniopomorskie
71-625,Szczecin,Szczecin,Szczecin,zachodniopomorskie
71-478,Szczecin,Szczecin,Szczecin,zachodniopomorskie
71-467,Szczecin,Szczecin,Szczecin,zachodniopomorskie
71-174,Szczecin,Szczecin,Szczecin,zachodniopomorskie
70-426,Szczecin,Szczecin,Szczecin,zachodniopomorskie
70-442,Szczecin,Szczecin,Szczecin,zachodniopomorskie
71-013,Szczecin,Szczecin,Szczecin,zachodniopomorskie
71-202,Szczecin,Szczecin,Szczecin,zachodniopomorskie
71-180,Szczecin,Szczecin,Szczecin,zachodniopomorskie
71-561,Szczecin,Szczecin,Szczecin,zachodniopomorskie
71-715,Szczecin,Szczecin,Szczecin,zachodniopomorskie
71-276,Szczecin,Szczecin,Szczecin,zachodniopomorskie
70-878,Szczecin,Szczecin,Szczecin,zachodniopomorskie
71-345,Szczecin,Szczecin,Szczecin,zachodniopomorskie
70-419,Szczecin,Szczecin,Szczecin,zachodniopomorskie
71-562,Szczecin,Szczecin,Szczecin,zachodniopomorskie
71-203,Szczecin,Szczecin,Szczecin,zachodniopomorskie
71-501,Szczecin,Szczecin,Szczecin,zachodniopomorskie
70-525,Szczecin,Szczecin,Szczecin,zachodniopomorskie
71-262,Szczecin,Szczecin,Szczecin,zachodniopomorskie
71-223,Szczecin,Szczecin,Szczecin,zachodniopomorskie
71-750,Szczecin,Szczecin,Szczecin,zachodniopomorskie
70-736,Szczecin,Szczecin,Szczecin,zachodniopomorskie
71-471,Szczecin,Szczecin,Szczecin,zachodniopomorskie
71-653,Szczecin,Szczecin,Szczecin,zachodniopomorskie
71-677,Szczecin,Szczecin,Szczecin,zachodniopomorskie
71-676,Szczecin,Szczecin,Szczecin,zachodniopomorskie
70-132,Szczecin,Szczecin,Szczecin,zachodniopomorskie
70-204,Szczecin,Szczecin,Szczecin,zachodniopomorskie
70-604,Szczecin,Szczecin,Szczecin,zachodniopomorskie
70-537,Szczecin,Szczecin,Szczecin,zachodniopomorskie
70-702,Szczecin,Szczecin,Szczecin,zachodniopomorskie
70-542,Szczecin,Szczecin,Szczecin,zachodniopomorskie
71-547,Szczecin,Szczecin,Szczecin,zachodniopomorskie
71-341,Szczecin,Szczecin,Szczecin,zachodniopomorskie
70-232,Szczecin,Szczecin,Szczecin,zachodniopomorskie
70-873,Szczecin,Szczecin,Szczecin,zachodniopomorskie
71-082,Szczecin,Szczecin,Szczecin,zachodniopomorskie
71-113,Szczecin,Szczecin,Szczecin,zachodniopomorskie
71-083,Szczecin,Szczecin,Szczecin,zachodniopomorskie
71-777,Szczecin,Szczecin,Szczecin,zachodniopomorskie
71-630,Szczecin,Szczecin,Szczecin,zachodniopomorskie
71-464,Szczecin,Szczecin,Szczecin,zachodniopomorskie
71-713,Szczecin,Szczecin,Szczecin,zachodniopomorskie
71-375,Szczecin,Szczecin,Szczecin,zachodniopomorskie
71-331,Szczecin,Szczecin,Szczecin,zachodniopomorskie
71-311,Szczecin,Szczecin,Szczecin,zachodniopomorskie
70-016,Szczecin,Szczecin,Szczecin,zachodniopomorskie
70-323,Szczecin,Szczecin,Szczecin,zachodniopomorskie
70-313,Szczecin,Szczecin,Szczecin,zachodniopomorskie
71-072,Szczecin,Szczecin,Szczecin,zachodniopomorskie
71-422,Szczecin,Szczecin,Szczecin,zachodniopomorskie
71-423,Szczecin,Szczecin,Szczecin,zachodniopomorskie
70-487,Szczecin,Szczecin,Szczecin,zachodniopomorskie
70-640,Szczecin,Szczecin,Szczecin,zachodniopomorskie
71-332,Szczecin,Szczecin,Szczecin,zachodniopomorskie
71-874,Szczecin,Szczecin,Szczecin,zachodniopomorskie
71-606,Szczecin,Szczecin,Szczecin,zachodniopomorskie
71-796,Szczecin,Szczecin,Szczecin,zachodniopomorskie
71-434,Szczecin,Szczecin,Szczecin,zachodniopomorskie
71-463,Szczecin,Szczecin,Szczecin,zachodniopomorskie
70-826,Szczecin,Szczecin,Szczecin,zachodniopomorskie
70-026,Szczecin,Szczecin,Szczecin,zachodniopomorskie
71-323,Szczecin,Szczecin,Szczecin,zachodniopomorskie
71-179,Szczecin,Szczecin,Szczecin,zachodniopomorskie
71-181,Szczecin,Szczecin,Szczecin,zachodniopomorskie
70-396,Szczecin,Szczecin,Szczecin,zachodniopomorskie
71-475,Szczecin,Szczecin,Szczecin,zachodniopomorskie
71-468,Szczecin,Szczecin,Szczecin,zachodniopomorskie
70-236,Szczecin,Szczecin,Szczecin,zachodniopomorskie
70-632,Szczecin,Szczecin,Szczecin,zachodniopomorskie
70-723,Szczecin,Szczecin,Szczecin,zachodniopomorskie
71-452,Szczecin,Szczecin,Szczecin,zachodniopomorskie
70-393,Szczecin,Szczecin,Szczecin,zachodniopomorskie
71-149,Szczecin,Szczecin,Szczecin,zachodniopomorskie
71-646,Szczecin,Szczecin,Szczecin,zachodniopomorskie
71-647,Szczecin,Szczecin,Szczecin,zachodniopomorskie
70-394,Szczecin,Szczecin,Szczecin,zachodniopomorskie
70-112,Szczecin,Szczecin,Szczecin,zachodniopomorskie
70-561,Szczecin,Szczecin,Szczecin,zachodniopomorskie
70-506,Szczecin,Szczecin,Szczecin,zachodniopomorskie
71-515,Szczecin,Szczecin,Szczecin,zachodniopomorskie
71-672,Szczecin,Szczecin,Szczecin,zachodniopomorskie
70-207,Szczecin,Szczecin,Szczecin,zachodniopomorskie
70-223,Szczecin,Szczecin,Szczecin,zachodniopomorskie
71-306,Szczecin,Szczecin,Szczecin,zachodniopomorskie
71-868,Szczecin,Szczecin,Szczecin,zachodniopomorskie
71-869,Szczecin,Szczecin,Szczecin,zachodniopomorskie
71-870,Szczecin,Szczecin,Szczecin,zachodniopomorskie
71-873,Szczecin,Szczecin,Szczecin,zachodniopomorskie
70-004,Szczecin,Szczecin,Szczecin,zachodniopomorskie
71-730,Szczecin,Szczecin,Szczecin,zachodniopomorskie
70-381,Szczecin,Szczecin,Szczecin,zachodniopomorskie
71-714,Szczecin,Szczecin,Szczecin,zachodniopomorskie
71-173,Szczecin,Szczecin,Szczecin,zachodniopomorskie
71-138,Szczecin,Szczecin,Szczecin,zachodniopomorskie
71-129,Szczecin,Szczecin,Szczecin,zachodniopomorskie
70-674,Szczecin,Szczecin,Szczecin,zachodniopomorskie
71-245,Szczecin,Szczecin,Szczecin,zachodniopomorskie
70-743,Szczecin,Szczecin,Szczecin,zachodniopomorskie
71-604,Szczecin,Szczecin,Szczecin,zachodniopomorskie
70-010,Szczecin,Szczecin,Szczecin,zachodniopomorskie
71-786,Szczecin,Szczecin,Szczecin,zachodniopomorskie
70-503,Szczecin,Szczecin,Szczecin,zachodniopomorskie
70-116,Szczecin,Szczecin,Szczecin,zachodniopomorskie
71-062,Szczecin,Szczecin,Szczecin,zachodniopomorskie
71-416,Szczecin,Szczecin,Szczecin,zachodniopomorskie
71-482,Szczecin,Szczecin,Szczecin,zachodniopomorskie
70-352,Szczecin,Szczecin,Szczecin,zachodniopomorskie
70-353,Szczecin,Szczecin,Szczecin,zachodniopomorskie
70-354,Szczecin,Szczecin,Szczecin,zachodniopomorskie
70-430,Szczecin,Szczecin,Szczecin,zachodniopomorskie
70-431,Szczecin,Szczecin,Szczecin,zachodniopomorskie
70-432,Szczecin,Szczecin,Szczecin,zachodniopomorskie
70-434,Szczecin,Szczecin,Szczecin,zachodniopomorskie
70-433,Szczecin,Szczecin,Szczecin,zachodniopomorskie
70-224,Szczecin,Szczecin,Szczecin,zachodniopomorskie
71-812,Szczecin,Szczecin,Szczecin,zachodniopomorskie
70-493,Szczecin,Szczecin,Szczecin,zachodniopomorskie
70-712,Szczecin,Szczecin,Szczecin,zachodniopomorskie
71-226,Szczecin,Szczecin,Szczecin,zachodniopomorskie
71-498,Szczecin,Szczecin,Szczecin,zachodniopomorskie
70-521,Szczecin,Szczecin,Szczecin,zachodniopomorskie
71-726,Szczecin,Szczecin,Szczecin,zachodniopomorskie
71-727,Szczecin,Szczecin,Szczecin,zachodniopomorskie
71-486,Szczecin,Szczecin,Szczecin,zachodniopomorskie
71-115,Szczecin,Szczecin,Szczecin,zachodniopomorskie
71-723,Szczecin,Szczecin,Szczecin,zachodniopomorskie
70-798,Szczecin,Szczecin,Szczecin,zachodniopomorskie
71-299,Szczecin,Szczecin,Szczecin,zachodniopomorskie
70-030,Szczecin,Szczecin,Szczecin,zachodniopomorskie
70-387,Szczecin,Szczecin,Szczecin,zachodniopomorskie
70-634,Szczecin,Szczecin,Szczecin,zachodniopomorskie
70-796,Szczecin,Szczecin,Szczecin,zachodniopomorskie
71-474,Szczecin,Szczecin,Szczecin,zachodniopomorskie
70-850,Szczecin,Szczecin,Szczecin,zachodniopomorskie
71-405,Szczecin,Szczecin,Szczecin,zachodniopomorskie
71-823,Szczecin,Szczecin,Szczecin,zachodniopomorskie
70-556,Szczecin,Szczecin,Szczecin,zachodniopomorskie
71-671,Szczecin,Szczecin,Szczecin,zachodniopomorskie
70-716,Szczecin,Szczecin,Szczecin,zachodniopomorskie
70-623,Szczecin,Szczecin,Szczecin,zachodniopomorskie
70-715,Szczecin,Szczecin,Szczecin,zachodniopomorskie
71-314,Szczecin,Szczecin,Szczecin,zachodniopomorskie
71-300,Szczecin,Szczecin,Szczecin,zachodniopomorskie
71-303,Szczecin,Szczecin,Szczecin,zachodniopomorskie
71-426,Szczecin,Szczecin,Szczecin,zachodniopomorskie
71-100,Szczecin,Szczecin,Szczecin,zachodniopomorskie
70-320,Szczecin,Szczecin,Szczecin,zachodniopomorskie
71-336,Szczecin,Szczecin,Szczecin,zachodniopomorskie
71-252,Szczecin,Szczecin,Szczecin,zachodniopomorskie
71-402,Szczecin,Szczecin,Szczecin,zachodniopomorskie
71-413,Szczecin,Szczecin,Szczecin,zachodniopomorskie
71-496,Szczecin,Szczecin,Szczecin,zachodniopomorskie
71-392,Szczecin,Szczecin,Szczecin,zachodniopomorskie
70-724,Szczecin,Szczecin,Szczecin,zachodniopomorskie
71-294,Szczecin,Szczecin,Szczecin,zachodniopomorskie
70-500,Szczecin,Szczecin,Szczecin,zachodniopomorskie
70-502,Szczecin,Szczecin,Szczecin,zachodniopomorskie
71-134,Szczecin,Szczecin,Szczecin,zachodniopomorskie
71-842,Szczecin,Szczecin,Szczecin,zachodniopomorskie
71-316,Szczecin,Szczecin,Szczecin,zachodniopomorskie
71-310,Szczecin,Szczecin,Szczecin,zachodniopomorskie
70-505,Szczecin,Szczecin,Szczecin,zachodniopomorskie
70-392,Szczecin,Szczecin,Szczecin,zachodniopomorskie
71-407,Szczecin,Szczecin,Szczecin,zachodniopomorskie
71-415,Szczecin,Szczecin,Szczecin,zachodniopomorskie
70-771,Szczecin,Szczecin,Szczecin,zachodniopomorskie
71-716,Szczecin,Szczecin,Szczecin,zachodniopomorskie
71-240,Szczecin,Szczecin,Szczecin,zachodniopomorskie
70-836,Szczecin,Szczecin,Szczecin,zachodniopomorskie
70-667,Szczecin,Szczecin,Szczecin,zachodniopomorskie
71-718,Szczecin,Szczecin,Szczecin,zachodniopomorskie
70-621,Szczecin,Szczecin,Szczecin,zachodniopomorskie
70-450,Szczecin,Szczecin,Szczecin,zachodniopomorskie
70-451,Szczecin,Szczecin,Szczecin,zachodniopomorskie
71-142,Szczecin,Szczecin,Szczecin,zachodniopomorskie
71-144,Szczecin,Szczecin,Szczecin,zachodniopomorskie
71-130,Szczecin,Szczecin,Szczecin,zachodniopomorskie
71-025,Szczecin,Szczecin,Szczecin,zachodniopomorskie
70-411,Szczecin,Szczecin,Szczecin,zachodniopomorskie
71-660,Szczecin,Szczecin,Szczecin,zachodniopomorskie
71-063,Szczecin,Szczecin,Szczecin,zachodniopomorskie
71-650,Szczecin,Szczecin,Szczecin,zachodniopomorskie
71-721,Szczecin,Szczecin,Szczecin,zachodniopomorskie
71-121,Szczecin,Szczecin,Szczecin,zachodniopomorskie
71-177,Szczecin,Szczecin,Szczecin,zachodniopomorskie
71-122,Szczecin,Szczecin,Szczecin,zachodniopomorskie
71-123,Szczecin,Szczecin,Szczecin,zachodniopomorskie
71-124,Szczecin,Szczecin,Szczecin,zachodniopomorskie
71-841,Szczecin,Szczecin,Szczecin,zachodniopomorskie
70-651,Szczecin,Szczecin,Szczecin,zachodniopomorskie
70-260,Szczecin,Szczecin,Szczecin,zachodniopomorskie
70-254,Szczecin,Szczecin,Szczecin,zachodniopomorskie
70-255,Szczecin,Szczecin,Szczecin,zachodniopomorskie
70-256,Szczecin,Szczecin,Szczecin,zachodniopomorskie
71-175,Szczecin,Szczecin,Szczecin,zachodniopomorskie
70-021,Szczecin,Szczecin,Szczecin,zachodniopomorskie
70-720,Szczecin,Szczecin,Szczecin,zachodniopomorskie
71-393,Szczecin,Szczecin,Szczecin,zachodniopomorskie
70-410,Szczecin,Szczecin,Szczecin,zachodniopomorskie
71-476,Szczecin,Szczecin,Szczecin,zachodniopomorskie
70-881,Szczecin,Szczecin,Szczecin,zachodniopomorskie
70-748,Szczecin,Szczecin,Szczecin,zachodniopomorskie
71-695,Szczecin,Szczecin,Szczecin,zachodniopomorskie
71-131,Szczecin,Szczecin,Szczecin,zachodniopomorskie
71-137,Szczecin,Szczecin,Szczecin,zachodniopomorskie
70-732,Szczecin,Szczecin,Szczecin,zachodniopomorskie
71-255,Szczecin,Szczecin,Szczecin,zachodniopomorskie
70-005,Szczecin,Szczecin,Szczecin,zachodniopomorskie
70-497,Szczecin,Szczecin,Szczecin,zachodniopomorskie
70-200,Szczecin,Szczecin,Szczecin,zachodniopomorskie
70-201,Szczecin,Szczecin,Szczecin,zachodniopomorskie
70-202,Szczecin,Szczecin,Szczecin,zachodniopomorskie
70-203,Szczecin,Szczecin,Szczecin,zachodniopomorskie
71-433,Szczecin,Szczecin,Szczecin,zachodniopomorskie
70-007,Szczecin,Szczecin,Szczecin,zachodniopomorskie
71-454,Szczecin,Szczecin,Szczecin,zachodniopomorskie
71-451,Szczecin,Szczecin,Szczecin,zachodniopomorskie
70-495,Szczecin,Szczecin,Szczecin,zachodniopomorskie
70-617,Szczecin,Szczecin,Szczecin,zachodniopomorskie
71-830,Szczecin,Szczecin,Szczecin,zachodniopomorskie
71-444,Szczecin,Szczecin,Szczecin,zachodniopomorskie
71-161,Szczecin,Szczecin,Szczecin,zachodniopomorskie
70-033,Szczecin,Szczecin,Szczecin,zachodniopomorskie
70-665,Szczecin,Szczecin,Szczecin,zachodniopomorskie
70-883,Szczecin,Szczecin,Szczecin,zachodniopomorskie
70-212,Szczecin,Szczecin,Szczecin,zachodniopomorskie
70-653,Szczecin,Szczecin,Szczecin,zachodniopomorskie
71-481,Szczecin,Szczecin,Szczecin,zachodniopomorskie
70-472,Szczecin,Szczecin,Szczecin,zachodniopomorskie
71-697,Szczecin,Szczecin,Szczecin,zachodniopomorskie
71-281,Szczecin,Szczecin,Szczecin,zachodniopomorskie
71-789,Szczecin,Szczecin,Szczecin,zachodniopomorskie
70-794,Szczecin,Szczecin,Szczecin,zachodniopomorskie
70-233,Szczecin,Szczecin,Szczecin,zachodniopomorskie
70-504,Szczecin,Szczecin,Szczecin,zachodniopomorskie
71-756,Szczecin,Szczecin,Szczecin,zachodniopomorskie
71-818,Szczecin,Szczecin,Szczecin,zachodniopomorskie
71-210,Szczecin,Szczecin,Szczecin,zachodniopomorskie
70-551,Szczecin,Szczecin,Szczecin,zachodniopomorskie
70-345,Szczecin,Szczecin,Szczecin,zachodniopomorskie
70-346,Szczecin,Szczecin,Szczecin,zachodniopomorskie
71-617,Szczecin,Szczecin,Szczecin,zachodniopomorskie
71-440,Szczecin,Szczecin,Szczecin,zachodniopomorskie
71-176,Szczecin,Szczecin,Szczecin,zachodniopomorskie
71-387,Szczecin,Szczecin,Szczecin,zachodniopomorskie
46-042,Szczedrzyk,Ozimek,opolski,opolskie
43-370,Szczyrk,Szczyrk,bielski,śląskie
57-330,Szczytna,Szczytna,kłodzki,dolnośląskie
38-246,Szerzyny,Szerzyny,tarnowski,małopolskie
58-580,Szklarska,Poręba,karkonoski,dolnośląskie
39-126,Szkodna,Małopolski,ropczycko-,podkarpackie
78-611,Szwecja,Wałcz,wałecki,zachodniopomorskie
33-158,Szynwałd,Skrzyszów,tarnowski,małopolskie
58-534,Ścięgny,Podgórzyn,karkonoski,dolnośląskie
57-410,Ścinawka,Radków,kłodzki,dolnośląskie
64-032,Śniaty,Wielichowo,grodziski,wielkopolskie
58-105,Świdnica,Świdnica,świdnicki,dolnośląskie
44-266,Świerklany,Świerklany,rybnicki,śląskie
41-600,Świętochłowice,Świętochłowice,Świętochłowice,śląskie
41-608,Świętochłowice,Świętochłowice,Świętochłowice,śląskie
41-605,Świętochłowice,Świętochłowice,Świętochłowice,śląskie
59-726,Świętoszów,Osiecznica,bolesławiecki,dolnośląskie
36-072,Świlcza,Świlcza,rzeszowski,podkarpackie
72-600,Świnoujście,Świnoujście,Świnoujście,zachodniopomorskie
32-741,Tarnawa,Łapanów,bocheński,małopolskie
42-606,Tarnowskie,Góry,tarnogórski,śląskie
42-600,Tarnowskie,Góry,tarnogórski,śląskie
42-680,Tarnowskie,Góry,tarnogórski,śląskie
42-609,Tarnowskie,Góry,tarnogórski,śląskie
42-612,Tarnowskie,Góry,tarnogórski,śląskie
42-605,Tarnowskie,Góry,tarnogórski,śląskie
42-603,Tarnowskie,Góry,tarnogórski,śląskie
57-408,Tłumaczów,Radków,kłodzki,dolnośląskie
21-564,Tłuściec,Podlaski,bialski,lubelskie
89-405,Toboła,Krajeńskie,sępoleński,kujawsko-pomorskie
32-436,Tokarnia,Tokarnia,myślenicki,małopolskie
87-100,Toruń,Toruń,Toruń,kujawsko-pomorskie
59-707,Trzebień,Bolesławiec,bolesławiecki,dolnośląskie
34-330,Trzebinia,Świnna,żywiecki,śląskie
66-445,Trzebiszewo,Skwierzyna,międzyrzecki,lubuskie
32-438,Trzebunia,Pcim,myślenicki,małopolskie
69-213,Trzemeszno,Sulęcin,sulęciński,lubuskie
36-106,Trzęsówka,Cmolas,kolbuszowski,podkarpackie
33-167,Turza,Strzyżewski,tarnowski,małopolskie
06-544,Turza,Kościelny,mławski,mazowieckie
44-351,Turza,Gorzyce,wodzisławski,śląskie
32-863,Tworkowa,Czchów,brzeski,małopolskie
76-123,Tychowo,Sławno,sławieński,zachodniopomorskie
78-321,Tychówko,Połczyn-Zdrój,świdwiński,zachodniopomorskie
43-100,Tychy,Tychy,Tychy,śląskie
43-110,Tychy,Tychy,Tychy,śląskie
43-109,Tychy,Tychy,Tychy,śląskie
34-451,Tylmanowa,Dolna,nowotarski,małopolskie
76-035,Tymień,Będzino,koszaliński,zachodniopomorskie
87-521,Ugoszcz,Brzuze,rypiński,kujawsko-pomorskie
87-506,Urszulewo,Skrwilno,rypiński,kujawsko-pomorskie
43-450,Ustroń,Ustroń,cieszyński,śląskie
10-373,Wadąg,Dywity,olsztyński,warmińsko-mazurskie
42-151,Waleńczów,Opatów,kłobucki,śląskie
58-304,Wałbrzych,Wałbrzych,Wałbrzych,dolnośląskie
58-300,Wałbrzych,Wałbrzych,Wałbrzych,dolnośląskie
58-305,Wałbrzych,Wałbrzych,Wałbrzych,dolnośląskie
58-302,Wałbrzych,Wałbrzych,Wałbrzych,dolnośląskie
58-301,Wałbrzych,Wałbrzych,Wałbrzych,dolnośląskie
58-306,Wałbrzych,Wałbrzych,Wałbrzych,dolnośląskie
58-316,Wałbrzych,Wałbrzych,Wałbrzych,dolnośląskie
58-303,Wałbrzych,Wałbrzych,Wałbrzych,dolnośląskie
58-307,Wałbrzych,Wałbrzych,Wałbrzych,dolnośląskie
58-309,Wałbrzych,Wałbrzych,Wałbrzych,dolnośląskie
63-227,,58-300,Wałbrzych,Niska
33-133,Wał-Ruda,Radłów,tarnowski,małopolskie
03-129,Warszawa,Warszawa,Warszawa,mazowieckie
04-144,Warszawa,Warszawa,Warszawa,mazowieckie
02-495,Warszawa,Warszawa,Warszawa,mazowieckie
00-401,Warszawa,Warszawa,Warszawa,mazowieckie
00-391,Warszawa,Warszawa,Warszawa,mazowieckie
00-381,Warszawa,Warszawa,Warszawa,mazowieckie
01-972,Warszawa,Warszawa,Warszawa,mazowieckie
03-982,Warszawa,Warszawa,Warszawa,mazowieckie
02-659,Warszawa,Warszawa,Warszawa,mazowieckie
02-669,Warszawa,Warszawa,Warszawa,mazowieckie
02-874,Warszawa,Warszawa,Warszawa,mazowieckie
03-913,Warszawa,Warszawa,Warszawa,mazowieckie
00-910,Warszawa,Warszawa,Warszawa,mazowieckie
02-761,Warszawa,Warszawa,Warszawa,mazowieckie
01-497,Warszawa,Warszawa,Warszawa,mazowieckie
03-966,Warszawa,Warszawa,Warszawa,mazowieckie
03-680,Warszawa,Warszawa,Warszawa,mazowieckie
05-077,Warszawa,Warszawa,Warszawa,mazowieckie
02-882,Warszawa,Warszawa,Warszawa,mazowieckie
01-158,Warszawa,Warszawa,Warszawa,mazowieckie
03-663,Warszawa,Warszawa,Warszawa,mazowieckie
04-269,Warszawa,Warszawa,Warszawa,mazowieckie
04-847,Warszawa,Warszawa,Warszawa,mazowieckie
00-460,Warszawa,Warszawa,Warszawa,mazowieckie
00-710,Warszawa,Warszawa,Warszawa,mazowieckie
00-712,Warszawa,Warszawa,Warszawa,mazowieckie
02-534,Warszawa,Warszawa,Warszawa,mazowieckie
05-075,Warszawa,Warszawa,Warszawa,mazowieckie
02-038,Warszawa,Warszawa,Warszawa,mazowieckie
01-491,Warszawa,Warszawa,Warszawa,mazowieckie
01-937,Warszawa,Warszawa,Warszawa,mazowieckie
02-760,Warszawa,Warszawa,Warszawa,mazowieckie
02-747,Warszawa,Warszawa,Warszawa,mazowieckie
02-287,Warszawa,Warszawa,Warszawa,mazowieckie
02-488,Warszawa,Warszawa,Warszawa,mazowieckie
02-860,Warszawa,Warszawa,Warszawa,mazowieckie
04-517,Warszawa,Warszawa,Warszawa,mazowieckie
04-542,Warszawa,Warszawa,Warszawa,mazowieckie
02-806,Warszawa,Warszawa,Warszawa,mazowieckie
02-591,Warszawa,Warszawa,Warszawa,mazowieckie
03-928,Warszawa,Warszawa,Warszawa,mazowieckie
03-822,Warszawa,Warszawa,Warszawa,mazowieckie
00-713,Warszawa,Warszawa,Warszawa,mazowieckie
01-005,Warszawa,Warszawa,Warszawa,mazowieckie
03-411,Warszawa,Warszawa,Warszawa,mazowieckie
00-459,Warszawa,Warszawa,Warszawa,mazowieckie
02-064,Warszawa,Warszawa,Warszawa,mazowieckie
02-700,Warszawa,Warszawa,Warszawa,mazowieckie
00-422,Warszawa,Warszawa,Warszawa,mazowieckie
02-956,Warszawa,Warszawa,Warszawa,mazowieckie
02-915,Warszawa,Warszawa,Warszawa,mazowieckie
04-825,Warszawa,Warszawa,Warszawa,mazowieckie
03-977,Warszawa,Warszawa,Warszawa,mazowieckie
01-914,Warszawa,Warszawa,Warszawa,mazowieckie
04-628,Warszawa,Warszawa,Warszawa,mazowieckie
02-775,Warszawa,Warszawa,Warszawa,mazowieckie
02-386,Warszawa,Warszawa,Warszawa,mazowieckie
03-149,Warszawa,Warszawa,Warszawa,mazowieckie
03-972,Warszawa,Warszawa,Warszawa,mazowieckie
04-474,Warszawa,Warszawa,Warszawa,mazowieckie
03-599,Warszawa,Warszawa,Warszawa,mazowieckie
03-013,Warszawa,Warszawa,Warszawa,mazowieckie
03-675,Warszawa,Warszawa,Warszawa,mazowieckie
02-991,Warszawa,Warszawa,Warszawa,mazowieckie
02-776,Warszawa,Warszawa,Warszawa,mazowieckie
02-211,Warszawa,Warszawa,Warszawa,mazowieckie
00-711,Warszawa,Warszawa,Warszawa,mazowieckie
00-147,Warszawa,Warszawa,Warszawa,mazowieckie
00-243,Warszawa,Warszawa,Warszawa,mazowieckie
00-201,Warszawa,Warszawa,Warszawa,mazowieckie
00-159,Warszawa,Warszawa,Warszawa,mazowieckie
00-210,Warszawa,Warszawa,Warszawa,mazowieckie
01-911,Warszawa,Warszawa,Warszawa,mazowieckie
01-893,Warszawa,Warszawa,Warszawa,mazowieckie
01-494,Warszawa,Warszawa,Warszawa,mazowieckie
01-934,Warszawa,Warszawa,Warszawa,mazowieckie
02-969,Warszawa,Warszawa,Warszawa,mazowieckie
01-447,Warszawa,Warszawa,Warszawa,mazowieckie
02-312,Warszawa,Warszawa,Warszawa,mazowieckie
01-493,Warszawa,Warszawa,Warszawa,mazowieckie
03-106,Warszawa,Warszawa,Warszawa,mazowieckie
04-798,Warszawa,Warszawa,Warszawa,mazowieckie
03-264,Warszawa,Warszawa,Warszawa,mazowieckie
00-157,Warszawa,Warszawa,Warszawa,mazowieckie
00-161,Warszawa,Warszawa,Warszawa,mazowieckie
00-167,Warszawa,Warszawa,Warszawa,mazowieckie
01-032,Warszawa,Warszawa,Warszawa,mazowieckie
01-026,Warszawa,Warszawa,Warszawa,mazowieckie
01-052,Warszawa,Warszawa,Warszawa,mazowieckie
01-057,Warszawa,Warszawa,Warszawa,mazowieckie
01-060,Warszawa,Warszawa,Warszawa,mazowieckie
03-153,Warszawa,Warszawa,Warszawa,mazowieckie
03-236,Warszawa,Warszawa,Warszawa,mazowieckie
01-989,Warszawa,Warszawa,Warszawa,mazowieckie
03-866,Warszawa,Warszawa,Warszawa,mazowieckie
03-126,Warszawa,Warszawa,Warszawa,mazowieckie
04-656,Warszawa,Warszawa,Warszawa,mazowieckie
01-107,Warszawa,Warszawa,Warszawa,mazowieckie
02-977,Warszawa,Warszawa,Warszawa,mazowieckie
01-962,Warszawa,Warszawa,Warszawa,mazowieckie
03-642,Warszawa,Warszawa,Warszawa,mazowieckie
02-768,Warszawa,Warszawa,Warszawa,mazowieckie
02-075,Warszawa,Warszawa,Warszawa,mazowieckie
04-367,Warszawa,Warszawa,Warszawa,mazowieckie
02-797,Warszawa,Warszawa,Warszawa,mazowieckie
02-184,Warszawa,Warszawa,Warszawa,mazowieckie
01-481,Warszawa,Warszawa,Warszawa,mazowieckie
02-395,Warszawa,Warszawa,Warszawa,mazowieckie
02-103,Warszawa,Warszawa,Warszawa,mazowieckie
01-483,Warszawa,Warszawa,Warszawa,mazowieckie
02-784,Warszawa,Warszawa,Warszawa,mazowieckie
03-952,Warszawa,Warszawa,Warszawa,mazowieckie
04-998,Warszawa,Warszawa,Warszawa,mazowieckie
01-473,Warszawa,Warszawa,Warszawa,mazowieckie
03-009,Warszawa,Warszawa,Warszawa,mazowieckie
04-763,Warszawa,Warszawa,Warszawa,mazowieckie
01-246,Warszawa,Warszawa,Warszawa,mazowieckie
01-783,Warszawa,Warszawa,Warszawa,mazowieckie
00-575,Warszawa,Warszawa,Warszawa,mazowieckie
00-571,Warszawa,Warszawa,Warszawa,mazowieckie
00-638,Warszawa,Warszawa,Warszawa,mazowieckie
00-632,Warszawa,Warszawa,Warszawa,mazowieckie
00-637,Warszawa,Warszawa,Warszawa,mazowieckie
00-609,Warszawa,Warszawa,Warszawa,mazowieckie
00-605,Warszawa,Warszawa,Warszawa,mazowieckie
04-903,Warszawa,Warszawa,Warszawa,mazowieckie
03-289,Warszawa,Warszawa,Warszawa,mazowieckie
01-981,Warszawa,Warszawa,Warszawa,mazowieckie
04-476,Warszawa,Warszawa,Warszawa,mazowieckie
03-610,Warszawa,Warszawa,Warszawa,mazowieckie
02-025,Warszawa,Warszawa,Warszawa,mazowieckie
03-276,Warszawa,Warszawa,Warszawa,mazowieckie
02-787,Warszawa,Warszawa,Warszawa,mazowieckie
04-817,Warszawa,Warszawa,Warszawa,mazowieckie
02-527,Warszawa,Warszawa,Warszawa,mazowieckie
03-580,Warszawa,Warszawa,Warszawa,mazowieckie
02-028,Warszawa,Warszawa,Warszawa,mazowieckie
01-904,Warszawa,Warszawa,Warszawa,mazowieckie
02-154,Warszawa,Warszawa,Warszawa,mazowieckie
01-450,Warszawa,Warszawa,Warszawa,mazowieckie
03-287,Warszawa,Warszawa,Warszawa,mazowieckie
04-814,Warszawa,Warszawa,Warszawa,mazowieckie
03-978,Warszawa,Warszawa,Warszawa,mazowieckie
02-437,Warszawa,Warszawa,Warszawa,mazowieckie
02-798,Warszawa,Warszawa,Warszawa,mazowieckie
02-981,Warszawa,Warszawa,Warszawa,mazowieckie
04-644,Warszawa,Warszawa,Warszawa,mazowieckie
04-629,Warszawa,Warszawa,Warszawa,mazowieckie
04-539,Warszawa,Warszawa,Warszawa,mazowieckie
01-804,Warszawa,Warszawa,Warszawa,mazowieckie
04-257,Warszawa,Warszawa,Warszawa,mazowieckie
01-466,Warszawa,Warszawa,Warszawa,mazowieckie
01-464,Warszawa,Warszawa,Warszawa,mazowieckie
02-647,Warszawa,Warszawa,Warszawa,mazowieckie
00-591,Warszawa,Warszawa,Warszawa,mazowieckie
02-786,Warszawa,Warszawa,Warszawa,mazowieckie
02-743,Warszawa,Warszawa,Warszawa,mazowieckie
01-966,Warszawa,Warszawa,Warszawa,mazowieckie
00-036,Warszawa,Warszawa,Warszawa,mazowieckie
00-752,Warszawa,Warszawa,Warszawa,mazowieckie
02-484,Warszawa,Warszawa,Warszawa,mazowieckie
02-236,Warszawa,Warszawa,Warszawa,mazowieckie
00-585,Warszawa,Warszawa,Warszawa,mazowieckie
02-651,Warszawa,Warszawa,Warszawa,mazowieckie
00-112,Warszawa,Warszawa,Warszawa,mazowieckie
03-681,Warszawa,Warszawa,Warszawa,mazowieckie
04-861,Warszawa,Warszawa,Warszawa,mazowieckie
04-855,Warszawa,Warszawa,Warszawa,mazowieckie
03-963,Warszawa,Warszawa,Warszawa,mazowieckie
02-212,Warszawa,Warszawa,Warszawa,mazowieckie
04-222,Warszawa,Warszawa,Warszawa,mazowieckie
01-944,Warszawa,Warszawa,Warszawa,mazowieckie
02-867,Warszawa,Warszawa,Warszawa,mazowieckie
02-132,Warszawa,Warszawa,Warszawa,mazowieckie
02-140,Warszawa,Warszawa,Warszawa,mazowieckie
03-329,Warszawa,Warszawa,Warszawa,mazowieckie
02-553,Warszawa,Warszawa,Warszawa,mazowieckie
02-793,Warszawa,Warszawa,Warszawa,mazowieckie
02-635,Warszawa,Warszawa,Warszawa,mazowieckie
01-104,Warszawa,Warszawa,Warszawa,mazowieckie
01-917,Warszawa,Warszawa,Warszawa,mazowieckie
03-237,Warszawa,Warszawa,Warszawa,mazowieckie
02-557,Warszawa,Warszawa,Warszawa,mazowieckie
02-604,Warszawa,Warszawa,Warszawa,mazowieckie
04-914,Warszawa,Warszawa,Warszawa,mazowieckie
02-097,Warszawa,Warszawa,Warszawa,mazowieckie
00-705,Warszawa,Warszawa,Warszawa,mazowieckie
01-164,Warszawa,Warszawa,Warszawa,mazowieckie
00-767,Warszawa,Warszawa,Warszawa,mazowieckie
00-736,Warszawa,Warszawa,Warszawa,mazowieckie
00-139,Warszawa,Warszawa,Warszawa,mazowieckie
00-095,Warszawa,Warszawa,Warszawa,mazowieckie
00-142,Warszawa,Warszawa,Warszawa,mazowieckie
00-091,Warszawa,Warszawa,Warszawa,mazowieckie
00-686,Warszawa,Warszawa,Warszawa,mazowieckie
04-511,Warszawa,Warszawa,Warszawa,mazowieckie
02-762,Warszawa,Warszawa,Warszawa,mazowieckie
04-902,Warszawa,Warszawa,Warszawa,mazowieckie
01-807,Warszawa,Warszawa,Warszawa,mazowieckie
01-839,Warszawa,Warszawa,Warszawa,mazowieckie
04-957,Warszawa,Warszawa,Warszawa,mazowieckie
03-888,Warszawa,Warszawa,Warszawa,mazowieckie
03-141,Warszawa,Warszawa,Warszawa,mazowieckie
03-543,Warszawa,Warszawa,Warszawa,mazowieckie
04-491,Warszawa,Warszawa,Warszawa,mazowieckie
00-237,Warszawa,Warszawa,Warszawa,mazowieckie
01-190,Warszawa,Warszawa,Warszawa,mazowieckie
02-315,Warszawa,Warszawa,Warszawa,mazowieckie
01-654,Warszawa,Warszawa,Warszawa,mazowieckie
03-142,Warszawa,Warszawa,Warszawa,mazowieckie
02-683,Warszawa,Warszawa,Warszawa,mazowieckie
03-358,Warszawa,Warszawa,Warszawa,mazowieckie
00-337,Warszawa,Warszawa,Warszawa,mazowieckie
04-923,Warszawa,Warszawa,Warszawa,mazowieckie
00-716,Warszawa,Warszawa,Warszawa,mazowieckie
04-730,Warszawa,Warszawa,Warszawa,mazowieckie
02-780,Warszawa,Warszawa,Warszawa,mazowieckie
04-339,Warszawa,Warszawa,Warszawa,mazowieckie
03-383,Warszawa,Warszawa,Warszawa,mazowieckie
03-036,Warszawa,Warszawa,Warszawa,mazowieckie
02-829,Warszawa,Warszawa,Warszawa,mazowieckie
02-160,Warszawa,Warszawa,Warszawa,mazowieckie
02-349,Warszawa,Warszawa,Warszawa,mazowieckie
01-374,Warszawa,Warszawa,Warszawa,mazowieckie
01-306,Warszawa,Warszawa,Warszawa,mazowieckie
01-308,Warszawa,Warszawa,Warszawa,mazowieckie
01-305,Warszawa,Warszawa,Warszawa,mazowieckie
01-307,Warszawa,Warszawa,Warszawa,mazowieckie
02-908,Warszawa,Warszawa,Warszawa,mazowieckie
01-120,Warszawa,Warszawa,Warszawa,mazowieckie
01-118,Warszawa,Warszawa,Warszawa,mazowieckie
01-406,Warszawa,Warszawa,Warszawa,mazowieckie
02-482,Warszawa,Warszawa,Warszawa,mazowieckie
01-130,Warszawa,Warszawa,Warszawa,mazowieckie
01-122,Warszawa,Warszawa,Warszawa,mazowieckie
01-366,Warszawa,Warszawa,Warszawa,mazowieckie
03-308,Warszawa,Warszawa,Warszawa,mazowieckie
02-835,Warszawa,Warszawa,Warszawa,mazowieckie
01-487,Warszawa,Warszawa,Warszawa,mazowieckie
03-203,Warszawa,Warszawa,Warszawa,mazowieckie
02-995,Warszawa,Warszawa,Warszawa,mazowieckie
02-892,Warszawa,Warszawa,Warszawa,mazowieckie
03-874,Warszawa,Warszawa,Warszawa,mazowieckie
00-310,Warszawa,Warszawa,Warszawa,mazowieckie
00-321,Warszawa,Warszawa,Warszawa,mazowieckie
04-550,Warszawa,Warszawa,Warszawa,mazowieckie
02-803,Warszawa,Warszawa,Warszawa,mazowieckie
03-184,Warszawa,Warszawa,Warszawa,mazowieckie
02-511,Warszawa,Warszawa,Warszawa,mazowieckie
04-481,Warszawa,Warszawa,Warszawa,mazowieckie
01-022,Warszawa,Warszawa,Warszawa,mazowieckie
00-761,Warszawa,Warszawa,Warszawa,mazowieckie
00-762,Warszawa,Warszawa,Warszawa,mazowieckie
00-594,Warszawa,Warszawa,Warszawa,mazowieckie
04-028,Warszawa,Warszawa,Warszawa,mazowieckie
02-695,Warszawa,Warszawa,Warszawa,mazowieckie
02-638,Warszawa,Warszawa,Warszawa,mazowieckie
04-134,Warszawa,Warszawa,Warszawa,mazowieckie
01-245,Warszawa,Warszawa,Warszawa,mazowieckie
01-244,Warszawa,Warszawa,Warszawa,mazowieckie
01-225,Warszawa,Warszawa,Warszawa,mazowieckie
01-233,Warszawa,Warszawa,Warszawa,mazowieckie
03-606,Warszawa,Warszawa,Warszawa,mazowieckie
02-159,Warszawa,Warszawa,Warszawa,mazowieckie
04-667,Warszawa,Warszawa,Warszawa,mazowieckie
01-685,Warszawa,Warszawa,Warszawa,mazowieckie
02-338,Warszawa,Warszawa,Warszawa,mazowieckie
03-904,Warszawa,Warszawa,Warszawa,mazowieckie
03-908,Warszawa,Warszawa,Warszawa,mazowieckie
02-765,Warszawa,Warszawa,Warszawa,mazowieckie
02-904,Warszawa,Warszawa,Warszawa,mazowieckie
02-901,Warszawa,Warszawa,Warszawa,mazowieckie
03-976,Warszawa,Warszawa,Warszawa,mazowieckie
04-287,Warszawa,Warszawa,Warszawa,mazowieckie
04-882,Warszawa,Warszawa,Warszawa,mazowieckie
00-895,Warszawa,Warszawa,Warszawa,mazowieckie
02-757,Warszawa,Warszawa,Warszawa,mazowieckie
02-654,Warszawa,Warszawa,Warszawa,mazowieckie
04-668,Warszawa,Warszawa,Warszawa,mazowieckie
02-379,Warszawa,Warszawa,Warszawa,mazowieckie
02-380,Warszawa,Warszawa,Warszawa,mazowieckie
02-371,Warszawa,Warszawa,Warszawa,mazowieckie
02-370,Warszawa,Warszawa,Warszawa,mazowieckie
02-364,Warszawa,Warszawa,Warszawa,mazowieckie
02-365,Warszawa,Warszawa,Warszawa,mazowieckie
02-340,Warszawa,Warszawa,Warszawa,mazowieckie
02-341,Warszawa,Warszawa,Warszawa,mazowieckie
02-325,Warszawa,Warszawa,Warszawa,mazowieckie
03-251,Warszawa,Warszawa,Warszawa,mazowieckie
03-253,Warszawa,Warszawa,Warszawa,mazowieckie
00-304,Warszawa,Warszawa,Warszawa,mazowieckie
03-741,Warszawa,Warszawa,Warszawa,mazowieckie
03-748,Warszawa,Warszawa,Warszawa,mazowieckie
01-458,Warszawa,Warszawa,Warszawa,mazowieckie
04-063,Warszawa,Warszawa,Warszawa,mazowieckie
02-817,Warszawa,Warszawa,Warszawa,mazowieckie
02-593,Warszawa,Warszawa,Warszawa,mazowieckie
02-980,Warszawa,Warszawa,Warszawa,mazowieckie
04-982,Warszawa,Warszawa,Warszawa,mazowieckie
02-946,Warszawa,Warszawa,Warszawa,mazowieckie
02-959,Warszawa,Warszawa,Warszawa,mazowieckie
00-086,Warszawa,Warszawa,Warszawa,mazowieckie
00-085,Warszawa,Warszawa,Warszawa,mazowieckie
04-988,Warszawa,Warszawa,Warszawa,mazowieckie
02-394,Warszawa,Warszawa,Warszawa,mazowieckie
04-738,Warszawa,Warszawa,Warszawa,mazowieckie
01-632,Warszawa,Warszawa,Warszawa,mazowieckie
04-927,Warszawa,Warszawa,Warszawa,mazowieckie
03-156,Warszawa,Warszawa,Warszawa,mazowieckie
02-655,Warszawa,Warszawa,Warszawa,mazowieckie
03-578,Warszawa,Warszawa,Warszawa,mazowieckie
04-303,Warszawa,Warszawa,Warszawa,mazowieckie
01-991,Warszawa,Warszawa,Warszawa,mazowieckie
03-504,Warszawa,Warszawa,Warszawa,mazowieckie
03-780,Warszawa,Warszawa,Warszawa,mazowieckie
04-216,Warszawa,Warszawa,Warszawa,mazowieckie
01-536,Warszawa,Warszawa,Warszawa,mazowieckie
04-304,Warszawa,Warszawa,Warszawa,mazowieckie
01-506,Warszawa,Warszawa,Warszawa,mazowieckie
02-362,Warszawa,Warszawa,Warszawa,mazowieckie
02-366,Warszawa,Warszawa,Warszawa,mazowieckie
02-965,Warszawa,Warszawa,Warszawa,mazowieckie
02-660,Warszawa,Warszawa,Warszawa,mazowieckie
03-703,Warszawa,Warszawa,Warszawa,mazowieckie
03-804,Warszawa,Warszawa,Warszawa,mazowieckie
03-641,Warszawa,Warszawa,Warszawa,mazowieckie
04-234,Warszawa,Warszawa,Warszawa,mazowieckie
04-750,Warszawa,Warszawa,Warszawa,mazowieckie
03-604,Warszawa,Warszawa,Warszawa,mazowieckie
03-612,Warszawa,Warszawa,Warszawa,mazowieckie
04-649,Warszawa,Warszawa,Warszawa,mazowieckie
04-663,Warszawa,Warszawa,Warszawa,mazowieckie
03-037,Warszawa,Warszawa,Warszawa,mazowieckie
00-171,Warszawa,Warszawa,Warszawa,mazowieckie
02-525,Warszawa,Warszawa,Warszawa,mazowieckie
02-533,Warszawa,Warszawa,Warszawa,mazowieckie
03-044,Warszawa,Warszawa,Warszawa,mazowieckie
00-728,Warszawa,Warszawa,Warszawa,mazowieckie
02-378,Warszawa,Warszawa,Warszawa,mazowieckie
02-718,Warszawa,Warszawa,Warszawa,mazowieckie
04-478,Warszawa,Warszawa,Warszawa,mazowieckie
02-807,Warszawa,Warszawa,Warszawa,mazowieckie
00-303,Warszawa,Warszawa,Warszawa,mazowieckie
00-011,Warszawa,Warszawa,Warszawa,mazowieckie
01-265,Warszawa,Warszawa,Warszawa,mazowieckie
02-837,Warszawa,Warszawa,Warszawa,mazowieckie
01-461,Warszawa,Warszawa,Warszawa,mazowieckie
03-279,Warszawa,Warszawa,Warszawa,mazowieckie
02-179,Warszawa,Warszawa,Warszawa,mazowieckie
01-508,Warszawa,Warszawa,Warszawa,mazowieckie
01-502,Warszawa,Warszawa,Warszawa,mazowieckie
03-619,Warszawa,Warszawa,Warszawa,mazowieckie
02-692,Warszawa,Warszawa,Warszawa,mazowieckie
01-923,Warszawa,Warszawa,Warszawa,mazowieckie
01-250,Warszawa,Warszawa,Warszawa,mazowieckie
03-026,Warszawa,Warszawa,Warszawa,mazowieckie
03-007,Warszawa,Warszawa,Warszawa,mazowieckie
00-242,Warszawa,Warszawa,Warszawa,mazowieckie
02-389,Warszawa,Warszawa,Warszawa,mazowieckie
02-127,Warszawa,Warszawa,Warszawa,mazowieckie
01-613,Warszawa,Warszawa,Warszawa,mazowieckie
03-257,Warszawa,Warszawa,Warszawa,mazowieckie
03-665,Warszawa,Warszawa,Warszawa,mazowieckie
02-682,Warszawa,Warszawa,Warszawa,mazowieckie
02-690,Warszawa,Warszawa,Warszawa,mazowieckie
01-419,Warszawa,Warszawa,Warszawa,mazowieckie
01-437,Warszawa,Warszawa,Warszawa,mazowieckie
02-479,Warszawa,Warszawa,Warszawa,mazowieckie
02-496,Warszawa,Warszawa,Warszawa,mazowieckie
03-325,Warszawa,Warszawa,Warszawa,mazowieckie
03-352,Warszawa,Warszawa,Warszawa,mazowieckie
03-377,Warszawa,Warszawa,Warszawa,mazowieckie
00-259,Warszawa,Warszawa,Warszawa,mazowieckie
03-340,Warszawa,Warszawa,Warszawa,mazowieckie
04-416,Warszawa,Warszawa,Warszawa,mazowieckie
04-965,Warszawa,Warszawa,Warszawa,mazowieckie
02-914,Warszawa,Warszawa,Warszawa,mazowieckie
02-936,Warszawa,Warszawa,Warszawa,mazowieckie
02-945,Warszawa,Warszawa,Warszawa,mazowieckie
02-940,Warszawa,Warszawa,Warszawa,mazowieckie
02-909,Warszawa,Warszawa,Warszawa,mazowieckie
00-203,Warszawa,Warszawa,Warszawa,mazowieckie
00-213,Warszawa,Warszawa,Warszawa,mazowieckie
04-901,Warszawa,Warszawa,Warszawa,mazowieckie
03-034,Warszawa,Warszawa,Warszawa,mazowieckie
04-309,Warszawa,Warszawa,Warszawa,mazowieckie
04-321,Warszawa,Warszawa,Warszawa,mazowieckie
04-338,Warszawa,Warszawa,Warszawa,mazowieckie
04-347,Warszawa,Warszawa,Warszawa,mazowieckie
04-853,Warszawa,Warszawa,Warszawa,mazowieckie
04-786,Warszawa,Warszawa,Warszawa,mazowieckie
01-357,Warszawa,Warszawa,Warszawa,mazowieckie
01-354,Warszawa,Warszawa,Warszawa,mazowieckie
04-871,Warszawa,Warszawa,Warszawa,mazowieckie
03-475,Warszawa,Warszawa,Warszawa,mazowieckie
02-213,Warszawa,Warszawa,Warszawa,mazowieckie
03-769,Warszawa,Warszawa,Warszawa,mazowieckie
02-257,Warszawa,Warszawa,Warszawa,mazowieckie
00-781,Warszawa,Warszawa,Warszawa,mazowieckie
03-565,Warszawa,Warszawa,Warszawa,mazowieckie
04-613,Warszawa,Warszawa,Warszawa,mazowieckie
04-568,Warszawa,Warszawa,Warszawa,mazowieckie
04-543,Warszawa,Warszawa,Warszawa,mazowieckie
03-127,Warszawa,Warszawa,Warszawa,mazowieckie
00-621,Warszawa,Warszawa,Warszawa,mazowieckie
01-100,Warszawa,Warszawa,Warszawa,mazowieckie
00-501,Warszawa,Warszawa,Warszawa,mazowieckie
00-502,Warszawa,Warszawa,Warszawa,mazowieckie
00-028,Warszawa,Warszawa,Warszawa,mazowieckie
04-044,Warszawa,Warszawa,Warszawa,mazowieckie
03-102,Warszawa,Warszawa,Warszawa,mazowieckie
01-472,Warszawa,Warszawa,Warszawa,mazowieckie
01-756,Warszawa,Warszawa,Warszawa,mazowieckie
02-972,Warszawa,Warszawa,Warszawa,mazowieckie
03-090,Warszawa,Warszawa,Warszawa,mazowieckie
02-469,Warszawa,Warszawa,Warszawa,mazowieckie
03-946,Warszawa,Warszawa,Warszawa,mazowieckie
01-929,Warszawa,Warszawa,Warszawa,mazowieckie
03-472,Warszawa,Warszawa,Warszawa,mazowieckie
03-473,Warszawa,Warszawa,Warszawa,mazowieckie
01-697,Warszawa,Warszawa,Warszawa,mazowieckie
04-960,Warszawa,Warszawa,Warszawa,mazowieckie
03-627,Warszawa,Warszawa,Warszawa,mazowieckie
02-967,Warszawa,Warszawa,Warszawa,mazowieckie
01-557,Warszawa,Warszawa,Warszawa,mazowieckie
01-785,Warszawa,Warszawa,Warszawa,mazowieckie
01-780,Warszawa,Warszawa,Warszawa,mazowieckie
01-771,Warszawa,Warszawa,Warszawa,mazowieckie
01-716,Warszawa,Warszawa,Warszawa,mazowieckie
01-865,Warszawa,Warszawa,Warszawa,mazowieckie
01-854,Warszawa,Warszawa,Warszawa,mazowieckie
01-876,Warszawa,Warszawa,Warszawa,mazowieckie
01-877,Warszawa,Warszawa,Warszawa,mazowieckie
02-796,Warszawa,Warszawa,Warszawa,mazowieckie
03-995,Warszawa,Warszawa,Warszawa,mazowieckie
00-311,Warszawa,Warszawa,Warszawa,mazowieckie
00-338,Warszawa,Warszawa,Warszawa,mazowieckie
01-442,Warszawa,Warszawa,Warszawa,mazowieckie
01-451,Warszawa,Warszawa,Warszawa,mazowieckie
03-439,Warszawa,Warszawa,Warszawa,mazowieckie
03-973,Warszawa,Warszawa,Warszawa,mazowieckie
02-594,Warszawa,Warszawa,Warszawa,mazowieckie
03-046,Warszawa,Warszawa,Warszawa,mazowieckie
02-994,Warszawa,Warszawa,Warszawa,mazowieckie
04-941,Warszawa,Warszawa,Warszawa,mazowieckie
02-346,Warszawa,Warszawa,Warszawa,mazowieckie
03-984,Warszawa,Warszawa,Warszawa,mazowieckie
01-384,Warszawa,Warszawa,Warszawa,mazowieckie
01-216,Warszawa,Warszawa,Warszawa,mazowieckie
02-685,Warszawa,Warszawa,Warszawa,mazowieckie
03-737,Warszawa,Warszawa,Warszawa,mazowieckie
03-739,Warszawa,Warszawa,Warszawa,mazowieckie
03-256,Warszawa,Warszawa,Warszawa,mazowieckie
03-075,Warszawa,Warszawa,Warszawa,mazowieckie
01-360,Warszawa,Warszawa,Warszawa,mazowieckie
04-782,Warszawa,Warszawa,Warszawa,mazowieckie
04-985,Warszawa,Warszawa,Warszawa,mazowieckie
00-258,Warszawa,Warszawa,Warszawa,mazowieckie
00-286,Warszawa,Warszawa,Warszawa,mazowieckie
03-082,Warszawa,Warszawa,Warszawa,mazowieckie
04-431,Warszawa,Warszawa,Warszawa,mazowieckie
04-682,Warszawa,Warszawa,Warszawa,mazowieckie
02-460,Warszawa,Warszawa,Warszawa,mazowieckie
04-435,Warszawa,Warszawa,Warszawa,mazowieckie
03-315,Warszawa,Warszawa,Warszawa,mazowieckie
04-119,Warszawa,Warszawa,Warszawa,mazowieckie
04-092,Warszawa,Warszawa,Warszawa,mazowieckie
02-983,Warszawa,Warszawa,Warszawa,mazowieckie
03-305,Warszawa,Warszawa,Warszawa,mazowieckie
00-285,Warszawa,Warszawa,Warszawa,mazowieckie
02-650,Warszawa,Warszawa,Warszawa,mazowieckie
02-708,Warszawa,Warszawa,Warszawa,mazowieckie
03-676,Warszawa,Warszawa,Warszawa,mazowieckie
03-893,Warszawa,Warszawa,Warszawa,mazowieckie
02-703,Warszawa,Warszawa,Warszawa,mazowieckie
03-107,Warszawa,Warszawa,Warszawa,mazowieckie
02-712,Warszawa,Warszawa,Warszawa,mazowieckie
00-468,Warszawa,Warszawa,Warszawa,mazowieckie
01-531,Warszawa,Warszawa,Warszawa,mazowieckie
04-409,Warszawa,Warszawa,Warszawa,mazowieckie
03-971,Warszawa,Warszawa,Warszawa,mazowieckie
02-267,Warszawa,Warszawa,Warszawa,mazowieckie
03-987,Warszawa,Warszawa,Warszawa,mazowieckie
01-066,Warszawa,Warszawa,Warszawa,mazowieckie
03-480,Warszawa,Warszawa,Warszawa,mazowieckie
02-758,Warszawa,Warszawa,Warszawa,mazowieckie
01-939,Warszawa,Warszawa,Warszawa,mazowieckie
00-221,Warszawa,Warszawa,Warszawa,mazowieckie
00-062,Warszawa,Warszawa,Warszawa,mazowieckie
04-749,Warszawa,Warszawa,Warszawa,mazowieckie
04-837,Warszawa,Warszawa,Warszawa,mazowieckie
02-924,Warszawa,Warszawa,Warszawa,mazowieckie
04-047,Warszawa,Warszawa,Warszawa,mazowieckie
02-869,Warszawa,Warszawa,Warszawa,mazowieckie
04-523,Warszawa,Warszawa,Warszawa,mazowieckie
04-536,Warszawa,Warszawa,Warszawa,mazowieckie
04-310,Warszawa,Warszawa,Warszawa,mazowieckie
04-734,Warszawa,Warszawa,Warszawa,mazowieckie
04-993,Warszawa,Warszawa,Warszawa,mazowieckie
04-968,Warszawa,Warszawa,Warszawa,mazowieckie
03-650,Warszawa,Warszawa,Warszawa,mazowieckie
04-934,Warszawa,Warszawa,Warszawa,mazowieckie
04-928,Warszawa,Warszawa,Warszawa,mazowieckie
04-916,Warszawa,Warszawa,Warszawa,mazowieckie
04-907,Warszawa,Warszawa,Warszawa,mazowieckie
03-697,Warszawa,Warszawa,Warszawa,mazowieckie
02-645,Warszawa,Warszawa,Warszawa,mazowieckie
01-612,Warszawa,Warszawa,Warszawa,mazowieckie
00-559,Warszawa,Warszawa,Warszawa,mazowieckie
00-099,Warszawa,Warszawa,Warszawa,mazowieckie
03-524,Warszawa,Warszawa,Warszawa,mazowieckie
04-565,Warszawa,Warszawa,Warszawa,mazowieckie
04-533,Warszawa,Warszawa,Warszawa,mazowieckie
04-547,Warszawa,Warszawa,Warszawa,mazowieckie
02-471,Warszawa,Warszawa,Warszawa,mazowieckie
03-135,Warszawa,Warszawa,Warszawa,mazowieckie
01-803,Warszawa,Warszawa,Warszawa,mazowieckie
01-809,Warszawa,Warszawa,Warszawa,mazowieckie
04-754,Warszawa,Warszawa,Warszawa,mazowieckie
00-262,Warszawa,Warszawa,Warszawa,mazowieckie
00-287,Warszawa,Warszawa,Warszawa,mazowieckie
04-711,Warszawa,Warszawa,Warszawa,mazowieckie
04-175,Warszawa,Warszawa,Warszawa,mazowieckie
03-029,Warszawa,Warszawa,Warszawa,mazowieckie
04-986,Warszawa,Warszawa,Warszawa,mazowieckie
04-818,Warszawa,Warszawa,Warszawa,mazowieckie
02-958,Warszawa,Warszawa,Warszawa,mazowieckie
02-271,Warszawa,Warszawa,Warszawa,mazowieckie
04-944,Warszawa,Warszawa,Warszawa,mazowieckie
02-202,Warszawa,Warszawa,Warszawa,mazowieckie
02-004,Warszawa,Warszawa,Warszawa,mazowieckie
00-928,Warszawa,Warszawa,Warszawa,mazowieckie
00-613,Warszawa,Warszawa,Warszawa,mazowieckie
03-689,Warszawa,Warszawa,Warszawa,mazowieckie
04-948,Warszawa,Warszawa,Warszawa,mazowieckie
00-724,Warszawa,Warszawa,Warszawa,mazowieckie
00-725,Warszawa,Warszawa,Warszawa,mazowieckie
04-247,Warszawa,Warszawa,Warszawa,mazowieckie
04-464,Warszawa,Warszawa,Warszawa,mazowieckie
04-458,Warszawa,Warszawa,Warszawa,mazowieckie
03-781,Warszawa,Warszawa,Warszawa,mazowieckie
03-136,Warszawa,Warszawa,Warszawa,mazowieckie
03-061,Warszawa,Warszawa,Warszawa,mazowieckie
01-695,Warszawa,Warszawa,Warszawa,mazowieckie
03-051,Warszawa,Warszawa,Warszawa,mazowieckie
00-891,Warszawa,Warszawa,Warszawa,mazowieckie
00-867,Warszawa,Warszawa,Warszawa,mazowieckie
00-872,Warszawa,Warszawa,Warszawa,mazowieckie
04-320,Warszawa,Warszawa,Warszawa,mazowieckie
04-314,Warszawa,Warszawa,Warszawa,mazowieckie
04-275,Warszawa,Warszawa,Warszawa,mazowieckie
00-021,Warszawa,Warszawa,Warszawa,mazowieckie
00-020,Warszawa,Warszawa,Warszawa,mazowieckie
00-117,Warszawa,Warszawa,Warszawa,mazowieckie
00-801,Warszawa,Warszawa,Warszawa,mazowieckie
00-805,Warszawa,Warszawa,Warszawa,mazowieckie
03-658,Warszawa,Warszawa,Warszawa,mazowieckie
02-935,Warszawa,Warszawa,Warszawa,mazowieckie
00-791,Warszawa,Warszawa,Warszawa,mazowieckie
03-826,Warszawa,Warszawa,Warszawa,mazowieckie
03-815,Warszawa,Warszawa,Warszawa,mazowieckie
03-816,Warszawa,Warszawa,Warszawa,mazowieckie
03-332,Warszawa,Warszawa,Warszawa,mazowieckie
03-350,Warszawa,Warszawa,Warszawa,mazowieckie
03-359,Warszawa,Warszawa,Warszawa,mazowieckie
03-384,Warszawa,Warszawa,Warszawa,mazowieckie
03-393,Warszawa,Warszawa,Warszawa,mazowieckie
03-993,Warszawa,Warszawa,Warszawa,mazowieckie
04-791,Warszawa,Warszawa,Warszawa,mazowieckie
02-820,Warszawa,Warszawa,Warszawa,mazowieckie
03-583,Warszawa,Warszawa,Warszawa,mazowieckie
02-951,Warszawa,Warszawa,Warszawa,mazowieckie
04-938,Warszawa,Warszawa,Warszawa,mazowieckie
04-696,Warszawa,Warszawa,Warszawa,mazowieckie
02-345,Warszawa,Warszawa,Warszawa,mazowieckie
02-879,Warszawa,Warszawa,Warszawa,mazowieckie
04-937,Warszawa,Warszawa,Warszawa,mazowieckie
04-068,Warszawa,Warszawa,Warszawa,mazowieckie
02-404,Warszawa,Warszawa,Warszawa,mazowieckie
02-421,Warszawa,Warszawa,Warszawa,mazowieckie
02-414,Warszawa,Warszawa,Warszawa,mazowieckie
01-319,Warszawa,Warszawa,Warszawa,mazowieckie
04-381,Warszawa,Warszawa,Warszawa,mazowieckie
04-392,Warszawa,Warszawa,Warszawa,mazowieckie
02-453,Warszawa,Warszawa,Warszawa,mazowieckie
03-569,Warszawa,Warszawa,Warszawa,mazowieckie
00-232,Warszawa,Warszawa,Warszawa,mazowieckie
00-353,Warszawa,Warszawa,Warszawa,mazowieckie
03-598,Warszawa,Warszawa,Warszawa,mazowieckie
02-717,Warszawa,Warszawa,Warszawa,mazowieckie
04-898,Warszawa,Warszawa,Warszawa,mazowieckie
03-785,Warszawa,Warszawa,Warszawa,mazowieckie
02-439,Warszawa,Warszawa,Warszawa,mazowieckie
01-910,Warszawa,Warszawa,Warszawa,mazowieckie
04-967,Warszawa,Warszawa,Warszawa,mazowieckie
02-913,Warszawa,Warszawa,Warszawa,mazowieckie
00-854,Warszawa,Warszawa,Warszawa,mazowieckie
00-862,Warszawa,Warszawa,Warszawa,mazowieckie
04-653,Warszawa,Warszawa,Warszawa,mazowieckie
01-636,Warszawa,Warszawa,Warszawa,mazowieckie
02-716,Warszawa,Warszawa,Warszawa,mazowieckie
03-017,Warszawa,Warszawa,Warszawa,mazowieckie
02-492,Warszawa,Warszawa,Warszawa,mazowieckie
01-116,Warszawa,Warszawa,Warszawa,mazowieckie
01-402,Warszawa,Warszawa,Warszawa,mazowieckie
01-445,Warszawa,Warszawa,Warszawa,mazowieckie
01-443,Warszawa,Warszawa,Warszawa,mazowieckie
01-432,Warszawa,Warszawa,Warszawa,mazowieckie
03-134,Warszawa,Warszawa,Warszawa,mazowieckie
01-480,Warszawa,Warszawa,Warszawa,mazowieckie
02-443,Warszawa,Warszawa,Warszawa,mazowieckie
02-777,Warszawa,Warszawa,Warszawa,mazowieckie
03-016,Warszawa,Warszawa,Warszawa,mazowieckie
03-886,Warszawa,Warszawa,Warszawa,mazowieckie
03-607,Warszawa,Warszawa,Warszawa,mazowieckie
03-668,Warszawa,Warszawa,Warszawa,mazowieckie
01-922,Warszawa,Warszawa,Warszawa,mazowieckie
01-315,Warszawa,Warszawa,Warszawa,mazowieckie
00-087,Warszawa,Warszawa,Warszawa,mazowieckie
03-035,Warszawa,Warszawa,Warszawa,mazowieckie
01-533,Warszawa,Warszawa,Warszawa,mazowieckie
04-214,Warszawa,Warszawa,Warszawa,mazowieckie
02-677,Warszawa,Warszawa,Warszawa,mazowieckie
00-727,Warszawa,Warszawa,Warszawa,mazowieckie
02-928,Warszawa,Warszawa,Warszawa,mazowieckie
04-815,Warszawa,Warszawa,Warszawa,mazowieckie
02-401,Warszawa,Warszawa,Warszawa,mazowieckie
04-769,Warszawa,Warszawa,Warszawa,mazowieckie
02-881,Warszawa,Warszawa,Warszawa,mazowieckie
03-501,Warszawa,Warszawa,Warszawa,mazowieckie
02-265,Warszawa,Warszawa,Warszawa,mazowieckie
04-060,Warszawa,Warszawa,Warszawa,mazowieckie
04-467,Warszawa,Warszawa,Warszawa,mazowieckie
04-402,Warszawa,Warszawa,Warszawa,mazowieckie
04-406,Warszawa,Warszawa,Warszawa,mazowieckie
03-403,Warszawa,Warszawa,Warszawa,mazowieckie
03-012,Warszawa,Warszawa,Warszawa,mazowieckie
03-043,Warszawa,Warszawa,Warszawa,mazowieckie
00-043,Warszawa,Warszawa,Warszawa,mazowieckie
03-054,Warszawa,Warszawa,Warszawa,mazowieckie
01-588,Warszawa,Warszawa,Warszawa,mazowieckie
01-465,Warszawa,Warszawa,Warszawa,mazowieckie
04-066,Warszawa,Warszawa,Warszawa,mazowieckie
04-081,Warszawa,Warszawa,Warszawa,mazowieckie
02-781,Warszawa,Warszawa,Warszawa,mazowieckie
04-432,Warszawa,Warszawa,Warszawa,mazowieckie
02-169,Warszawa,Warszawa,Warszawa,mazowieckie
02-997,Warszawa,Warszawa,Warszawa,mazowieckie
03-620,Warszawa,Warszawa,Warszawa,mazowieckie
01-511,Warszawa,Warszawa,Warszawa,mazowieckie
01-548,Warszawa,Warszawa,Warszawa,mazowieckie
01-541,Warszawa,Warszawa,Warszawa,mazowieckie
03-110,Warszawa,Warszawa,Warszawa,mazowieckie
04-540,Warszawa,Warszawa,Warszawa,mazowieckie
04-740,Warszawa,Warszawa,Warszawa,mazowieckie
04-990,Warszawa,Warszawa,Warszawa,mazowieckie
03-116,Warszawa,Warszawa,Warszawa,mazowieckie
04-705,Warszawa,Warszawa,Warszawa,mazowieckie
01-678,Warszawa,Warszawa,Warszawa,mazowieckie
04-555,Warszawa,Warszawa,Warszawa,mazowieckie
01-912,Warszawa,Warszawa,Warszawa,mazowieckie
04-218,Warszawa,Warszawa,Warszawa,mazowieckie
02-607,Warszawa,Warszawa,Warszawa,mazowieckie
04-922,Warszawa,Warszawa,Warszawa,mazowieckie
04-918,Warszawa,Warszawa,Warszawa,mazowieckie
04-743,Warszawa,Warszawa,Warszawa,mazowieckie
01-223,Warszawa,Warszawa,Warszawa,mazowieckie
02-852,Warszawa,Warszawa,Warszawa,mazowieckie
03-159,Warszawa,Warszawa,Warszawa,mazowieckie
02-457,Warszawa,Warszawa,Warszawa,mazowieckie
02-456,Warszawa,Warszawa,Warszawa,mazowieckie
00-715,Warszawa,Warszawa,Warszawa,mazowieckie
00-701,Warszawa,Warszawa,Warszawa,mazowieckie
00-714,Warszawa,Warszawa,Warszawa,mazowieckie
00-717,Warszawa,Warszawa,Warszawa,mazowieckie
00-718,Warszawa,Warszawa,Warszawa,mazowieckie
00-454,Warszawa,Warszawa,Warszawa,mazowieckie
00-720,Warszawa,Warszawa,Warszawa,mazowieckie
00-453,Warszawa,Warszawa,Warszawa,mazowieckie
00-440,Warszawa,Warszawa,Warszawa,mazowieckie
00-436,Warszawa,Warszawa,Warszawa,mazowieckie
00-421,Warszawa,Warszawa,Warszawa,mazowieckie
00-416,Warszawa,Warszawa,Warszawa,mazowieckie
02-705,Warszawa,Warszawa,Warszawa,mazowieckie
00-732,Warszawa,Warszawa,Warszawa,mazowieckie
00-574,Warszawa,Warszawa,Warszawa,mazowieckie
03-661,Warszawa,Warszawa,Warszawa,mazowieckie
04-924,Warszawa,Warszawa,Warszawa,mazowieckie
00-377,Warszawa,Warszawa,Warszawa,mazowieckie
03-902,Warszawa,Warszawa,Warszawa,mazowieckie
01-748,Warszawa,Warszawa,Warszawa,mazowieckie
02-929,Warszawa,Warszawa,Warszawa,mazowieckie
02-344,Warszawa,Warszawa,Warszawa,mazowieckie
02-350,Warszawa,Warszawa,Warszawa,mazowieckie
03-028,Warszawa,Warszawa,Warszawa,mazowieckie
01-410,Warszawa,Warszawa,Warszawa,mazowieckie
02-459,Warszawa,Warszawa,Warszawa,mazowieckie
02-082,Warszawa,Warszawa,Warszawa,mazowieckie
01-537,Warszawa,Warszawa,Warszawa,mazowieckie
01-355,Warszawa,Warszawa,Warszawa,mazowieckie
04-460,Warszawa,Warszawa,Warszawa,mazowieckie
04-440,Warszawa,Warszawa,Warszawa,mazowieckie
04-430,Warszawa,Warszawa,Warszawa,mazowieckie
03-417,Warszawa,Warszawa,Warszawa,mazowieckie
02-878,Warszawa,Warszawa,Warszawa,mazowieckie
04-651,Warszawa,Warszawa,Warszawa,mazowieckie
01-976,Warszawa,Warszawa,Warszawa,mazowieckie
01-983,Warszawa,Warszawa,Warszawa,mazowieckie
01-436,Warszawa,Warszawa,Warszawa,mazowieckie
01-428,Warszawa,Warszawa,Warszawa,mazowieckie
03-566,Warszawa,Warszawa,Warszawa,mazowieckie
02-020,Warszawa,Warszawa,Warszawa,mazowieckie
02-024,Warszawa,Warszawa,Warszawa,mazowieckie
02-277,Warszawa,Warszawa,Warszawa,mazowieckie
01-439,Warszawa,Warszawa,Warszawa,mazowieckie
04-710,Warszawa,Warszawa,Warszawa,mazowieckie
00-084,Warszawa,Warszawa,Warszawa,mazowieckie
00-093,Warszawa,Warszawa,Warszawa,mazowieckie
01-833,Warszawa,Warszawa,Warszawa,mazowieckie
03-230,Warszawa,Warszawa,Warszawa,mazowieckie
01-987,Warszawa,Warszawa,Warszawa,mazowieckie
02-054,Warszawa,Warszawa,Warszawa,mazowieckie
03-259,Warszawa,Warszawa,Warszawa,mazowieckie
04-091,Warszawa,Warszawa,Warszawa,mazowieckie
04-671,Warszawa,Warszawa,Warszawa,mazowieckie
03-484,Warszawa,Warszawa,Warszawa,mazowieckie
03-488,Warszawa,Warszawa,Warszawa,mazowieckie
04-354,Warszawa,Warszawa,Warszawa,mazowieckie
00-282,Warszawa,Warszawa,Warszawa,mazowieckie
04-989,Warszawa,Warszawa,Warszawa,mazowieckie
03-932,Warszawa,Warszawa,Warszawa,mazowieckie
02-558,Warszawa,Warszawa,Warszawa,mazowieckie
02-561,Warszawa,Warszawa,Warszawa,mazowieckie
02-586,Warszawa,Warszawa,Warszawa,mazowieckie
02-571,Warszawa,Warszawa,Warszawa,mazowieckie
02-503,Warszawa,Warszawa,Warszawa,mazowieckie
02-598,Warszawa,Warszawa,Warszawa,mazowieckie
01-903,Warszawa,Warszawa,Warszawa,mazowieckie
03-474,Warszawa,Warszawa,Warszawa,mazowieckie
03-476,Warszawa,Warszawa,Warszawa,mazowieckie
03-482,Warszawa,Warszawa,Warszawa,mazowieckie
03-909,Warszawa,Warszawa,Warszawa,mazowieckie
03-983,Warszawa,Warszawa,Warszawa,mazowieckie
00-110,Warszawa,Warszawa,Warszawa,mazowieckie
02-413,Warszawa,Warszawa,Warszawa,mazowieckie
03-196,Warszawa,Warszawa,Warszawa,mazowieckie
01-644,Warszawa,Warszawa,Warszawa,mazowieckie
02-490,Warszawa,Warszawa,Warszawa,mazowieckie
01-407,Warszawa,Warszawa,Warszawa,mazowieckie
01-409,Warszawa,Warszawa,Warszawa,mazowieckie
01-441,Warszawa,Warszawa,Warszawa,mazowieckie
01-431,Warszawa,Warszawa,Warszawa,mazowieckie
04-956,Warszawa,Warszawa,Warszawa,mazowieckie
04-973,Warszawa,Warszawa,Warszawa,mazowieckie
04-969,Warszawa,Warszawa,Warszawa,mazowieckie
04-963,Warszawa,Warszawa,Warszawa,mazowieckie
04-845,Warszawa,Warszawa,Warszawa,mazowieckie
03-055,Warszawa,Warszawa,Warszawa,mazowieckie
03-673,Warszawa,Warszawa,Warszawa,mazowieckie
01-815,Warszawa,Warszawa,Warszawa,mazowieckie
01-471,Warszawa,Warszawa,Warszawa,mazowieckie
04-187,Warszawa,Warszawa,Warszawa,mazowieckie
04-308,Warszawa,Warszawa,Warszawa,mazowieckie
03-682,Warszawa,Warszawa,Warszawa,mazowieckie
02-107,Warszawa,Warszawa,Warszawa,mazowieckie
02-382,Warszawa,Warszawa,Warszawa,mazowieckie
01-578,Warszawa,Warszawa,Warszawa,mazowieckie
00-263,Warszawa,Warszawa,Warszawa,mazowieckie
00-238,Warszawa,Warszawa,Warszawa,mazowieckie
00-241,Warszawa,Warszawa,Warszawa,mazowieckie
01-429,Warszawa,Warszawa,Warszawa,mazowieckie
02-270,Warszawa,Warszawa,Warszawa,mazowieckie
01-177,Warszawa,Warszawa,Warszawa,mazowieckie
01-174,Warszawa,Warszawa,Warszawa,mazowieckie
01-153,Warszawa,Warszawa,Warszawa,mazowieckie
02-978,Warszawa,Warszawa,Warszawa,mazowieckie
00-427,Warszawa,Warszawa,Warszawa,mazowieckie
04-979,Warszawa,Warszawa,Warszawa,mazowieckie
01-405,Warszawa,Warszawa,Warszawa,mazowieckie
03-255,Warszawa,Warszawa,Warszawa,mazowieckie
02-376,Warszawa,Warszawa,Warszawa,mazowieckie
00-384,Warszawa,Warszawa,Warszawa,mazowieckie
00-388,Warszawa,Warszawa,Warszawa,mazowieckie
00-344,Warszawa,Warszawa,Warszawa,mazowieckie
00-312,Warszawa,Warszawa,Warszawa,mazowieckie
00-305,Warszawa,Warszawa,Warszawa,mazowieckie
02-998,Warszawa,Warszawa,Warszawa,mazowieckie
01-438,Warszawa,Warszawa,Warszawa,mazowieckie
01-422,Warszawa,Warszawa,Warszawa,mazowieckie
04-003,Warszawa,Warszawa,Warszawa,mazowieckie
04-064,Warszawa,Warszawa,Warszawa,mazowieckie
04-106,Warszawa,Warszawa,Warszawa,mazowieckie
04-487,Warszawa,Warszawa,Warszawa,mazowieckie
00-215,Warszawa,Warszawa,Warszawa,mazowieckie
02-745,Warszawa,Warszawa,Warszawa,mazowieckie
00-773,Warszawa,Warszawa,Warszawa,mazowieckie
00-774,Warszawa,Warszawa,Warszawa,mazowieckie
01-736,Warszawa,Warszawa,Warszawa,mazowieckie
03-108,Warszawa,Warszawa,Warszawa,mazowieckie
02-663,Warszawa,Warszawa,Warszawa,mazowieckie
02-672,Warszawa,Warszawa,Warszawa,mazowieckie
04-146,Warszawa,Warszawa,Warszawa,mazowieckie
02-738,Warszawa,Warszawa,Warszawa,mazowieckie
03-195,Warszawa,Warszawa,Warszawa,mazowieckie
01-318,Warszawa,Warszawa,Warszawa,mazowieckie
02-347,Warszawa,Warszawa,Warszawa,mazowieckie
01-211,Warszawa,Warszawa,Warszawa,mazowieckie
01-947,Warszawa,Warszawa,Warszawa,mazowieckie
01-964,Warszawa,Warszawa,Warszawa,mazowieckie
01-490,Warszawa,Warszawa,Warszawa,mazowieckie
00-051,Warszawa,Warszawa,Warszawa,mazowieckie
04-475,Warszawa,Warszawa,Warszawa,mazowieckie
02-602,Warszawa,Warszawa,Warszawa,mazowieckie
04-879,Warszawa,Warszawa,Warszawa,mazowieckie
00-467,Warszawa,Warszawa,Warszawa,mazowieckie
03-581,Warszawa,Warszawa,Warszawa,mazowieckie
00-345,Warszawa,Warszawa,Warszawa,mazowieckie
03-809,Warszawa,Warszawa,Warszawa,mazowieckie
02-968,Warszawa,Warszawa,Warszawa,mazowieckie
03-969,Warszawa,Warszawa,Warszawa,mazowieckie
02-318,Warszawa,Warszawa,Warszawa,mazowieckie
04-865,Warszawa,Warszawa,Warszawa,mazowieckie
04-444,Warszawa,Warszawa,Warszawa,mazowieckie
01-361,Warszawa,Warszawa,Warszawa,mazowieckie
03-109,Warszawa,Warszawa,Warszawa,mazowieckie
01-647,Warszawa,Warszawa,Warszawa,mazowieckie
03-112,Warszawa,Warszawa,Warszawa,mazowieckie
03-138,Warszawa,Warszawa,Warszawa,mazowieckie
03-190,Warszawa,Warszawa,Warszawa,mazowieckie
02-464,Warszawa,Warszawa,Warszawa,mazowieckie
02-452,Warszawa,Warszawa,Warszawa,mazowieckie
02-877,Warszawa,Warszawa,Warszawa,mazowieckie
01-622,Warszawa,Warszawa,Warszawa,mazowieckie
02-590,Warszawa,Warszawa,Warszawa,mazowieckie
04-840,Warszawa,Warszawa,Warszawa,mazowieckie
04-393,Warszawa,Warszawa,Warszawa,mazowieckie
02-391,Warszawa,Warszawa,Warszawa,mazowieckie
02-843,Warszawa,Warszawa,Warszawa,mazowieckie
02-153,Warszawa,Warszawa,Warszawa,mazowieckie
01-341,Warszawa,Warszawa,Warszawa,mazowieckie
01-385,Warszawa,Warszawa,Warszawa,mazowieckie
04-331,Warszawa,Warszawa,Warszawa,mazowieckie
00-184,Warszawa,Warszawa,Warszawa,mazowieckie
00-196,Warszawa,Warszawa,Warszawa,mazowieckie
00-188,Warszawa,Warszawa,Warszawa,mazowieckie
00-182,Warszawa,Warszawa,Warszawa,mazowieckie
01-796,Warszawa,Warszawa,Warszawa,mazowieckie
04-317,Warszawa,Warszawa,Warszawa,mazowieckie
02-187,Warszawa,Warszawa,Warszawa,mazowieckie
02-868,Warszawa,Warszawa,Warszawa,mazowieckie
02-369,Warszawa,Warszawa,Warszawa,mazowieckie
03-182,Warszawa,Warszawa,Warszawa,mazowieckie
04-904,Warszawa,Warszawa,Warszawa,mazowieckie
04-385,Warszawa,Warszawa,Warszawa,mazowieckie
04-378,Warszawa,Warszawa,Warszawa,mazowieckie
04-377,Warszawa,Warszawa,Warszawa,mazowieckie
04-391,Warszawa,Warszawa,Warszawa,mazowieckie
04-396,Warszawa,Warszawa,Warszawa,mazowieckie
04-714,Warszawa,Warszawa,Warszawa,mazowieckie
00-784,Warszawa,Warszawa,Warszawa,mazowieckie
02-157,Warszawa,Warszawa,Warszawa,mazowieckie
03-071,Warszawa,Warszawa,Warszawa,mazowieckie
01-603,Warszawa,Warszawa,Warszawa,mazowieckie
03-011,Warszawa,Warszawa,Warszawa,mazowieckie
01-519,Warszawa,Warszawa,Warszawa,mazowieckie
04-870,Warszawa,Warszawa,Warszawa,mazowieckie
02-411,Warszawa,Warszawa,Warszawa,mazowieckie
00-581,Warszawa,Warszawa,Warszawa,mazowieckie
03-008,Warszawa,Warszawa,Warszawa,mazowieckie
03-609,Warszawa,Warszawa,Warszawa,mazowieckie
04-292,Warszawa,Warszawa,Warszawa,mazowieckie
01-470,Warszawa,Warszawa,Warszawa,mazowieckie
00-707,Warszawa,Warszawa,Warszawa,mazowieckie
01-184,Warszawa,Warszawa,Warszawa,mazowieckie
02-234,Warszawa,Warszawa,Warszawa,mazowieckie
04-525,Warszawa,Warszawa,Warszawa,mazowieckie
04-495,Warszawa,Warszawa,Warszawa,mazowieckie
04-919,Warszawa,Warszawa,Warszawa,mazowieckie
04-908,Warszawa,Warszawa,Warszawa,mazowieckie
00-279,Warszawa,Warszawa,Warszawa,mazowieckie
00-162,Warszawa,Warszawa,Warszawa,mazowieckie
00-154,Warszawa,Warszawa,Warszawa,mazowieckie
01-023,Warszawa,Warszawa,Warszawa,mazowieckie
01-029,Warszawa,Warszawa,Warszawa,mazowieckie
04-666,Warszawa,Warszawa,Warszawa,mazowieckie
01-605,Warszawa,Warszawa,Warszawa,mazowieckie
02-836,Warszawa,Warszawa,Warszawa,mazowieckie
03-145,Warszawa,Warszawa,Warszawa,mazowieckie
01-985,Warszawa,Warszawa,Warszawa,mazowieckie
03-793,Warszawa,Warszawa,Warszawa,mazowieckie
04-437,Warszawa,Warszawa,Warszawa,mazowieckie
04-441,Warszawa,Warszawa,Warszawa,mazowieckie
01-935,Warszawa,Warszawa,Warszawa,mazowieckie
04-403,Warszawa,Warszawa,Warszawa,mazowieckie
04-745,Warszawa,Warszawa,Warszawa,mazowieckie
04-732,Warszawa,Warszawa,Warszawa,mazowieckie
00-172,Warszawa,Warszawa,Warszawa,mazowieckie
00-194,Warszawa,Warszawa,Warszawa,mazowieckie
01-038,Warszawa,Warszawa,Warszawa,mazowieckie
02-454,Warszawa,Warszawa,Warszawa,mazowieckie
01-970,Warszawa,Warszawa,Warszawa,mazowieckie
02-290,Warszawa,Warszawa,Warszawa,mazowieckie
02-857,Warszawa,Warszawa,Warszawa,mazowieckie
01-376,Warszawa,Warszawa,Warszawa,mazowieckie
03-876,Warszawa,Warszawa,Warszawa,mazowieckie
04-510,Warszawa,Warszawa,Warszawa,mazowieckie
02-764,Warszawa,Warszawa,Warszawa,mazowieckie
01-543,Warszawa,Warszawa,Warszawa,mazowieckie
03-183,Warszawa,Warszawa,Warszawa,mazowieckie
01-747,Warszawa,Warszawa,Warszawa,mazowieckie
01-737,Warszawa,Warszawa,Warszawa,mazowieckie
01-128,Warszawa,Warszawa,Warszawa,mazowieckie
01-123,Warszawa,Warszawa,Warszawa,mazowieckie
01-119,Warszawa,Warszawa,Warszawa,mazowieckie
00-137,Warszawa,Warszawa,Warszawa,mazowieckie
00-892,Warszawa,Warszawa,Warszawa,mazowieckie
03-219,Warszawa,Warszawa,Warszawa,mazowieckie
00-346,Warszawa,Warszawa,Warszawa,mazowieckie
02-680,Warszawa,Warszawa,Warszawa,mazowieckie
03-907,Warszawa,Warszawa,Warszawa,mazowieckie
02-295,Warszawa,Warszawa,Warszawa,mazowieckie
00-009,Warszawa,Warszawa,Warszawa,mazowieckie
01-990,Warszawa,Warszawa,Warszawa,mazowieckie
03-185,Warszawa,Warszawa,Warszawa,mazowieckie
01-049,Warszawa,Warszawa,Warszawa,mazowieckie
03-903,Warszawa,Warszawa,Warszawa,mazowieckie
01-932,Warszawa,Warszawa,Warszawa,mazowieckie
02-643,Warszawa,Warszawa,Warszawa,mazowieckie
02-964,Warszawa,Warszawa,Warszawa,mazowieckie
00-844,Warszawa,Warszawa,Warszawa,mazowieckie
04-801,Warszawa,Warszawa,Warszawa,mazowieckie
04-805,Warszawa,Warszawa,Warszawa,mazowieckie
00-446,Warszawa,Warszawa,Warszawa,mazowieckie
02-676,Warszawa,Warszawa,Warszawa,mazowieckie
02-217,Warszawa,Warszawa,Warszawa,mazowieckie
02-547,Warszawa,Warszawa,Warszawa,mazowieckie
01-264,Warszawa,Warszawa,Warszawa,mazowieckie
03-197,Warszawa,Warszawa,Warszawa,mazowieckie
02-858,Warszawa,Warszawa,Warszawa,mazowieckie
03-053,Warszawa,Warszawa,Warszawa,mazowieckie
03-233,Warszawa,Warszawa,Warszawa,mazowieckie
02-862,Warszawa,Warszawa,Warszawa,mazowieckie
02-699,Warszawa,Warszawa,Warszawa,mazowieckie
01-971,Warszawa,Warszawa,Warszawa,mazowieckie
01-535,Warszawa,Warszawa,Warszawa,mazowieckie
02-720,Warszawa,Warszawa,Warszawa,mazowieckie
01-513,Warszawa,Warszawa,Warszawa,mazowieckie
01-555,Warszawa,Warszawa,Warszawa,mazowieckie
01-569,Warszawa,Warszawa,Warszawa,mazowieckie
01-563,Warszawa,Warszawa,Warszawa,mazowieckie
03-683,Warszawa,Warszawa,Warszawa,mazowieckie
04-125,Warszawa,Warszawa,Warszawa,mazowieckie
01-582,Warszawa,Warszawa,Warszawa,mazowieckie
02-207,Warszawa,Warszawa,Warszawa,mazowieckie
04-935,Warszawa,Warszawa,Warszawa,mazowieckie
04-929,Warszawa,Warszawa,Warszawa,mazowieckie
04-917,Warszawa,Warszawa,Warszawa,mazowieckie
04-116,Warszawa,Warszawa,Warszawa,mazowieckie
02-658,Warszawa,Warszawa,Warszawa,mazowieckie
00-611,Warszawa,Warszawa,Warszawa,mazowieckie
02-032,Warszawa,Warszawa,Warszawa,mazowieckie
02-057,Warszawa,Warszawa,Warszawa,mazowieckie
02-056,Warszawa,Warszawa,Warszawa,mazowieckie
02-055,Warszawa,Warszawa,Warszawa,mazowieckie
02-299,Warszawa,Warszawa,Warszawa,mazowieckie
02-083,Warszawa,Warszawa,Warszawa,mazowieckie
04-869,Warszawa,Warszawa,Warszawa,mazowieckie
04-915,Warszawa,Warszawa,Warszawa,mazowieckie
02-641,Warszawa,Warszawa,Warszawa,mazowieckie
04-413,Warszawa,Warszawa,Warszawa,mazowieckie
04-497,Warszawa,Warszawa,Warszawa,mazowieckie
02-431,Warszawa,Warszawa,Warszawa,mazowieckie
02-830,Warszawa,Warszawa,Warszawa,mazowieckie
03-176,Warszawa,Warszawa,Warszawa,mazowieckie
03-160,Warszawa,Warszawa,Warszawa,mazowieckie
02-247,Warszawa,Warszawa,Warszawa,mazowieckie
04-686,Warszawa,Warszawa,Warszawa,mazowieckie
04-664,Warszawa,Warszawa,Warszawa,mazowieckie
03-707,Warszawa,Warszawa,Warszawa,mazowieckie
00-586,Warszawa,Warszawa,Warszawa,mazowieckie
00-366,Warszawa,Warszawa,Warszawa,mazowieckie
00-372,Warszawa,Warszawa,Warszawa,mazowieckie
02-855,Warszawa,Warszawa,Warszawa,mazowieckie
02-298,Warszawa,Warszawa,Warszawa,mazowieckie
03-754,Warszawa,Warszawa,Warszawa,mazowieckie
03-753,Warszawa,Warszawa,Warszawa,mazowieckie
01-835,Warszawa,Warszawa,Warszawa,mazowieckie
01-885,Warszawa,Warszawa,Warszawa,mazowieckie
02-704,Warszawa,Warszawa,Warszawa,mazowieckie
01-258,Warszawa,Warszawa,Warszawa,mazowieckie
01-540,Warszawa,Warszawa,Warszawa,mazowieckie
03-166,Warszawa,Warszawa,Warszawa,mazowieckie
01-905,Warszawa,Warszawa,Warszawa,mazowieckie
01-339,Warszawa,Warszawa,Warszawa,mazowieckie
03-561,Warszawa,Warszawa,Warszawa,mazowieckie
00-227,Warszawa,Warszawa,Warszawa,mazowieckie
00-214,Warszawa,Warszawa,Warszawa,mazowieckie
00-233,Warszawa,Warszawa,Warszawa,mazowieckie
00-205,Warszawa,Warszawa,Warszawa,mazowieckie
00-200,Warszawa,Warszawa,Warszawa,mazowieckie
03-906,Warszawa,Warszawa,Warszawa,mazowieckie
03-905,Warszawa,Warszawa,Warszawa,mazowieckie
00-492,Warszawa,Warszawa,Warszawa,mazowieckie
00-483,Warszawa,Warszawa,Warszawa,mazowieckie
02-406,Warszawa,Warszawa,Warszawa,mazowieckie
00-097,Warszawa,Warszawa,Warszawa,mazowieckie
04-883,Warszawa,Warszawa,Warszawa,mazowieckie
04-811,Warszawa,Warszawa,Warszawa,mazowieckie
03-803,Warszawa,Warszawa,Warszawa,mazowieckie
04-947,Warszawa,Warszawa,Warszawa,mazowieckie
01-841,Warszawa,Warszawa,Warszawa,mazowieckie
04-721,Warszawa,Warszawa,Warszawa,mazowieckie
04-036,Warszawa,Warszawa,Warszawa,mazowieckie
04-057,Warszawa,Warszawa,Warszawa,mazowieckie
00-313,Warszawa,Warszawa,Warszawa,mazowieckie
01-347,Warszawa,Warszawa,Warszawa,mazowieckie
02-029,Warszawa,Warszawa,Warszawa,mazowieckie
00-753,Warszawa,Warszawa,Warszawa,mazowieckie
00-754,Warszawa,Warszawa,Warszawa,mazowieckie
00-748,Warszawa,Warszawa,Warszawa,mazowieckie
00-747,Warszawa,Warszawa,Warszawa,mazowieckie
03-562,Warszawa,Warszawa,Warszawa,mazowieckie
04-691,Warszawa,Warszawa,Warszawa,mazowieckie
01-482,Warszawa,Warszawa,Warszawa,mazowieckie
01-853,Warszawa,Warszawa,Warszawa,mazowieckie
02-822,Warszawa,Warszawa,Warszawa,mazowieckie
00-362,Warszawa,Warszawa,Warszawa,mazowieckie
00-089,Warszawa,Warszawa,Warszawa,mazowieckie
02-673,Warszawa,Warszawa,Warszawa,mazowieckie
00-306,Warszawa,Warszawa,Warszawa,mazowieckie
04-078,Warszawa,Warszawa,Warszawa,mazowieckie
02-841,Warszawa,Warszawa,Warszawa,mazowieckie
04-896,Warszawa,Warszawa,Warszawa,mazowieckie
04-886,Warszawa,Warszawa,Warszawa,mazowieckie
04-356,Warszawa,Warszawa,Warszawa,mazowieckie
04-350,Warszawa,Warszawa,Warszawa,mazowieckie
04-348,Warszawa,Warszawa,Warszawa,mazowieckie
04-401,Warszawa,Warszawa,Warszawa,mazowieckie
04-412,Warszawa,Warszawa,Warszawa,mazowieckie
01-645,Warszawa,Warszawa,Warszawa,mazowieckie
04-785,Warszawa,Warszawa,Warszawa,mazowieckie
01-703,Warszawa,Warszawa,Warszawa,mazowieckie
02-973,Warszawa,Warszawa,Warszawa,mazowieckie
04-521,Warszawa,Warszawa,Warszawa,mazowieckie
01-633,Warszawa,Warszawa,Warszawa,mazowieckie
01-691,Warszawa,Warszawa,Warszawa,mazowieckie
04-137,Warszawa,Warszawa,Warszawa,mazowieckie
03-614,Warszawa,Warszawa,Warszawa,mazowieckie
04-120,Warszawa,Warszawa,Warszawa,mazowieckie
04-489,Warszawa,Warszawa,Warszawa,mazowieckie
04-454,Warszawa,Warszawa,Warszawa,mazowieckie
04-414,Warszawa,Warszawa,Warszawa,mazowieckie
03-464,Warszawa,Warszawa,Warszawa,mazowieckie
03-940,Warszawa,Warszawa,Warszawa,mazowieckie
02-396,Warszawa,Warszawa,Warszawa,mazowieckie
03-290,Warszawa,Warszawa,Warszawa,mazowieckie
02-246,Warszawa,Warszawa,Warszawa,mazowieckie
03-113,Warszawa,Warszawa,Warszawa,mazowieckie
01-794,Warszawa,Warszawa,Warszawa,mazowieckie
03-307,Warszawa,Warszawa,Warszawa,mazowieckie
00-158,Warszawa,Warszawa,Warszawa,mazowieckie
02-790,Warszawa,Warszawa,Warszawa,mazowieckie
00-314,Warszawa,Warszawa,Warszawa,mazowieckie
02-412,Warszawa,Warszawa,Warszawa,mazowieckie
03-664,Warszawa,Warszawa,Warszawa,mazowieckie
02-293,Warszawa,Warszawa,Warszawa,mazowieckie
00-772,Warszawa,Warszawa,Warszawa,mazowieckie
02-999,Warszawa,Warszawa,Warszawa,mazowieckie
03-589,Warszawa,Warszawa,Warszawa,mazowieckie
02-632,Warszawa,Warszawa,Warszawa,mazowieckie
01-364,Warszawa,Warszawa,Warszawa,mazowieckie
01-249,Warszawa,Warszawa,Warszawa,mazowieckie
02-988,Warszawa,Warszawa,Warszawa,mazowieckie
01-054,Warszawa,Warszawa,Warszawa,mazowieckie
03-608,Warszawa,Warszawa,Warszawa,mazowieckie
02-436,Warszawa,Warszawa,Warszawa,mazowieckie
02-051,Warszawa,Warszawa,Warszawa,mazowieckie
02-172,Warszawa,Warszawa,Warszawa,mazowieckie
02-639,Warszawa,Warszawa,Warszawa,mazowieckie
01-743,Warszawa,Warszawa,Warszawa,mazowieckie
01-927,Warszawa,Warszawa,Warszawa,mazowieckie
02-417,Warszawa,Warszawa,Warszawa,mazowieckie
02-424,Warszawa,Warszawa,Warszawa,mazowieckie
03-807,Warszawa,Warszawa,Warszawa,mazowieckie
02-859,Warszawa,Warszawa,Warszawa,mazowieckie
02-215,Warszawa,Warszawa,Warszawa,mazowieckie
02-834,Warszawa,Warszawa,Warszawa,mazowieckie
03-637,Warszawa,Warszawa,Warszawa,mazowieckie
01-253,Warszawa,Warszawa,Warszawa,mazowieckie
03-810,Warszawa,Warszawa,Warszawa,mazowieckie
02-912,Warszawa,Warszawa,Warszawa,mazowieckie
04-884,Warszawa,Warszawa,Warszawa,mazowieckie
01-659,Warszawa,Warszawa,Warszawa,mazowieckie
02-872,Warszawa,Warszawa,Warszawa,mazowieckie
01-773,Warszawa,Warszawa,Warszawa,mazowieckie
01-913,Warszawa,Warszawa,Warszawa,mazowieckie
03-302,Warszawa,Warszawa,Warszawa,mazowieckie
03-550,Warszawa,Warszawa,Warszawa,mazowieckie
03-194,Warszawa,Warszawa,Warszawa,mazowieckie
03-662,Warszawa,Warszawa,Warszawa,mazowieckie
01-504,Warszawa,Warszawa,Warszawa,mazowieckie
02-905,Warszawa,Warszawa,Warszawa,mazowieckie
01-485,Warszawa,Warszawa,Warszawa,mazowieckie
01-682,Warszawa,Warszawa,Warszawa,mazowieckie
01-604,Warszawa,Warszawa,Warszawa,mazowieckie
04-273,Warszawa,Warszawa,Warszawa,mazowieckie
01-994,Warszawa,Warszawa,Warszawa,mazowieckie
02-954,Warszawa,Warszawa,Warszawa,mazowieckie
02-910,Warszawa,Warszawa,Warszawa,mazowieckie
02-130,Warszawa,Warszawa,Warszawa,mazowieckie
04-212,Warszawa,Warszawa,Warszawa,mazowieckie
03-552,Warszawa,Warszawa,Warszawa,mazowieckie
01-151,Warszawa,Warszawa,Warszawa,mazowieckie
01-154,Warszawa,Warszawa,Warszawa,mazowieckie
01-165,Warszawa,Warszawa,Warszawa,mazowieckie
02-616,Warszawa,Warszawa,Warszawa,mazowieckie
02-610,Warszawa,Warszawa,Warszawa,mazowieckie
03-535,Warszawa,Warszawa,Warszawa,mazowieckie
00-704,Warszawa,Warszawa,Warszawa,mazowieckie
00-794,Warszawa,Warszawa,Warszawa,mazowieckie
03-353,Warszawa,Warszawa,Warszawa,mazowieckie
03-363,Warszawa,Warszawa,Warszawa,mazowieckie
03-376,Warszawa,Warszawa,Warszawa,mazowieckie
04-231,Warszawa,Warszawa,Warszawa,mazowieckie
01-112,Warszawa,Warszawa,Warszawa,mazowieckie
01-189,Warszawa,Warszawa,Warszawa,mazowieckie
01-180,Warszawa,Warszawa,Warszawa,mazowieckie
01-147,Warszawa,Warszawa,Warszawa,mazowieckie
01-186,Warszawa,Warszawa,Warszawa,mazowieckie
01-139,Warszawa,Warszawa,Warszawa,mazowieckie
01-144,Warszawa,Warszawa,Warszawa,mazowieckie
01-401,Warszawa,Warszawa,Warszawa,mazowieckie
01-117,Warszawa,Warszawa,Warszawa,mazowieckie
01-110,Warszawa,Warszawa,Warszawa,mazowieckie
01-460,Warszawa,Warszawa,Warszawa,mazowieckie
01-109,Warszawa,Warszawa,Warszawa,mazowieckie
01-459,Warszawa,Warszawa,Warszawa,mazowieckie
02-063,Warszawa,Warszawa,Warszawa,mazowieckie
00-443,Warszawa,Warszawa,Warszawa,mazowieckie
00-444,Warszawa,Warszawa,Warszawa,mazowieckie
00-432,Warszawa,Warszawa,Warszawa,mazowieckie
00-484,Warszawa,Warszawa,Warszawa,mazowieckie
00-447,Warszawa,Warszawa,Warszawa,mazowieckie
00-458,Warszawa,Warszawa,Warszawa,mazowieckie
00-740,Warszawa,Warszawa,Warszawa,mazowieckie
00-033,Warszawa,Warszawa,Warszawa,mazowieckie
02-996,Warszawa,Warszawa,Warszawa,mazowieckie
02-725,Warszawa,Warszawa,Warszawa,mazowieckie
01-236,Warszawa,Warszawa,Warszawa,mazowieckie
00-519,Warszawa,Warszawa,Warszawa,mazowieckie
03-766,Warszawa,Warszawa,Warszawa,mazowieckie
03-763,Warszawa,Warszawa,Warszawa,mazowieckie
00-130,Warszawa,Warszawa,Warszawa,mazowieckie
02-681,Warszawa,Warszawa,Warszawa,mazowieckie
02-548,Warszawa,Warszawa,Warszawa,mazowieckie
04-062,Warszawa,Warszawa,Warszawa,mazowieckie
04-052,Warszawa,Warszawa,Warszawa,mazowieckie
04-073,Warszawa,Warszawa,Warszawa,mazowieckie
04-007,Warszawa,Warszawa,Warszawa,mazowieckie
01-160,Warszawa,Warszawa,Warszawa,mazowieckie
01-808,Warszawa,Warszawa,Warszawa,mazowieckie
04-836,Warszawa,Warszawa,Warszawa,mazowieckie
03-792,Warszawa,Warszawa,Warszawa,mazowieckie
04-186,Warszawa,Warszawa,Warszawa,mazowieckie
04-217,Warszawa,Warszawa,Warszawa,mazowieckie
04-282,Warszawa,Warszawa,Warszawa,mazowieckie
04-301,Warszawa,Warszawa,Warszawa,mazowieckie
04-172,Warszawa,Warszawa,Warszawa,mazowieckie
04-148,Warszawa,Warszawa,Warszawa,mazowieckie
04-139,Warszawa,Warszawa,Warszawa,mazowieckie
04-328,Warszawa,Warszawa,Warszawa,mazowieckie
04-329,Warszawa,Warszawa,Warszawa,mazowieckie
04-111,Warszawa,Warszawa,Warszawa,mazowieckie
04-357,Warszawa,Warszawa,Warszawa,mazowieckie
04-077,Warszawa,Warszawa,Warszawa,mazowieckie
04-368,Warszawa,Warszawa,Warszawa,mazowieckie
04-001,Warszawa,Warszawa,Warszawa,mazowieckie
04-398,Warszawa,Warszawa,Warszawa,mazowieckie
03-844,Warszawa,Warszawa,Warszawa,mazowieckie
03-849,Warszawa,Warszawa,Warszawa,mazowieckie
03-841,Warszawa,Warszawa,Warszawa,mazowieckie
03-842,Warszawa,Warszawa,Warszawa,mazowieckie
03-840,Warszawa,Warszawa,Warszawa,mazowieckie
03-823,Warszawa,Warszawa,Warszawa,mazowieckie
03-839,Warszawa,Warszawa,Warszawa,mazowieckie
03-838,Warszawa,Warszawa,Warszawa,mazowieckie
01-843,Warszawa,Warszawa,Warszawa,mazowieckie
03-750,Warszawa,Warszawa,Warszawa,mazowieckie
01-255,Warszawa,Warszawa,Warszawa,mazowieckie
00-308,Warszawa,Warszawa,Warszawa,mazowieckie
03-341,Warszawa,Warszawa,Warszawa,mazowieckie
03-814,Warszawa,Warszawa,Warszawa,mazowieckie
01-488,Warszawa,Warszawa,Warszawa,mazowieckie
00-785,Warszawa,Warszawa,Warszawa,mazowieckie
02-019,Warszawa,Warszawa,Warszawa,mazowieckie
02-301,Warszawa,Warszawa,Warszawa,mazowieckie
02-021,Warszawa,Warszawa,Warszawa,mazowieckie
02-030,Warszawa,Warszawa,Warszawa,mazowieckie
02-308,Warszawa,Warszawa,Warszawa,mazowieckie
02-314,Warszawa,Warszawa,Warszawa,mazowieckie
02-031,Warszawa,Warszawa,Warszawa,mazowieckie
02-320,Warszawa,Warszawa,Warszawa,mazowieckie
02-094,Warszawa,Warszawa,Warszawa,mazowieckie
02-339,Warszawa,Warszawa,Warszawa,mazowieckie
02-359,Warszawa,Warszawa,Warszawa,mazowieckie
02-367,Warszawa,Warszawa,Warszawa,mazowieckie
02-101,Warszawa,Warszawa,Warszawa,mazowieckie
02-120,Warszawa,Warszawa,Warszawa,mazowieckie
02-124,Warszawa,Warszawa,Warszawa,mazowieckie
02-383,Warszawa,Warszawa,Warszawa,mazowieckie
02-390,Warszawa,Warszawa,Warszawa,mazowieckie
02-814,Warszawa,Warszawa,Warszawa,mazowieckie
04-665,Warszawa,Warszawa,Warszawa,mazowieckie
03-154,Warszawa,Warszawa,Warszawa,mazowieckie
04-906,Warszawa,Warszawa,Warszawa,mazowieckie
01-787,Warszawa,Warszawa,Warszawa,mazowieckie
02-693,Warszawa,Warszawa,Warszawa,mazowieckie
04-779,Warszawa,Warszawa,Warszawa,mazowieckie
02-458,Warszawa,Warszawa,Warszawa,mazowieckie
03-266,Warszawa,Warszawa,Warszawa,mazowieckie
02-778,Warszawa,Warszawa,Warszawa,mazowieckie
02-122,Warszawa,Warszawa,Warszawa,mazowieckie
04-498,Warszawa,Warszawa,Warszawa,mazowieckie
00-131,Warszawa,Warszawa,Warszawa,mazowieckie
00-132,Warszawa,Warszawa,Warszawa,mazowieckie
00-855,Warszawa,Warszawa,Warszawa,mazowieckie
00-863,Warszawa,Warszawa,Warszawa,mazowieckie
00-115,Warszawa,Warszawa,Warszawa,mazowieckie
00-109,Warszawa,Warszawa,Warszawa,mazowieckie
00-104,Warszawa,Warszawa,Warszawa,mazowieckie
02-809,Warszawa,Warszawa,Warszawa,mazowieckie
01-247,Warszawa,Warszawa,Warszawa,mazowieckie
01-538,Warszawa,Warszawa,Warszawa,mazowieckie
03-872,Warszawa,Warszawa,Warszawa,mazowieckie
04-459,Warszawa,Warszawa,Warszawa,mazowieckie
01-651,Warszawa,Warszawa,Warszawa,mazowieckie
02-804,Warszawa,Warszawa,Warszawa,mazowieckie
04-704,Warszawa,Warszawa,Warszawa,mazowieckie
04-725,Warszawa,Warszawa,Warszawa,mazowieckie
04-658,Warszawa,Warszawa,Warszawa,mazowieckie
01-821,Warszawa,Warszawa,Warszawa,mazowieckie
04-885,Warszawa,Warszawa,Warszawa,mazowieckie
04-864,Warszawa,Warszawa,Warszawa,mazowieckie
04-961,Warszawa,Warszawa,Warszawa,mazowieckie
03-556,Warszawa,Warszawa,Warszawa,mazowieckie
03-557,Warszawa,Warszawa,Warszawa,mazowieckie
03-572,Warszawa,Warszawa,Warszawa,mazowieckie
00-354,Warszawa,Warszawa,Warszawa,mazowieckie
00-769,Warszawa,Warszawa,Warszawa,mazowieckie
02-722,Warszawa,Warszawa,Warszawa,mazowieckie
04-559,Warszawa,Warszawa,Warszawa,mazowieckie
03-478,Warszawa,Warszawa,Warszawa,mazowieckie
02-497,Warszawa,Warszawa,Warszawa,mazowieckie
03-678,Warszawa,Warszawa,Warszawa,mazowieckie
02-216,Warszawa,Warszawa,Warszawa,mazowieckie
02-989,Warszawa,Warszawa,Warszawa,mazowieckie
04-796,Warszawa,Warszawa,Warszawa,mazowieckie
03-666,Warszawa,Warszawa,Warszawa,mazowieckie
03-079,Warszawa,Warszawa,Warszawa,mazowieckie
04-824,Warszawa,Warszawa,Warszawa,mazowieckie
01-938,Warszawa,Warszawa,Warszawa,mazowieckie
04-515,Warszawa,Warszawa,Warszawa,mazowieckie
04-603,Warszawa,Warszawa,Warszawa,mazowieckie
04-305,Warszawa,Warszawa,Warszawa,mazowieckie
01-320,Warszawa,Warszawa,Warszawa,mazowieckie
03-243,Warszawa,Warszawa,Warszawa,mazowieckie
02-195,Warszawa,Warszawa,Warszawa,mazowieckie
00-092,Warszawa,Warszawa,Warszawa,mazowieckie
00-244,Warszawa,Warszawa,Warszawa,mazowieckie
02-191,Warszawa,Warszawa,Warszawa,mazowieckie
01-689,Warszawa,Warszawa,Warszawa,mazowieckie
00-434,Warszawa,Warszawa,Warszawa,mazowieckie
02-048,Warszawa,Warszawa,Warszawa,mazowieckie
03-925,Warszawa,Warszawa,Warszawa,mazowieckie
00-749,Warszawa,Warszawa,Warszawa,mazowieckie
02-821,Warszawa,Warszawa,Warszawa,mazowieckie
02-854,Warszawa,Warszawa,Warszawa,mazowieckie
04-624,Warszawa,Warszawa,Warszawa,mazowieckie
03-522,Warszawa,Warszawa,Warszawa,mazowieckie
04-880,Warszawa,Warszawa,Warszawa,mazowieckie
01-565,Warszawa,Warszawa,Warszawa,mazowieckie
00-528,Warszawa,Warszawa,Warszawa,mazowieckie
00-521,Warszawa,Warszawa,Warszawa,mazowieckie
00-516,Warszawa,Warszawa,Warszawa,mazowieckie
00-682,Warszawa,Warszawa,Warszawa,mazowieckie
00-681,Warszawa,Warszawa,Warszawa,mazowieckie
01-209,Warszawa,Warszawa,Warszawa,mazowieckie
02-203,Warszawa,Warszawa,Warszawa,mazowieckie
00-730,Warszawa,Warszawa,Warszawa,mazowieckie
03-192,Warszawa,Warszawa,Warszawa,mazowieckie
04-826,Warszawa,Warszawa,Warszawa,mazowieckie
01-988,Warszawa,Warszawa,Warszawa,mazowieckie
00-789,Warszawa,Warszawa,Warszawa,mazowieckie
02-489,Warszawa,Warszawa,Warszawa,mazowieckie
03-791,Warszawa,Warszawa,Warszawa,mazowieckie
02-149,Warszawa,Warszawa,Warszawa,mazowieckie
02-812,Warszawa,Warszawa,Warszawa,mazowieckie
00-442,Warszawa,Warszawa,Warszawa,mazowieckie
04-087,Warszawa,Warszawa,Warszawa,mazowieckie
04-083,Warszawa,Warszawa,Warszawa,mazowieckie
04-955,Warszawa,Warszawa,Warszawa,mazowieckie
04-479,Warszawa,Warszawa,Warszawa,mazowieckie
02-135,Warszawa,Warszawa,Warszawa,mazowieckie
02-710,Warszawa,Warszawa,Warszawa,mazowieckie
01-992,Warszawa,Warszawa,Warszawa,mazowieckie
01-793,Warszawa,Warszawa,Warszawa,mazowieckie
02-163,Warszawa,Warszawa,Warszawa,mazowieckie
02-889,Warszawa,Warszawa,Warszawa,mazowieckie
03-957,Warszawa,Warszawa,Warszawa,mazowieckie
00-189,Warszawa,Warszawa,Warszawa,mazowieckie
02-711,Warszawa,Warszawa,Warszawa,mazowieckie
02-237,Warszawa,Warszawa,Warszawa,mazowieckie
03-004,Warszawa,Warszawa,Warszawa,mazowieckie
01-514,Warszawa,Warszawa,Warszawa,mazowieckie
01-553,Warszawa,Warszawa,Warszawa,mazowieckie
01-552,Warszawa,Warszawa,Warszawa,mazowieckie
03-410,Warszawa,Warszawa,Warszawa,mazowieckie
03-422,Warszawa,Warszawa,Warszawa,mazowieckie
02-661,Warszawa,Warszawa,Warszawa,mazowieckie
01-317,Warszawa,Warszawa,Warszawa,mazowieckie
00-735,Warszawa,Warszawa,Warszawa,mazowieckie
01-738,Warszawa,Warszawa,Warszawa,mazowieckie
04-838,Warszawa,Warszawa,Warszawa,mazowieckie
04-822,Warszawa,Warszawa,Warszawa,mazowieckie
04-252,Warszawa,Warszawa,Warszawa,mazowieckie
04-833,Warszawa,Warszawa,Warszawa,mazowieckie
04-683,Warszawa,Warszawa,Warszawa,mazowieckie
04-652,Warszawa,Warszawa,Warszawa,mazowieckie
04-995,Warszawa,Warszawa,Warszawa,mazowieckie
01-631,Warszawa,Warszawa,Warszawa,mazowieckie
03-761,Warszawa,Warszawa,Warszawa,mazowieckie
01-986,Warszawa,Warszawa,Warszawa,mazowieckie
03-721,Warszawa,Warszawa,Warszawa,mazowieckie
03-719,Warszawa,Warszawa,Warszawa,mazowieckie
03-462,Warszawa,Warszawa,Warszawa,mazowieckie
03-301,Warszawa,Warszawa,Warszawa,mazowieckie
03-463,Warszawa,Warszawa,Warszawa,mazowieckie
03-468,Warszawa,Warszawa,Warszawa,mazowieckie
03-303,Warszawa,Warszawa,Warszawa,mazowieckie
03-215,Warszawa,Warszawa,Warszawa,mazowieckie
02-886,Warszawa,Warszawa,Warszawa,mazowieckie
03-125,Warszawa,Warszawa,Warszawa,mazowieckie
04-424,Warszawa,Warszawa,Warszawa,mazowieckie
04-863,Warszawa,Warszawa,Warszawa,mazowieckie
02-240,Warszawa,Warszawa,Warszawa,mazowieckie
01-202,Warszawa,Warszawa,Warszawa,mazowieckie
02-259,Warszawa,Warszawa,Warszawa,mazowieckie
01-975,Warszawa,Warszawa,Warszawa,mazowieckie
00-580,Warszawa,Warszawa,Warszawa,mazowieckie
00-582,Warszawa,Warszawa,Warszawa,mazowieckie
00-057,Warszawa,Warszawa,Warszawa,mazowieckie
00-055,Warszawa,Warszawa,Warszawa,mazowieckie
02-957,Warszawa,Warszawa,Warszawa,mazowieckie
02-930,Warszawa,Warszawa,Warszawa,mazowieckie
02-941,Warszawa,Warszawa,Warszawa,mazowieckie
00-763,Warszawa,Warszawa,Warszawa,mazowieckie
00-764,Warszawa,Warszawa,Warszawa,mazowieckie
01-248,Warszawa,Warszawa,Warszawa,mazowieckie
01-267,Warszawa,Warszawa,Warszawa,mazowieckie
01-111,Warszawa,Warszawa,Warszawa,mazowieckie
01-108,Warszawa,Warszawa,Warszawa,mazowieckie
01-102,Warszawa,Warszawa,Warszawa,mazowieckie
01-373,Warszawa,Warszawa,Warszawa,mazowieckie
00-804,Warszawa,Warszawa,Warszawa,mazowieckie
00-823,Warszawa,Warszawa,Warszawa,mazowieckie
00-828,Warszawa,Warszawa,Warszawa,mazowieckie
00-124,Warszawa,Warszawa,Warszawa,mazowieckie
00-133,Warszawa,Warszawa,Warszawa,mazowieckie
00-141,Warszawa,Warszawa,Warszawa,mazowieckie
00-899,Warszawa,Warszawa,Warszawa,mazowieckie
01-001,Warszawa,Warszawa,Warszawa,mazowieckie
00-145,Warszawa,Warszawa,Warszawa,mazowieckie
01-008,Warszawa,Warszawa,Warszawa,mazowieckie
00-148,Warszawa,Warszawa,Warszawa,mazowieckie
01-021,Warszawa,Warszawa,Warszawa,mazowieckie
01-024,Warszawa,Warszawa,Warszawa,mazowieckie
00-152,Warszawa,Warszawa,Warszawa,mazowieckie
00-156,Warszawa,Warszawa,Warszawa,mazowieckie
01-031,Warszawa,Warszawa,Warszawa,mazowieckie
00-166,Warszawa,Warszawa,Warszawa,mazowieckie
00-170,Warszawa,Warszawa,Warszawa,mazowieckie
00-175,Warszawa,Warszawa,Warszawa,mazowieckie
02-960,Warszawa,Warszawa,Warszawa,mazowieckie
02-264,Warszawa,Warszawa,Warszawa,mazowieckie
02-188,Warszawa,Warszawa,Warszawa,mazowieckie
02-129,Warszawa,Warszawa,Warszawa,mazowieckie
04-690,Warszawa,Warszawa,Warszawa,mazowieckie
04-816,Warszawa,Warszawa,Warszawa,mazowieckie
03-887,Warszawa,Warszawa,Warszawa,mazowieckie
02-228,Warszawa,Warszawa,Warszawa,mazowieckie
01-452,Warszawa,Warszawa,Warszawa,mazowieckie
04-860,Warszawa,Warszawa,Warszawa,mazowieckie
02-670,Warszawa,Warszawa,Warszawa,mazowieckie
00-378,Warszawa,Warszawa,Warszawa,mazowieckie
04-171,Warszawa,Warszawa,Warszawa,mazowieckie
04-156,Warszawa,Warszawa,Warszawa,mazowieckie
03-208,Warszawa,Warszawa,Warszawa,mazowieckie
01-881,Warszawa,Warszawa,Warszawa,mazowieckie
02-128,Warszawa,Warszawa,Warszawa,mazowieckie
03-705,Warszawa,Warszawa,Warszawa,mazowieckie
02-891,Warszawa,Warszawa,Warszawa,mazowieckie
04-709,Warszawa,Warszawa,Warszawa,mazowieckie
00-013,Warszawa,Warszawa,Warszawa,mazowieckie
00-007,Warszawa,Warszawa,Warszawa,mazowieckie
00-003,Warszawa,Warszawa,Warszawa,mazowieckie
00-041,Warszawa,Warszawa,Warszawa,mazowieckie
00-058,Warszawa,Warszawa,Warszawa,mazowieckie
00-054,Warszawa,Warszawa,Warszawa,mazowieckie
01-745,Warszawa,Warszawa,Warszawa,mazowieckie
01-728,Warszawa,Warszawa,Warszawa,mazowieckie
04-878,Warszawa,Warszawa,Warszawa,mazowieckie
02-934,Warszawa,Warszawa,Warszawa,mazowieckie
01-585,Warszawa,Warszawa,Warszawa,mazowieckie
00-766,Warszawa,Warszawa,Warszawa,mazowieckie
04-482,Warszawa,Warszawa,Warszawa,mazowieckie
00-634,Warszawa,Warszawa,Warszawa,mazowieckie
04-260,Warszawa,Warszawa,Warszawa,mazowieckie
00-731,Warszawa,Warszawa,Warszawa,mazowieckie
04-748,Warszawa,Warszawa,Warszawa,mazowieckie
03-891,Warszawa,Warszawa,Warszawa,mazowieckie
01-646,Warszawa,Warszawa,Warszawa,mazowieckie
04-746,Warszawa,Warszawa,Warszawa,mazowieckie
00-374,Warszawa,Warszawa,Warszawa,mazowieckie
00-495,Warszawa,Warszawa,Warszawa,mazowieckie
00-508,Warszawa,Warszawa,Warszawa,mazowieckie
00-024,Warszawa,Warszawa,Warszawa,mazowieckie
00-692,Warszawa,Warszawa,Warszawa,mazowieckie
00-697,Warszawa,Warszawa,Warszawa,mazowieckie
00-803,Warszawa,Warszawa,Warszawa,mazowieckie
02-001,Warszawa,Warszawa,Warszawa,mazowieckie
00-807,Warszawa,Warszawa,Warszawa,mazowieckie
02-011,Warszawa,Warszawa,Warszawa,mazowieckie
02-017,Warszawa,Warszawa,Warszawa,mazowieckie
00-813,Warszawa,Warszawa,Warszawa,mazowieckie
02-305,Warszawa,Warszawa,Warszawa,mazowieckie
02-304,Warszawa,Warszawa,Warszawa,mazowieckie
02-326,Warszawa,Warszawa,Warszawa,mazowieckie
02-342,Warszawa,Warszawa,Warszawa,mazowieckie
02-208,Warszawa,Warszawa,Warszawa,mazowieckie
02-486,Warszawa,Warszawa,Warszawa,mazowieckie
02-222,Warszawa,Warszawa,Warszawa,mazowieckie
03-910,Warszawa,Warszawa,Warszawa,mazowieckie
04-030,Warszawa,Warszawa,Warszawa,mazowieckie
04-015,Warszawa,Warszawa,Warszawa,mazowieckie
04-008,Warszawa,Warszawa,Warszawa,mazowieckie
04-074,Warszawa,Warszawa,Warszawa,mazowieckie
04-076,Warszawa,Warszawa,Warszawa,mazowieckie
02-073,Warszawa,Warszawa,Warszawa,mazowieckie
03-890,Warszawa,Warszawa,Warszawa,mazowieckie
00-457,Warszawa,Warszawa,Warszawa,mazowieckie
01-521,Warszawa,Warszawa,Warszawa,mazowieckie
02-863,Warszawa,Warszawa,Warszawa,mazowieckie
02-911,Warszawa,Warszawa,Warszawa,mazowieckie
03-991,Warszawa,Warszawa,Warszawa,mazowieckie
00-281,Warszawa,Warszawa,Warszawa,mazowieckie
03-033,Warszawa,Warszawa,Warszawa,mazowieckie
03-173,Warszawa,Warszawa,Warszawa,mazowieckie
04-770,Warszawa,Warszawa,Warszawa,mazowieckie
01-624,Warszawa,Warszawa,Warszawa,mazowieckie
02-907,Warszawa,Warszawa,Warszawa,mazowieckie
02-646,Warszawa,Warszawa,Warszawa,mazowieckie
04-823,Warszawa,Warszawa,Warszawa,mazowieckie
04-204,Warszawa,Warszawa,Warszawa,mazowieckie
02-317,Warszawa,Warszawa,Warszawa,mazowieckie
01-368,Warszawa,Warszawa,Warszawa,mazowieckie
03-584,Warszawa,Warszawa,Warszawa,mazowieckie
03-593,Warszawa,Warszawa,Warszawa,mazowieckie
00-703,Warszawa,Warszawa,Warszawa,mazowieckie
03-784,Warszawa,Warszawa,Warszawa,mazowieckie
04-190,Warszawa,Warszawa,Warszawa,mazowieckie
04-784,Warszawa,Warszawa,Warszawa,mazowieckie
03-338,Warszawa,Warszawa,Warszawa,mazowieckie
00-327,Warszawa,Warszawa,Warszawa,mazowieckie
02-230,Warszawa,Warszawa,Warszawa,mazowieckie
02-231,Warszawa,Warszawa,Warszawa,mazowieckie
01-942,Warszawa,Warszawa,Warszawa,mazowieckie
03-117,Warszawa,Warszawa,Warszawa,mazowieckie
04-480,Warszawa,Warszawa,Warszawa,mazowieckie
01-013,Warszawa,Warszawa,Warszawa,mazowieckie
01-064,Warszawa,Warszawa,Warszawa,mazowieckie
04-556,Warszawa,Warszawa,Warszawa,mazowieckie
04-516,Warszawa,Warszawa,Warszawa,mazowieckie
04-712,Warszawa,Warszawa,Warszawa,mazowieckie
04-421,Warszawa,Warszawa,Warszawa,mazowieckie
04-426,Warszawa,Warszawa,Warszawa,mazowieckie
02-851,Warszawa,Warszawa,Warszawa,mazowieckie
02-838,Warszawa,Warszawa,Warszawa,mazowieckie
04-634,Warszawa,Warszawa,Warszawa,mazowieckie
04-621,Warszawa,Warszawa,Warszawa,mazowieckie
04-042,Warszawa,Warszawa,Warszawa,mazowieckie
02-702,Warszawa,Warszawa,Warszawa,mazowieckie
03-105,Warszawa,Warszawa,Warszawa,mazowieckie
04-445,Warszawa,Warszawa,Warszawa,mazowieckie
04-513,Warszawa,Warszawa,Warszawa,mazowieckie
02-316,Warszawa,Warszawa,Warszawa,mazowieckie
01-476,Warszawa,Warszawa,Warszawa,mazowieckie
01-909,Warszawa,Warszawa,Warszawa,mazowieckie
03-406,Warszawa,Warszawa,Warszawa,mazowieckie
03-404,Warszawa,Warszawa,Warszawa,mazowieckie
03-441,Warszawa,Warszawa,Warszawa,mazowieckie
00-275,Warszawa,Warszawa,Warszawa,mazowieckie
04-975,Warszawa,Warszawa,Warszawa,mazowieckie
03-130,Warszawa,Warszawa,Warszawa,mazowieckie
03-805,Warszawa,Warszawa,Warszawa,mazowieckie
03-812,Warszawa,Warszawa,Warszawa,mazowieckie
02-818,Warszawa,Warszawa,Warszawa,mazowieckie
01-529,Warszawa,Warszawa,Warszawa,mazowieckie
00-278,Warszawa,Warszawa,Warszawa,mazowieckie
04-425,Warszawa,Warszawa,Warszawa,mazowieckie
04-046,Warszawa,Warszawa,Warszawa,mazowieckie
02-876,Warszawa,Warszawa,Warszawa,mazowieckie
00-253,Warszawa,Warszawa,Warszawa,mazowieckie
00-249,Warszawa,Warszawa,Warszawa,mazowieckie
01-448,Warszawa,Warszawa,Warszawa,mazowieckie
00-245,Warszawa,Warszawa,Warszawa,mazowieckie
01-313,Warszawa,Warszawa,Warszawa,mazowieckie
04-112,Warszawa,Warszawa,Warszawa,mazowieckie
02-755,Warszawa,Warszawa,Warszawa,mazowieckie
02-871,Warszawa,Warszawa,Warszawa,mazowieckie
03-602,Warszawa,Warszawa,Warszawa,mazowieckie
04-261,Warszawa,Warszawa,Warszawa,mazowieckie
01-262,Warszawa,Warszawa,Warszawa,mazowieckie
02-501,Warszawa,Warszawa,Warszawa,mazowieckie
02-552,Warszawa,Warszawa,Warszawa,mazowieckie
02-887,Warszawa,Warszawa,Warszawa,mazowieckie
00-149,Warszawa,Warszawa,Warszawa,mazowieckie
00-155,Warszawa,Warszawa,Warszawa,mazowieckie
00-163,Warszawa,Warszawa,Warszawa,mazowieckie
00-168,Warszawa,Warszawa,Warszawa,mazowieckie
00-186,Warszawa,Warszawa,Warszawa,mazowieckie
00-173,Warszawa,Warszawa,Warszawa,mazowieckie
00-181,Warszawa,Warszawa,Warszawa,mazowieckie
02-970,Warszawa,Warszawa,Warszawa,mazowieckie
02-853,Warszawa,Warszawa,Warszawa,mazowieckie
03-162,Warszawa,Warszawa,Warszawa,mazowieckie
01-207,Warszawa,Warszawa,Warszawa,mazowieckie
01-203,Warszawa,Warszawa,Warszawa,mazowieckie
01-197,Warszawa,Warszawa,Warszawa,mazowieckie
01-193,Warszawa,Warszawa,Warszawa,mazowieckie
00-315,Warszawa,Warszawa,Warszawa,mazowieckie
00-324,Warszawa,Warszawa,Warszawa,mazowieckie
04-541,Warszawa,Warszawa,Warszawa,mazowieckie
01-609,Warszawa,Warszawa,Warszawa,mazowieckie
01-810,Warszawa,Warszawa,Warszawa,mazowieckie
04-781,Warszawa,Warszawa,Warszawa,mazowieckie
01-694,Warszawa,Warszawa,Warszawa,mazowieckie
01-859,Warszawa,Warszawa,Warszawa,mazowieckie
01-871,Warszawa,Warszawa,Warszawa,mazowieckie
01-817,Warszawa,Warszawa,Warszawa,mazowieckie
01-836,Warszawa,Warszawa,Warszawa,mazowieckie
01-949,Warszawa,Warszawa,Warszawa,mazowieckie
01-823,Warszawa,Warszawa,Warszawa,mazowieckie
01-224,Warszawa,Warszawa,Warszawa,mazowieckie
01-234,Warszawa,Warszawa,Warszawa,mazowieckie
01-362,Warszawa,Warszawa,Warszawa,mazowieckie
00-733,Warszawa,Warszawa,Warszawa,mazowieckie
03-653,Warszawa,Warszawa,Warszawa,mazowieckie
02-294,Warszawa,Warszawa,Warszawa,mazowieckie
02-763,Warszawa,Warszawa,Warszawa,mazowieckie
04-453,Warszawa,Warszawa,Warszawa,mazowieckie
04-167,Warszawa,Warszawa,Warszawa,mazowieckie
04-152,Warszawa,Warszawa,Warszawa,mazowieckie
04-154,Warszawa,Warszawa,Warszawa,mazowieckie
03-775,Warszawa,Warszawa,Warszawa,mazowieckie
03-772,Warszawa,Warszawa,Warszawa,mazowieckie
03-770,Warszawa,Warszawa,Warszawa,mazowieckie
01-496,Warszawa,Warszawa,Warszawa,mazowieckie
03-988,Warszawa,Warszawa,Warszawa,mazowieckie
02-249,Warszawa,Warszawa,Warszawa,mazowieckie
02-589,Warszawa,Warszawa,Warszawa,mazowieckie
02-572,Warszawa,Warszawa,Warszawa,mazowieckie
02-546,Warszawa,Warszawa,Warszawa,mazowieckie
02-538,Warszawa,Warszawa,Warszawa,mazowieckie
02-543,Warszawa,Warszawa,Warszawa,mazowieckie
02-518,Warszawa,Warszawa,Warszawa,mazowieckie
03-001,Warszawa,Warszawa,Warszawa,mazowieckie
02-795,Warszawa,Warszawa,Warszawa,mazowieckie
02-850,Warszawa,Warszawa,Warszawa,mazowieckie
04-848,Warszawa,Warszawa,Warszawa,mazowieckie
04-842,Warszawa,Warszawa,Warszawa,mazowieckie
04-926,Warszawa,Warszawa,Warszawa,mazowieckie
01-638,Warszawa,Warszawa,Warszawa,mazowieckie
03-178,Warszawa,Warszawa,Warszawa,mazowieckie
03-730,Warszawa,Warszawa,Warszawa,mazowieckie
03-059,Warszawa,Warszawa,Warszawa,mazowieckie
04-223,Warszawa,Warszawa,Warszawa,mazowieckie
04-373,Warszawa,Warszawa,Warszawa,mazowieckie
04-369,Warszawa,Warszawa,Warszawa,mazowieckie
04-397,Warszawa,Warszawa,Warszawa,mazowieckie
04-390,Warszawa,Warszawa,Warszawa,mazowieckie
03-355,Warszawa,Warszawa,Warszawa,mazowieckie
02-504,Warszawa,Warszawa,Warszawa,mazowieckie
02-550,Warszawa,Warszawa,Warszawa,mazowieckie
02-530,Warszawa,Warszawa,Warszawa,mazowieckie
01-707,Warszawa,Warszawa,Warszawa,mazowieckie
03-161,Warszawa,Warszawa,Warszawa,mazowieckie
02-962,Warszawa,Warszawa,Warszawa,mazowieckie
03-738,Warszawa,Warszawa,Warszawa,mazowieckie
03-743,Warszawa,Warszawa,Warszawa,mazowieckie
00-257,Warszawa,Warszawa,Warszawa,mazowieckie
02-198,Warszawa,Warszawa,Warszawa,mazowieckie
04-019,Warszawa,Warszawa,Warszawa,mazowieckie
04-017,Warszawa,Warszawa,Warszawa,mazowieckie
04-324,Warszawa,Warszawa,Warszawa,mazowieckie
04-334,Warszawa,Warszawa,Warszawa,mazowieckie
04-072,Warszawa,Warszawa,Warszawa,mazowieckie
04-940,Warszawa,Warszawa,Warszawa,mazowieckie
03-685,Warszawa,Warszawa,Warszawa,mazowieckie
02-875,Warszawa,Warszawa,Warszawa,mazowieckie
02-923,Warszawa,Warszawa,Warszawa,mazowieckie
03-115,Warszawa,Warszawa,Warszawa,mazowieckie
03-163,Warszawa,Warszawa,Warszawa,mazowieckie
01-684,Warszawa,Warszawa,Warszawa,mazowieckie
03-782,Warszawa,Warszawa,Warszawa,mazowieckie
01-446,Warszawa,Warszawa,Warszawa,mazowieckie
01-851,Warszawa,Warszawa,Warszawa,mazowieckie
01-826,Warszawa,Warszawa,Warszawa,mazowieckie
01-478,Warszawa,Warszawa,Warszawa,mazowieckie
03-797,Warszawa,Warszawa,Warszawa,mazowieckie
02-485,Warszawa,Warszawa,Warszawa,mazowieckie
04-854,Warszawa,Warszawa,Warszawa,mazowieckie
04-672,Warszawa,Warszawa,Warszawa,mazowieckie
04-681,Warszawa,Warszawa,Warszawa,mazowieckie
04-654,Warszawa,Warszawa,Warszawa,mazowieckie
02-286,Warszawa,Warszawa,Warszawa,mazowieckie
01-228,Warszawa,Warszawa,Warszawa,mazowieckie
02-847,Warszawa,Warszawa,Warszawa,mazowieckie
03-892,Warszawa,Warszawa,Warszawa,mazowieckie
01-715,Warszawa,Warszawa,Warszawa,mazowieckie
04-913,Warszawa,Warszawa,Warszawa,mazowieckie
00-197,Warszawa,Warszawa,Warszawa,mazowieckie
03-718,Warszawa,Warszawa,Warszawa,mazowieckie
03-717,Warszawa,Warszawa,Warszawa,mazowieckie
03-708,Warszawa,Warszawa,Warszawa,mazowieckie
03-720,Warszawa,Warszawa,Warszawa,mazowieckie
02-466,Warszawa,Warszawa,Warszawa,mazowieckie
03-050,Warszawa,Warszawa,Warszawa,mazowieckie
04-483,Warszawa,Warszawa,Warszawa,mazowieckie
02-728,Warszawa,Warszawa,Warszawa,mazowieckie
04-991,Warszawa,Warszawa,Warszawa,mazowieckie
01-607,Warszawa,Warszawa,Warszawa,mazowieckie
01-617,Warszawa,Warszawa,Warszawa,mazowieckie
03-647,Warszawa,Warszawa,Warszawa,mazowieckie
04-359,Warszawa,Warszawa,Warszawa,mazowieckie
04-371,Warszawa,Warszawa,Warszawa,mazowieckie
04-389,Warszawa,Warszawa,Warszawa,mazowieckie
04-370,Warszawa,Warszawa,Warszawa,mazowieckie
04-372,Warszawa,Warszawa,Warszawa,mazowieckie
03-835,Warszawa,Warszawa,Warszawa,mazowieckie
03-179,Warszawa,Warszawa,Warszawa,mazowieckie
04-669,Warszawa,Warszawa,Warszawa,mazowieckie
02-984,Warszawa,Warszawa,Warszawa,mazowieckie
01-864,Warszawa,Warszawa,Warszawa,mazowieckie
01-574,Warszawa,Warszawa,Warszawa,mazowieckie
04-758,Warszawa,Warszawa,Warszawa,mazowieckie
02-888,Warszawa,Warszawa,Warszawa,mazowieckie
04-191,Warszawa,Warszawa,Warszawa,mazowieckie
03-696,Warszawa,Warszawa,Warszawa,mazowieckie
02-691,Warszawa,Warszawa,Warszawa,mazowieckie
04-718,Warszawa,Warszawa,Warszawa,mazowieckie
03-646,Warszawa,Warszawa,Warszawa,mazowieckie
01-217,Warszawa,Warszawa,Warszawa,mazowieckie
01-210,Warszawa,Warszawa,Warszawa,mazowieckie
01-692,Warszawa,Warszawa,Warszawa,mazowieckie
02-242,Warszawa,Warszawa,Warszawa,mazowieckie
01-045,Warszawa,Warszawa,Warszawa,mazowieckie
02-288,Warszawa,Warszawa,Warszawa,mazowieckie
03-171,Warszawa,Warszawa,Warszawa,mazowieckie
01-462,Warszawa,Warszawa,Warszawa,mazowieckie
04-272,Warszawa,Warszawa,Warszawa,mazowieckie
02-093,Warszawa,Warszawa,Warszawa,mazowieckie
03-536,Warszawa,Warszawa,Warszawa,mazowieckie
04-485,Warszawa,Warszawa,Warszawa,mazowieckie
04-679,Warszawa,Warszawa,Warszawa,mazowieckie
02-517,Warszawa,Warszawa,Warszawa,mazowieckie
04-410,Warszawa,Warszawa,Warszawa,mazowieckie
02-148,Warszawa,Warszawa,Warszawa,mazowieckie
02-146,Warszawa,Warszawa,Warszawa,mazowieckie
04-161,Warszawa,Warszawa,Warszawa,mazowieckie
04-149,Warszawa,Warszawa,Warszawa,mazowieckie
04-048,Warszawa,Warszawa,Warszawa,mazowieckie
03-684,Warszawa,Warszawa,Warszawa,mazowieckie
03-242,Warszawa,Warszawa,Warszawa,mazowieckie
03-285,Warszawa,Warszawa,Warszawa,mazowieckie
00-775,Warszawa,Warszawa,Warszawa,mazowieckie
01-834,Warszawa,Warszawa,Warszawa,mazowieckie
04-267,Warszawa,Warszawa,Warszawa,mazowieckie
03-428,Warszawa,Warszawa,Warszawa,mazowieckie
00-335,Warszawa,Warszawa,Warszawa,mazowieckie
04-707,Warszawa,Warszawa,Warszawa,mazowieckie
00-491,Warszawa,Warszawa,Warszawa,mazowieckie
02-942,Warszawa,Warszawa,Warszawa,mazowieckie
00-647,Warszawa,Warszawa,Warszawa,mazowieckie
00-552,Warszawa,Warszawa,Warszawa,mazowieckie
00-657,Warszawa,Warszawa,Warszawa,mazowieckie
00-550,Warszawa,Warszawa,Warszawa,mazowieckie
00-674,Warszawa,Warszawa,Warszawa,mazowieckie
01-345,Warszawa,Warszawa,Warszawa,mazowieckie
00-217,Warszawa,Warszawa,Warszawa,mazowieckie
00-216,Warszawa,Warszawa,Warszawa,mazowieckie
00-206,Warszawa,Warszawa,Warszawa,mazowieckie
04-407,Warszawa,Warszawa,Warszawa,mazowieckie
02-785,Warszawa,Warszawa,Warszawa,mazowieckie
01-321,Warszawa,Warszawa,Warszawa,mazowieckie
00-367,Warszawa,Warszawa,Warszawa,mazowieckie
00-359,Warszawa,Warszawa,Warszawa,mazowieckie
00-336,Warszawa,Warszawa,Warszawa,mazowieckie
00-328,Warszawa,Warszawa,Warszawa,mazowieckie
03-274,Warszawa,Warszawa,Warszawa,mazowieckie
02-321,Warszawa,Warszawa,Warszawa,mazowieckie
02-327,Warszawa,Warszawa,Warszawa,mazowieckie
04-813,Warszawa,Warszawa,Warszawa,mazowieckie
04-285,Warszawa,Warszawa,Warszawa,mazowieckie
03-188,Warszawa,Warszawa,Warszawa,mazowieckie
01-213,Warszawa,Warszawa,Warszawa,mazowieckie
04-143,Warszawa,Warszawa,Warszawa,mazowieckie
04-327,Warszawa,Warszawa,Warszawa,mazowieckie
04-330,Warszawa,Warszawa,Warszawa,mazowieckie
04-355,Warszawa,Warszawa,Warszawa,mazowieckie
04-451,Warszawa,Warszawa,Warszawa,mazowieckie
04-418,Warszawa,Warszawa,Warszawa,mazowieckie
04-502,Warszawa,Warszawa,Warszawa,mazowieckie
04-519,Warszawa,Warszawa,Warszawa,mazowieckie
04-549,Warszawa,Warszawa,Warszawa,mazowieckie
02-121,Warszawa,Warszawa,Warszawa,mazowieckie
02-123,Warszawa,Warszawa,Warszawa,mazowieckie
03-744,Warszawa,Warszawa,Warszawa,mazowieckie
03-687,Warszawa,Warszawa,Warszawa,mazowieckie
04-558,Warszawa,Warszawa,Warszawa,mazowieckie
04-085,Warszawa,Warszawa,Warszawa,mazowieckie
04-109,Warszawa,Warszawa,Warszawa,mazowieckie
02-049,Warszawa,Warszawa,Warszawa,mazowieckie
03-571,Warszawa,Warszawa,Warszawa,mazowieckie
03-626,Warszawa,Warszawa,Warszawa,mazowieckie
02-948,Warszawa,Warszawa,Warszawa,mazowieckie
02-953,Warszawa,Warszawa,Warszawa,mazowieckie
02-450,Warszawa,Warszawa,Warszawa,mazowieckie
01-576,Warszawa,Warszawa,Warszawa,mazowieckie
04-744,Warszawa,Warszawa,Warszawa,mazowieckie
00-768,Warszawa,Warszawa,Warszawa,mazowieckie
02-979,Warszawa,Warszawa,Warszawa,mazowieckie
04-641,Warszawa,Warszawa,Warszawa,mazowieckie
04-829,Warszawa,Warszawa,Warszawa,mazowieckie
00-706,Warszawa,Warszawa,Warszawa,mazowieckie
00-564,Warszawa,Warszawa,Warszawa,mazowieckie
00-562,Warszawa,Warszawa,Warszawa,mazowieckie
00-555,Warszawa,Warszawa,Warszawa,mazowieckie
00-553,Warszawa,Warszawa,Warszawa,mazowieckie
00-675,Warszawa,Warszawa,Warszawa,mazowieckie
00-659,Warszawa,Warszawa,Warszawa,mazowieckie
00-673,Warszawa,Warszawa,Warszawa,mazowieckie
00-660,Warszawa,Warszawa,Warszawa,mazowieckie
00-667,Warszawa,Warszawa,Warszawa,mazowieckie
00-671,Warszawa,Warszawa,Warszawa,mazowieckie
00-662,Warszawa,Warszawa,Warszawa,mazowieckie
02-008,Warszawa,Warszawa,Warszawa,mazowieckie
02-012,Warszawa,Warszawa,Warszawa,mazowieckie
00-218,Warszawa,Warszawa,Warszawa,mazowieckie
03-640,Warszawa,Warszawa,Warszawa,mazowieckie
04-570,Warszawa,Warszawa,Warszawa,mazowieckie
04-545,Warszawa,Warszawa,Warszawa,mazowieckie
04-552,Warszawa,Warszawa,Warszawa,mazowieckie
02-177,Warszawa,Warszawa,Warszawa,mazowieckie
03-193,Warszawa,Warszawa,Warszawa,mazowieckie
03-288,Warszawa,Warszawa,Warszawa,mazowieckie
04-741,Warszawa,Warszawa,Warszawa,mazowieckie
03-432,Warszawa,Warszawa,Warszawa,mazowieckie
03-438,Warszawa,Warszawa,Warszawa,mazowieckie
00-070,Warszawa,Warszawa,Warszawa,mazowieckie
01-163,Warszawa,Warszawa,Warszawa,mazowieckie
04-872,Warszawa,Warszawa,Warszawa,mazowieckie
01-571,Warszawa,Warszawa,Warszawa,mazowieckie
02-438,Warszawa,Warszawa,Warszawa,mazowieckie
00-234,Warszawa,Warszawa,Warszawa,mazowieckie
00-228,Warszawa,Warszawa,Warszawa,mazowieckie
01-606,Warszawa,Warszawa,Warszawa,mazowieckie
00-452,Warszawa,Warszawa,Warszawa,mazowieckie
00-435,Warszawa,Warszawa,Warszawa,mazowieckie
00-448,Warszawa,Warszawa,Warszawa,mazowieckie
00-431,Warszawa,Warszawa,Warszawa,mazowieckie
04-715,Warszawa,Warszawa,Warszawa,mazowieckie
02-870,Warszawa,Warszawa,Warszawa,mazowieckie
03-659,Warszawa,Warszawa,Warszawa,mazowieckie
01-520,Warszawa,Warszawa,Warszawa,mazowieckie
02-255,Warszawa,Warszawa,Warszawa,mazowieckie
02-183,Warszawa,Warszawa,Warszawa,mazowieckie
02-284,Warszawa,Warszawa,Warszawa,mazowieckie
02-180,Warszawa,Warszawa,Warszawa,mazowieckie
02-256,Warszawa,Warszawa,Warszawa,mazowieckie
02-254,Warszawa,Warszawa,Warszawa,mazowieckie
02-219,Warszawa,Warszawa,Warszawa,mazowieckie
02-133,Warszawa,Warszawa,Warszawa,mazowieckie
02-210,Warszawa,Warszawa,Warszawa,mazowieckie
00-047,Warszawa,Warszawa,Warszawa,mazowieckie
00-333,Warszawa,Warszawa,Warszawa,mazowieckie
00-325,Warszawa,Warszawa,Warszawa,mazowieckie
00-068,Warszawa,Warszawa,Warszawa,mazowieckie
00-071,Warszawa,Warszawa,Warszawa,mazowieckie
00-322,Warszawa,Warszawa,Warszawa,mazowieckie
00-079,Warszawa,Warszawa,Warszawa,mazowieckie
03-390,Warszawa,Warszawa,Warszawa,mazowieckie
02-493,Warszawa,Warszawa,Warszawa,mazowieckie
02-628,Warszawa,Warszawa,Warszawa,mazowieckie
02-611,Warszawa,Warszawa,Warszawa,mazowieckie
02-608,Warszawa,Warszawa,Warszawa,mazowieckie
03-379,Warszawa,Warszawa,Warszawa,mazowieckie
00-207,Warszawa,Warszawa,Warszawa,mazowieckie
01-530,Warszawa,Warszawa,Warszawa,mazowieckie
01-601,Warszawa,Warszawa,Warszawa,mazowieckie
01-615,Warszawa,Warszawa,Warszawa,mazowieckie
01-566,Warszawa,Warszawa,Warszawa,mazowieckie
01-581,Warszawa,Warszawa,Warszawa,mazowieckie
01-769,Warszawa,Warszawa,Warszawa,mazowieckie
01-580,Warszawa,Warszawa,Warszawa,mazowieckie
01-784,Warszawa,Warszawa,Warszawa,mazowieckie
01-779,Warszawa,Warszawa,Warszawa,mazowieckie
01-755,Warszawa,Warszawa,Warszawa,mazowieckie
03-214,Warszawa,Warszawa,Warszawa,mazowieckie
04-812,Warszawa,Warszawa,Warszawa,mazowieckie
00-734,Warszawa,Warszawa,Warszawa,mazowieckie
02-849,Warszawa,Warszawa,Warszawa,mazowieckie
02-415,Warszawa,Warszawa,Warszawa,mazowieckie
02-422,Warszawa,Warszawa,Warszawa,mazowieckie
03-579,Warszawa,Warszawa,Warszawa,mazowieckie
02-505,Warszawa,Warszawa,Warszawa,mazowieckie
04-627,Warszawa,Warszawa,Warszawa,mazowieckie
01-635,Warszawa,Warszawa,Warszawa,mazowieckie
00-056,Warszawa,Warszawa,Warszawa,mazowieckie
04-206,Warszawa,Warszawa,Warszawa,mazowieckie
01-456,Warszawa,Warszawa,Warszawa,mazowieckie
00-759,Warszawa,Warszawa,Warszawa,mazowieckie
04-276,Warszawa,Warszawa,Warszawa,mazowieckie
00-864,Warszawa,Warszawa,Warszawa,mazowieckie
03-114,Warszawa,Warszawa,Warszawa,mazowieckie
02-062,Warszawa,Warszawa,Warszawa,mazowieckie
03-601,Warszawa,Warszawa,Warszawa,mazowieckie
01-805,Warszawa,Warszawa,Warszawa,mazowieckie
03-711,Warszawa,Warszawa,Warszawa,mazowieckie
00-065,Warszawa,Warszawa,Warszawa,mazowieckie
00-103,Warszawa,Warszawa,Warszawa,mazowieckie
00-064,Warszawa,Warszawa,Warszawa,mazowieckie
02-578,Warszawa,Warszawa,Warszawa,mazowieckie
00-548,Warszawa,Warszawa,Warszawa,mazowieckie
00-537,Warszawa,Warszawa,Warszawa,mazowieckie
00-525,Warszawa,Warszawa,Warszawa,mazowieckie
00-526,Warszawa,Warszawa,Warszawa,mazowieckie
00-522,Warszawa,Warszawa,Warszawa,mazowieckie
00-512,Warszawa,Warszawa,Warszawa,mazowieckie
00-509,Warszawa,Warszawa,Warszawa,mazowieckie
00-025,Warszawa,Warszawa,Warszawa,mazowieckie
00-022,Warszawa,Warszawa,Warszawa,mazowieckie
00-412,Warszawa,Warszawa,Warszawa,mazowieckie
00-380,Warszawa,Warszawa,Warszawa,mazowieckie
00-386,Warszawa,Warszawa,Warszawa,mazowieckie
04-719,Warszawa,Warszawa,Warszawa,mazowieckie
04-086,Warszawa,Warszawa,Warszawa,mazowieckie
04-079,Warszawa,Warszawa,Warszawa,mazowieckie
01-365,Warszawa,Warszawa,Warszawa,mazowieckie
02-759,Warszawa,Warszawa,Warszawa,mazowieckie
03-934,Warszawa,Warszawa,Warszawa,mazowieckie
03-644,Warszawa,Warszawa,Warszawa,mazowieckie
03-699,Warszawa,Warszawa,Warszawa,mazowieckie
04-065,Warszawa,Warszawa,Warszawa,mazowieckie
04-082,Warszawa,Warszawa,Warszawa,mazowieckie
04-105,Warszawa,Warszawa,Warszawa,mazowieckie
01-387,Warszawa,Warszawa,Warszawa,mazowieckie
01-356,Warszawa,Warszawa,Warszawa,mazowieckie
00-370,Warszawa,Warszawa,Warszawa,mazowieckie
02-856,Warszawa,Warszawa,Warszawa,mazowieckie
03-677,Warszawa,Warszawa,Warszawa,mazowieckie
03-889,Warszawa,Warszawa,Warszawa,mazowieckie
02-052,Warszawa,Warszawa,Warszawa,mazowieckie
00-270,Warszawa,Warszawa,Warszawa,mazowieckie
02-078,Warszawa,Warszawa,Warszawa,mazowieckie
03-324,Warszawa,Warszawa,Warszawa,mazowieckie
01-391,Warszawa,Warszawa,Warszawa,mazowieckie
00-307,Warszawa,Warszawa,Warszawa,mazowieckie
01-220,Warszawa,Warszawa,Warszawa,mazowieckie
02-656,Warszawa,Warszawa,Warszawa,mazowieckie
00-418,Warszawa,Warszawa,Warszawa,mazowieckie
00-498,Warszawa,Warszawa,Warszawa,mazowieckie
03-901,Warszawa,Warszawa,Warszawa,mazowieckie
03-949,Warszawa,Warszawa,Warszawa,mazowieckie
00-037,Warszawa,Warszawa,Warszawa,mazowieckie
03-554,Warszawa,Warszawa,Warszawa,mazowieckie
04-471,Warszawa,Warszawa,Warszawa,mazowieckie
02-826,Warszawa,Warszawa,Warszawa,mazowieckie
00-793,Warszawa,Warszawa,Warszawa,mazowieckie
03-002,Warszawa,Warszawa,Warszawa,mazowieckie
04-795,Warszawa,Warszawa,Warszawa,mazowieckie
01-492,Warszawa,Warszawa,Warszawa,mazowieckie
02-873,Warszawa,Warszawa,Warszawa,mazowieckie
02-733,Warszawa,Warszawa,Warszawa,mazowieckie
03-381,Warszawa,Warszawa,Warszawa,mazowieckie
02-296,Warszawa,Warszawa,Warszawa,mazowieckie
00-462,Warszawa,Warszawa,Warszawa,mazowieckie
03-272,Warszawa,Warszawa,Warszawa,mazowieckie
04-090,Warszawa,Warszawa,Warszawa,mazowieckie
01-477,Warszawa,Warszawa,Warszawa,mazowieckie
04-045,Warszawa,Warszawa,Warszawa,mazowieckie
04-294,Warszawa,Warszawa,Warszawa,mazowieckie
02-579,Warszawa,Warszawa,Warszawa,mazowieckie
02-539,Warszawa,Warszawa,Warszawa,mazowieckie
04-695,Warszawa,Warszawa,Warszawa,mazowieckie
01-926,Warszawa,Warszawa,Warszawa,mazowieckie
02-971,Warszawa,Warszawa,Warszawa,mazowieckie
02-192,Warszawa,Warszawa,Warszawa,mazowieckie
04-244,Warszawa,Warszawa,Warszawa,mazowieckie
02-792,Warszawa,Warszawa,Warszawa,mazowieckie
02-071,Warszawa,Warszawa,Warszawa,mazowieckie
01-214,Warszawa,Warszawa,Warszawa,mazowieckie
02-416,Warszawa,Warszawa,Warszawa,mazowieckie
02-423,Warszawa,Warszawa,Warszawa,mazowieckie
04-050,Warszawa,Warszawa,Warszawa,mazowieckie
04-876,Warszawa,Warszawa,Warszawa,mazowieckie
04-846,Warszawa,Warszawa,Warszawa,mazowieckie
01-314,Warszawa,Warszawa,Warszawa,mazowieckie
01-479,Warszawa,Warszawa,Warszawa,mazowieckie
01-474,Warszawa,Warszawa,Warszawa,mazowieckie
01-489,Warszawa,Warszawa,Warszawa,mazowieckie
04-674,Warszawa,Warszawa,Warszawa,mazowieckie
02-156,Warszawa,Warszawa,Warszawa,mazowieckie
01-556,Warszawa,Warszawa,Warszawa,mazowieckie
01-343,Warszawa,Warszawa,Warszawa,mazowieckie
00-610,Warszawa,Warszawa,Warszawa,mazowieckie
01-687,Warszawa,Warszawa,Warszawa,mazowieckie
02-351,Warszawa,Warszawa,Warszawa,mazowieckie
01-920,Warszawa,Warszawa,Warszawa,mazowieckie
03-030,Warszawa,Warszawa,Warszawa,mazowieckie
02-618,Warszawa,Warszawa,Warszawa,mazowieckie
02-614,Warszawa,Warszawa,Warszawa,mazowieckie
00-482,Warszawa,Warszawa,Warszawa,mazowieckie
01-176,Warszawa,Warszawa,Warszawa,mazowieckie
01-183,Warszawa,Warszawa,Warszawa,mazowieckie
02-239,Warszawa,Warszawa,Warszawa,mazowieckie
02-992,Warszawa,Warszawa,Warszawa,mazowieckie
02-713,Warszawa,Warszawa,Warszawa,mazowieckie
00-339,Warszawa,Warszawa,Warszawa,mazowieckie
01-192,Warszawa,Warszawa,Warszawa,mazowieckie
01-199,Warszawa,Warszawa,Warszawa,mazowieckie
01-175,Warszawa,Warszawa,Warszawa,mazowieckie
02-084,Warszawa,Warszawa,Warszawa,mazowieckie
01-870,Warszawa,Warszawa,Warszawa,mazowieckie
02-840,Warszawa,Warszawa,Warszawa,mazowieckie
03-582,Warszawa,Warszawa,Warszawa,mazowieckie
03-442,Warszawa,Warszawa,Warszawa,mazowieckie
01-539,Warszawa,Warszawa,Warszawa,mazowieckie
03-299,Warszawa,Warszawa,Warszawa,mazowieckie
00-190,Warszawa,Warszawa,Warszawa,mazowieckie
00-185,Warszawa,Warszawa,Warszawa,mazowieckie
00-169,Warszawa,Warszawa,Warszawa,mazowieckie
03-652,Warszawa,Warszawa,Warszawa,mazowieckie
02-155,Warszawa,Warszawa,Warszawa,mazowieckie
03-443,Warszawa,Warszawa,Warszawa,mazowieckie
01-727,Warszawa,Warszawa,Warszawa,mazowieckie
03-085,Warszawa,Warszawa,Warszawa,mazowieckie
03-523,Warszawa,Warszawa,Warszawa,mazowieckie
02-556,Warszawa,Warszawa,Warszawa,mazowieckie
01-498,Warszawa,Warszawa,Warszawa,mazowieckie
04-953,Warszawa,Warszawa,Warszawa,mazowieckie
02-943,Warszawa,Warszawa,Warszawa,mazowieckie
01-995,Warszawa,Warszawa,Warszawa,mazowieckie
01-954,Warszawa,Warszawa,Warszawa,mazowieckie
01-953,Warszawa,Warszawa,Warszawa,mazowieckie
01-952,Warszawa,Warszawa,Warszawa,mazowieckie
02-005,Warszawa,Warszawa,Warszawa,mazowieckie
02-013,Warszawa,Warszawa,Warszawa,mazowieckie
03-486,Warszawa,Warszawa,Warszawa,mazowieckie
03-489,Warszawa,Warszawa,Warszawa,mazowieckie
00-316,Warszawa,Warszawa,Warszawa,mazowieckie
02-260,Warszawa,Warszawa,Warszawa,mazowieckie
02-828,Warszawa,Warszawa,Warszawa,mazowieckie
02-387,Warszawa,Warszawa,Warszawa,mazowieckie
01-512,Warszawa,Warszawa,Warszawa,mazowieckie
01-820,Warszawa,Warszawa,Warszawa,mazowieckie
03-447,Warszawa,Warszawa,Warszawa,mazowieckie
03-435,Warszawa,Warszawa,Warszawa,mazowieckie
03-446,Warszawa,Warszawa,Warszawa,mazowieckie
03-436,Warszawa,Warszawa,Warszawa,mazowieckie
03-437,Warszawa,Warszawa,Warszawa,mazowieckie
03-445,Warszawa,Warszawa,Warszawa,mazowieckie
00-465,Warszawa,Warszawa,Warszawa,mazowieckie
00-589,Warszawa,Warszawa,Warszawa,mazowieckie
04-284,Warszawa,Warszawa,Warszawa,mazowieckie
03-391,Warszawa,Warszawa,Warszawa,mazowieckie
03-921,Warszawa,Warszawa,Warszawa,mazowieckie
03-974,Warszawa,Warszawa,Warszawa,mazowieckie
03-970,Warszawa,Warszawa,Warszawa,mazowieckie
04-192,Warszawa,Warszawa,Warszawa,mazowieckie
03-618,Warszawa,Warszawa,Warszawa,mazowieckie
02-668,Warszawa,Warszawa,Warszawa,mazowieckie
04-259,Warszawa,Warszawa,Warszawa,mazowieckie
04-326,Warszawa,Warszawa,Warszawa,mazowieckie
03-802,Warszawa,Warszawa,Warszawa,mazowieckie
04-002,Warszawa,Warszawa,Warszawa,mazowieckie
04-687,Warszawa,Warszawa,Warszawa,mazowieckie
00-405,Warszawa,Warszawa,Warszawa,mazowieckie
00-406,Warszawa,Warszawa,Warszawa,mazowieckie
00-413,Warszawa,Warszawa,Warszawa,mazowieckie
00-414,Warszawa,Warszawa,Warszawa,mazowieckie
00-780,Warszawa,Warszawa,Warszawa,mazowieckie
03-873,Warszawa,Warszawa,Warszawa,mazowieckie
01-226,Warszawa,Warszawa,Warszawa,mazowieckie
04-210,Warszawa,Warszawa,Warszawa,mazowieckie
01-342,Warszawa,Warszawa,Warszawa,mazowieckie
02-388,Warszawa,Warszawa,Warszawa,mazowieckie
01-649,Warszawa,Warszawa,Warszawa,mazowieckie
00-658,Warszawa,Warszawa,Warszawa,mazowieckie
04-802,Warszawa,Warszawa,Warszawa,mazowieckie
04-806,Warszawa,Warszawa,Warszawa,mazowieckie
03-361,Warszawa,Warszawa,Warszawa,mazowieckie
03-385,Warszawa,Warszawa,Warszawa,mazowieckie
03-397,Warszawa,Warszawa,Warszawa,mazowieckie
03-204,Warszawa,Warszawa,Warszawa,mazowieckie
03-629,Warszawa,Warszawa,Warszawa,mazowieckie
02-066,Warszawa,Warszawa,Warszawa,mazowieckie
02-480,Warszawa,Warszawa,Warszawa,mazowieckie
04-771,Warszawa,Warszawa,Warszawa,mazowieckie
04-625,Warszawa,Warszawa,Warszawa,mazowieckie
03-063,Warszawa,Warszawa,Warszawa,mazowieckie
03-089,Warszawa,Warszawa,Warszawa,mazowieckie
04-316,Warszawa,Warszawa,Warszawa,mazowieckie
00-449,Warszawa,Warszawa,Warszawa,mazowieckie
03-144,Warszawa,Warszawa,Warszawa,mazowieckie
03-320,Warszawa,Warszawa,Warszawa,mazowieckie
02-065,Warszawa,Warszawa,Warszawa,mazowieckie
01-329,Warszawa,Warszawa,Warszawa,mazowieckie
02-250,Warszawa,Warszawa,Warszawa,mazowieckie
03-757,Warszawa,Warszawa,Warszawa,mazowieckie
03-764,Warszawa,Warszawa,Warszawa,mazowieckie
03-688,Warszawa,Warszawa,Warszawa,mazowieckie
03-392,Warszawa,Warszawa,Warszawa,mazowieckie
01-230,Warszawa,Warszawa,Warszawa,mazowieckie
03-758,Warszawa,Warszawa,Warszawa,mazowieckie
03-762,Warszawa,Warszawa,Warszawa,mazowieckie
02-220,Warszawa,Warszawa,Warszawa,mazowieckie
02-232,Warszawa,Warszawa,Warszawa,mazowieckie
04-856,Warszawa,Warszawa,Warszawa,mazowieckie
03-918,Warszawa,Warszawa,Warszawa,mazowieckie
02-950,Warszawa,Warszawa,Warszawa,mazowieckie
02-955,Warszawa,Warszawa,Warszawa,mazowieckie
02-584,Warszawa,Warszawa,Warszawa,mazowieckie
02-574,Warszawa,Warszawa,Warszawa,mazowieckie
02-502,Warszawa,Warszawa,Warszawa,mazowieckie
02-551,Warszawa,Warszawa,Warszawa,mazowieckie
02-535,Warszawa,Warszawa,Warszawa,mazowieckie
02-531,Warszawa,Warszawa,Warszawa,mazowieckie
04-227,Warszawa,Warszawa,Warszawa,mazowieckie
03-878,Warszawa,Warszawa,Warszawa,mazowieckie
00-842,Warszawa,Warszawa,Warszawa,mazowieckie
00-845,Warszawa,Warszawa,Warszawa,mazowieckie
02-434,Warszawa,Warszawa,Warszawa,mazowieckie
02-947,Warszawa,Warszawa,Warszawa,mazowieckie
02-982,Warszawa,Warszawa,Warszawa,mazowieckie
03-657,Warszawa,Warszawa,Warszawa,mazowieckie
03-460,Warszawa,Warszawa,Warszawa,mazowieckie
04-123,Warszawa,Warszawa,Warszawa,mazowieckie
02-767,Warszawa,Warszawa,Warszawa,mazowieckie
04-113,Warszawa,Warszawa,Warszawa,mazowieckie
04-133,Warszawa,Warszawa,Warszawa,mazowieckie
04-528,Warszawa,Warszawa,Warszawa,mazowieckie
04-529,Warszawa,Warszawa,Warszawa,mazowieckie
04-288,Warszawa,Warszawa,Warszawa,mazowieckie
03-187,Warszawa,Warszawa,Warszawa,mazowieckie
02-181,Warszawa,Warszawa,Warszawa,mazowieckie
04-716,Warszawa,Warszawa,Warszawa,mazowieckie
04-893,Warszawa,Warszawa,Warszawa,mazowieckie
04-526,Warszawa,Warszawa,Warszawa,mazowieckie
03-732,Warszawa,Warszawa,Warszawa,mazowieckie
01-730,Warszawa,Warszawa,Warszawa,mazowieckie
02-513,Warszawa,Warszawa,Warszawa,mazowieckie
02-540,Warszawa,Warszawa,Warszawa,mazowieckie
02-544,Warszawa,Warszawa,Warszawa,mazowieckie
02-581,Warszawa,Warszawa,Warszawa,mazowieckie
02-549,Warszawa,Warszawa,Warszawa,mazowieckie
02-506,Warszawa,Warszawa,Warszawa,mazowieckie
02-652,Warszawa,Warszawa,Warszawa,mazowieckie
04-429,Warszawa,Warszawa,Warszawa,mazowieckie
01-873,Warszawa,Warszawa,Warszawa,mazowieckie
01-856,Warszawa,Warszawa,Warszawa,mazowieckie
01-413,Warszawa,Warszawa,Warszawa,mazowieckie
01-417,Warszawa,Warszawa,Warszawa,mazowieckie
01-408,Warszawa,Warszawa,Warszawa,mazowieckie
04-530,Warszawa,Warszawa,Warszawa,mazowieckie
01-420,Warszawa,Warszawa,Warszawa,mazowieckie
04-088,Warszawa,Warszawa,Warszawa,mazowieckie
04-110,Warszawa,Warszawa,Warszawa,mazowieckie
04-889,Warszawa,Warszawa,Warszawa,mazowieckie
03-020,Warszawa,Warszawa,Warszawa,mazowieckie
03-395,Warszawa,Warszawa,Warszawa,mazowieckie
02-642,Warszawa,Warszawa,Warszawa,mazowieckie
02-811,Warszawa,Warszawa,Warszawa,mazowieckie
04-208,Warszawa,Warszawa,Warszawa,mazowieckie
04-280,Warszawa,Warszawa,Warszawa,mazowieckie
04-307,Warszawa,Warszawa,Warszawa,mazowieckie
04-319,Warszawa,Warszawa,Warszawa,mazowieckie
04-341,Warszawa,Warszawa,Warszawa,mazowieckie
04-344,Warszawa,Warszawa,Warszawa,mazowieckie
01-860,Warszawa,Warszawa,Warszawa,mazowieckie
03-286,Warszawa,Warszawa,Warszawa,mazowieckie
02-617,Warszawa,Warszawa,Warszawa,mazowieckie
02-612,Warszawa,Warszawa,Warszawa,mazowieckie
02-622,Warszawa,Warszawa,Warszawa,mazowieckie
04-797,Warszawa,Warszawa,Warszawa,mazowieckie
02-272,Warszawa,Warszawa,Warszawa,mazowieckie
03-423,Warszawa,Warszawa,Warszawa,mazowieckie
02-678,Warszawa,Warszawa,Warszawa,mazowieckie
01-648,Warszawa,Warszawa,Warszawa,mazowieckie
04-962,Warszawa,Warszawa,Warszawa,mazowieckie
02-633,Warszawa,Warszawa,Warszawa,mazowieckie
03-174,Warszawa,Warszawa,Warszawa,mazowieckie
03-722,Warszawa,Warszawa,Warszawa,mazowieckie
04-717,Warszawa,Warszawa,Warszawa,mazowieckie
00-123,Warszawa,Warszawa,Warszawa,mazowieckie
00-302,Warszawa,Warszawa,Warszawa,mazowieckie
01-641,Warszawa,Warszawa,Warszawa,mazowieckie
01-677,Warszawa,Warszawa,Warszawa,mazowieckie
01-670,Warszawa,Warszawa,Warszawa,mazowieckie
03-238,Warszawa,Warszawa,Warszawa,mazowieckie
03-742,Warszawa,Warszawa,Warszawa,mazowieckie
04-202,Warszawa,Warszawa,Warszawa,mazowieckie
04-246,Warszawa,Warszawa,Warszawa,mazowieckie
04-242,Warszawa,Warszawa,Warszawa,mazowieckie
04-470,Warszawa,Warszawa,Warszawa,mazowieckie
00-078,Warszawa,Warszawa,Warszawa,mazowieckie
00-073,Warszawa,Warszawa,Warszawa,mazowieckie
00-624,Warszawa,Warszawa,Warszawa,mazowieckie
00-590,Warszawa,Warszawa,Warszawa,mazowieckie
00-626,Warszawa,Warszawa,Warszawa,mazowieckie
00-628,Warszawa,Warszawa,Warszawa,mazowieckie
00-576,Warszawa,Warszawa,Warszawa,mazowieckie
00-639,Warszawa,Warszawa,Warszawa,mazowieckie
00-563,Warszawa,Warszawa,Warszawa,mazowieckie
00-554,Warszawa,Warszawa,Warszawa,mazowieckie
00-648,Warszawa,Warszawa,Warszawa,mazowieckie
00-676,Warszawa,Warszawa,Warszawa,mazowieckie
00-545,Warszawa,Warszawa,Warszawa,mazowieckie
00-524,Warszawa,Warszawa,Warszawa,mazowieckie
00-517,Warszawa,Warszawa,Warszawa,mazowieckie
00-514,Warszawa,Warszawa,Warszawa,mazowieckie
00-683,Warszawa,Warszawa,Warszawa,mazowieckie
00-693,Warszawa,Warszawa,Warszawa,mazowieckie
00-510,Warszawa,Warszawa,Warszawa,mazowieckie
00-017,Warszawa,Warszawa,Warszawa,mazowieckie
00-026,Warszawa,Warszawa,Warszawa,mazowieckie
00-102,Warszawa,Warszawa,Warszawa,mazowieckie
00-008,Warszawa,Warszawa,Warszawa,mazowieckie
00-004,Warszawa,Warszawa,Warszawa,mazowieckie
00-061,Warszawa,Warszawa,Warszawa,mazowieckie
02-842,Warszawa,Warszawa,Warszawa,mazowieckie
01-868,Warszawa,Warszawa,Warszawa,mazowieckie
01-869,Warszawa,Warszawa,Warszawa,mazowieckie
01-813,Warszawa,Warszawa,Warszawa,mazowieckie
01-977,Warszawa,Warszawa,Warszawa,mazowieckie
01-802,Warszawa,Warszawa,Warszawa,mazowieckie
01-946,Warszawa,Warszawa,Warszawa,mazowieckie
02-674,Warszawa,Warszawa,Warszawa,mazowieckie
01-469,Warszawa,Warszawa,Warszawa,mazowieckie
04-617,Warszawa,Warszawa,Warszawa,mazowieckie
04-606,Warszawa,Warszawa,Warszawa,mazowieckie
03-228,Warszawa,Warszawa,Warszawa,mazowieckie
03-042,Warszawa,Warszawa,Warszawa,mazowieckie
02-649,Warszawa,Warszawa,Warszawa,mazowieckie
03-992,Warszawa,Warszawa,Warszawa,mazowieckie
01-925,Warszawa,Warszawa,Warszawa,mazowieckie
02-392,Warszawa,Warszawa,Warszawa,mazowieckie
00-485,Warszawa,Warszawa,Warszawa,mazowieckie
00-481,Warszawa,Warszawa,Warszawa,mazowieckie
02-189,Warszawa,Warszawa,Warszawa,mazowieckie
02-258,Warszawa,Warszawa,Warszawa,mazowieckie
01-792,Warszawa,Warszawa,Warszawa,mazowieckie
00-052,Warszawa,Warszawa,Warszawa,mazowieckie
00-048,Warszawa,Warszawa,Warszawa,mazowieckie
03-015,Warszawa,Warszawa,Warszawa,mazowieckie
02-373,Warszawa,Warszawa,Warszawa,mazowieckie
04-735,Warszawa,Warszawa,Warszawa,mazowieckie
02-791,Warszawa,Warszawa,Warszawa,mazowieckie
03-131,Warszawa,Warszawa,Warszawa,mazowieckie
03-118,Warszawa,Warszawa,Warszawa,mazowieckie
03-158,Warszawa,Warszawa,Warszawa,mazowieckie
03-081,Warszawa,Warszawa,Warszawa,mazowieckie
03-948,Warszawa,Warszawa,Warszawa,mazowieckie
02-568,Warszawa,Warszawa,Warszawa,mazowieckie
02-537,Warszawa,Warszawa,Warszawa,mazowieckie
02-827,Warszawa,Warszawa,Warszawa,mazowieckie
03-175,Warszawa,Warszawa,Warszawa,mazowieckie
04-215,Warszawa,Warszawa,Warszawa,mazowieckie
02-102,Warszawa,Warszawa,Warszawa,mazowieckie
04-069,Warszawa,Warszawa,Warszawa,mazowieckie
04-080,Warszawa,Warszawa,Warszawa,mazowieckie
02-044,Warszawa,Warszawa,Warszawa,mazowieckie
02-637,Warszawa,Warszawa,Warszawa,mazowieckie
04-977,Warszawa,Warszawa,Warszawa,mazowieckie
03-767,Warszawa,Warszawa,Warszawa,mazowieckie
01-517,Warszawa,Warszawa,Warszawa,mazowieckie
01-551,Warszawa,Warszawa,Warszawa,mazowieckie
01-562,Warszawa,Warszawa,Warszawa,mazowieckie
01-616,Warszawa,Warszawa,Warszawa,mazowieckie
01-625,Warszawa,Warszawa,Warszawa,mazowieckie
01-650,Warszawa,Warszawa,Warszawa,mazowieckie
00-428,Warszawa,Warszawa,Warszawa,mazowieckie
02-096,Warszawa,Warszawa,Warszawa,mazowieckie
03-531,Warszawa,Warszawa,Warszawa,mazowieckie
00-809,Warszawa,Warszawa,Warszawa,mazowieckie
00-814,Warszawa,Warszawa,Warszawa,mazowieckie
00-835,Warszawa,Warszawa,Warszawa,mazowieckie
03-617,Warszawa,Warszawa,Warszawa,mazowieckie
01-352,Warszawa,Warszawa,Warszawa,mazowieckie
04-692,Warszawa,Warszawa,Warszawa,mazowieckie
01-527,Warszawa,Warszawa,Warszawa,mazowieckie
01-549,Warszawa,Warszawa,Warszawa,mazowieckie
01-558,Warszawa,Warszawa,Warszawa,mazowieckie
01-567,Warszawa,Warszawa,Warszawa,mazowieckie
02-209,Warszawa,Warszawa,Warszawa,mazowieckie
04-041,Warszawa,Warszawa,Warszawa,mazowieckie
04-038,Warszawa,Warszawa,Warszawa,mazowieckie
04-040,Warszawa,Warszawa,Warszawa,mazowieckie
04-027,Warszawa,Warszawa,Warszawa,mazowieckie
04-024,Warszawa,Warszawa,Warszawa,mazowieckie
04-010,Warszawa,Warszawa,Warszawa,mazowieckie
04-025,Warszawa,Warszawa,Warszawa,mazowieckie
04-013,Warszawa,Warszawa,Warszawa,mazowieckie
03-939,Warszawa,Warszawa,Warszawa,mazowieckie
03-922,Warszawa,Warszawa,Warszawa,mazowieckie
00-208,Warszawa,Warszawa,Warszawa,mazowieckie
04-925,Warszawa,Warszawa,Warszawa,mazowieckie
03-041,Warszawa,Warszawa,Warszawa,mazowieckie
03-260,Warszawa,Warszawa,Warszawa,mazowieckie
02-455,Warszawa,Warszawa,Warszawa,mazowieckie
02-233,Warszawa,Warszawa,Warszawa,mazowieckie
02-487,Warszawa,Warszawa,Warszawa,mazowieckie
00-180,Warszawa,Warszawa,Warszawa,mazowieckie
00-174,Warszawa,Warszawa,Warszawa,mazowieckie
01-037,Warszawa,Warszawa,Warszawa,mazowieckie
01-047,Warszawa,Warszawa,Warszawa,mazowieckie
01-033,Warszawa,Warszawa,Warszawa,mazowieckie
01-050,Warszawa,Warszawa,Warszawa,mazowieckie
02-634,Warszawa,Warszawa,Warszawa,mazowieckie
04-949,Warszawa,Warszawa,Warszawa,mazowieckie
02-274,Warszawa,Warszawa,Warszawa,mazowieckie
04-506,Warszawa,Warszawa,Warszawa,mazowieckie
02-276,Warszawa,Warszawa,Warszawa,mazowieckie
03-806,Warszawa,Warszawa,Warszawa,mazowieckie
03-808,Warszawa,Warszawa,Warszawa,mazowieckie
03-828,Warszawa,Warszawa,Warszawa,mazowieckie
00-080,Warszawa,Warszawa,Warszawa,mazowieckie
00-251,Warszawa,Warszawa,Warszawa,mazowieckie
00-246,Warszawa,Warszawa,Warszawa,mazowieckie
01-061,Warszawa,Warszawa,Warszawa,mazowieckie
00-138,Warszawa,Warszawa,Warszawa,mazowieckie
04-253,Warszawa,Warszawa,Warszawa,mazowieckie
04-136,Warszawa,Warszawa,Warszawa,mazowieckie
03-667,Warszawa,Warszawa,Warszawa,mazowieckie
03-625,Warszawa,Warszawa,Warszawa,mazowieckie
01-065,Warszawa,Warszawa,Warszawa,mazowieckie
04-239,Warszawa,Warszawa,Warszawa,mazowieckie
03-655,Warszawa,Warszawa,Warszawa,mazowieckie
03-490,Warszawa,Warszawa,Warszawa,mazowieckie
01-205,Warszawa,Warszawa,Warszawa,mazowieckie
01-194,Warszawa,Warszawa,Warszawa,mazowieckie
01-171,Warszawa,Warszawa,Warszawa,mazowieckie
01-170,Warszawa,Warszawa,Warszawa,mazowieckie
04-720,Warszawa,Warszawa,Warszawa,mazowieckie
02-042,Warszawa,Warszawa,Warszawa,mazowieckie
02-041,Warszawa,Warszawa,Warszawa,mazowieckie
01-127,Warszawa,Warszawa,Warszawa,mazowieckie
03-216,Warszawa,Warszawa,Warszawa,mazowieckie
03-199,Warszawa,Warszawa,Warszawa,mazowieckie
03-198,Warszawa,Warszawa,Warszawa,mazowieckie
03-186,Warszawa,Warszawa,Warszawa,mazowieckie
03-170,Warszawa,Warszawa,Warszawa,mazowieckie
03-119,Warszawa,Warszawa,Warszawa,mazowieckie
03-122,Warszawa,Warszawa,Warszawa,mazowieckie
03-120,Warszawa,Warszawa,Warszawa,mazowieckie
03-152,Warszawa,Warszawa,Warszawa,mazowieckie
03-151,Warszawa,Warszawa,Warszawa,mazowieckie
01-623,Warszawa,Warszawa,Warszawa,mazowieckie
04-004,Warszawa,Warszawa,Warszawa,mazowieckie
04-772,Warszawa,Warszawa,Warszawa,mazowieckie
02-238,Warszawa,Warszawa,Warszawa,mazowieckie
02-679,Warszawa,Warszawa,Warszawa,mazowieckie
00-640,Warszawa,Warszawa,Warszawa,mazowieckie
00-641,Warszawa,Warszawa,Warszawa,mazowieckie
00-561,Warszawa,Warszawa,Warszawa,mazowieckie
00-560,Warszawa,Warszawa,Warszawa,mazowieckie
00-558,Warszawa,Warszawa,Warszawa,mazowieckie
00-541,Warszawa,Warszawa,Warszawa,mazowieckie
00-551,Warszawa,Warszawa,Warszawa,mazowieckie
00-543,Warszawa,Warszawa,Warszawa,mazowieckie
00-542,Warszawa,Warszawa,Warszawa,mazowieckie
00-538,Warszawa,Warszawa,Warszawa,mazowieckie
00-534,Warszawa,Warszawa,Warszawa,mazowieckie
00-533,Warszawa,Warszawa,Warszawa,mazowieckie
00-530,Warszawa,Warszawa,Warszawa,mazowieckie
04-434,Warszawa,Warszawa,Warszawa,mazowieckie
04-509,Warszawa,Warszawa,Warszawa,mazowieckie
00-076,Warszawa,Warszawa,Warszawa,mazowieckie
00-014,Warszawa,Warszawa,Warszawa,mazowieckie
00-038,Warszawa,Warszawa,Warszawa,mazowieckie
01-121,Warszawa,Warszawa,Warszawa,mazowieckie
04-224,Warszawa,Warszawa,Warszawa,mazowieckie
04-226,Warszawa,Warszawa,Warszawa,mazowieckie
02-917,Warszawa,Warszawa,Warszawa,mazowieckie
02-925,Warszawa,Warszawa,Warszawa,mazowieckie
02-932,Warszawa,Warszawa,Warszawa,mazowieckie
02-823,Warszawa,Warszawa,Warszawa,mazowieckie
03-019,Warszawa,Warszawa,Warszawa,mazowieckie
01-330,Warszawa,Warszawa,Warszawa,mazowieckie
03-690,Warszawa,Warszawa,Warszawa,mazowieckie
00-260,Warszawa,Warszawa,Warszawa,mazowieckie
00-231,Warszawa,Warszawa,Warszawa,mazowieckie
03-660,Warszawa,Warszawa,Warszawa,mazowieckie
04-035,Warszawa,Warszawa,Warszawa,mazowieckie
04-776,Warszawa,Warszawa,Warszawa,mazowieckie
04-971,Warszawa,Warszawa,Warszawa,mazowieckie
04-952,Warszawa,Warszawa,Warszawa,mazowieckie
04-888,Warszawa,Warszawa,Warszawa,mazowieckie
02-736,Warszawa,Warszawa,Warszawa,mazowieckie
03-585,Warszawa,Warszawa,Warszawa,mazowieckie
03-595,Warszawa,Warszawa,Warszawa,mazowieckie
03-654,Warszawa,Warszawa,Warszawa,mazowieckie
04-857,Warszawa,Warszawa,Warszawa,mazowieckie
04-768,Warszawa,Warszawa,Warszawa,mazowieckie
04-762,Warszawa,Warszawa,Warszawa,mazowieckie
04-697,Warszawa,Warszawa,Warszawa,mazowieckie
02-337,Warszawa,Warszawa,Warszawa,mazowieckie
01-254,Warszawa,Warszawa,Warszawa,mazowieckie
02-281,Warszawa,Warszawa,Warszawa,mazowieckie
00-209,Warszawa,Warszawa,Warszawa,mazowieckie
00-192,Warszawa,Warszawa,Warszawa,mazowieckie
04-688,Warszawa,Warszawa,Warszawa,mazowieckie
04-203,Warszawa,Warszawa,Warszawa,mazowieckie
02-273,Warszawa,Warszawa,Warszawa,mazowieckie
02-916,Warszawa,Warszawa,Warszawa,mazowieckie
01-968,Warszawa,Warszawa,Warszawa,mazowieckie
04-380,Warszawa,Warszawa,Warszawa,mazowieckie
04-387,Warszawa,Warszawa,Warszawa,mazowieckie
04-379,Warszawa,Warszawa,Warszawa,mazowieckie
00-496,Warszawa,Warszawa,Warszawa,mazowieckie
03-553,Warszawa,Warszawa,Warszawa,mazowieckie
03-374,Warszawa,Warszawa,Warszawa,mazowieckie
02-335,Warszawa,Warszawa,Warszawa,mazowieckie
03-294,Warszawa,Warszawa,Warszawa,mazowieckie
03-092,Warszawa,Warszawa,Warszawa,mazowieckie
00-584,Warszawa,Warszawa,Warszawa,mazowieckie
02-510,Warszawa,Warszawa,Warszawa,mazowieckie
00-488,Warszawa,Warszawa,Warszawa,mazowieckie
00-334,Warszawa,Warszawa,Warszawa,mazowieckie
02-197,Warszawa,Warszawa,Warszawa,mazowieckie
00-702,Warszawa,Warszawa,Warszawa,mazowieckie
01-328,Warszawa,Warszawa,Warszawa,mazowieckie
00-743,Warszawa,Warszawa,Warszawa,mazowieckie
03-779,Warszawa,Warszawa,Warszawa,mazowieckie
03-284,Warszawa,Warszawa,Warszawa,mazowieckie
02-993,Warszawa,Warszawa,Warszawa,mazowieckie
04-987,Warszawa,Warszawa,Warszawa,mazowieckie
04-205,Warszawa,Warszawa,Warszawa,mazowieckie
03-349,Warszawa,Warszawa,Warszawa,mazowieckie
02-214,Warszawa,Warszawa,Warszawa,mazowieckie
03-790,Warszawa,Warszawa,Warszawa,mazowieckie
04-648,Warszawa,Warszawa,Warszawa,mazowieckie
01-106,Warszawa,Warszawa,Warszawa,mazowieckie
00-187,Warszawa,Warszawa,Warszawa,mazowieckie
02-922,Warszawa,Warszawa,Warszawa,mazowieckie
01-886,Warszawa,Warszawa,Warszawa,mazowieckie
03-454,Warszawa,Warszawa,Warszawa,mazowieckie
03-455,Warszawa,Warszawa,Warszawa,mazowieckie
02-564,Warszawa,Warszawa,Warszawa,mazowieckie
02-536,Warszawa,Warszawa,Warszawa,mazowieckie
02-541,Warszawa,Warszawa,Warszawa,mazowieckie
02-529,Warszawa,Warszawa,Warszawa,mazowieckie
02-524,Warszawa,Warszawa,Warszawa,mazowieckie
04-936,Warszawa,Warszawa,Warszawa,mazowieckie
04-930,Warszawa,Warszawa,Warszawa,mazowieckie
02-224,Warszawa,Warszawa,Warszawa,mazowieckie
02-627,Warszawa,Warszawa,Warszawa,mazowieckie
03-794,Warszawa,Warszawa,Warszawa,mazowieckie
04-343,Warszawa,Warszawa,Warszawa,mazowieckie
04-336,Warszawa,Warszawa,Warszawa,mazowieckie
04-342,Warszawa,Warszawa,Warszawa,mazowieckie
02-241,Warszawa,Warszawa,Warszawa,mazowieckie
02-441,Warszawa,Warszawa,Warszawa,mazowieckie
03-989,Warszawa,Warszawa,Warszawa,mazowieckie
00-568,Warszawa,Warszawa,Warszawa,mazowieckie
02-463,Warszawa,Warszawa,Warszawa,mazowieckie
00-719,Warszawa,Warszawa,Warszawa,mazowieckie
04-958,Warszawa,Warszawa,Warszawa,mazowieckie
02-343,Warszawa,Warszawa,Warszawa,mazowieckie
00-098,Warszawa,Warszawa,Warszawa,mazowieckie
03-795,Warszawa,Warszawa,Warszawa,mazowieckie
04-484,Warszawa,Warszawa,Warszawa,mazowieckie
02-966,Warszawa,Warszawa,Warszawa,mazowieckie
01-875,Warszawa,Warszawa,Warszawa,mazowieckie
02-737,Warszawa,Warszawa,Warszawa,mazowieckie
02-666,Warszawa,Warszawa,Warszawa,mazowieckie
02-698,Warszawa,Warszawa,Warszawa,mazowieckie
01-570,Warszawa,Warszawa,Warszawa,mazowieckie
03-924,Warszawa,Warszawa,Warszawa,mazowieckie
03-915,Warszawa,Warszawa,Warszawa,mazowieckie
03-911,Warszawa,Warszawa,Warszawa,mazowieckie
02-022,Warszawa,Warszawa,Warszawa,mazowieckie
02-027,Warszawa,Warszawa,Warszawa,mazowieckie
02-306,Warszawa,Warszawa,Warszawa,mazowieckie
02-307,Warszawa,Warszawa,Warszawa,mazowieckie
03-365,Warszawa,Warszawa,Warszawa,mazowieckie
03-375,Warszawa,Warszawa,Warszawa,mazowieckie
02-921,Warszawa,Warszawa,Warszawa,mazowieckie
04-635,Warszawa,Warszawa,Warszawa,mazowieckie
04-640,Warszawa,Warszawa,Warszawa,mazowieckie
02-653,Warszawa,Warszawa,Warszawa,mazowieckie
02-626,Warszawa,Warszawa,Warszawa,mazowieckie
02-585,Warszawa,Warszawa,Warszawa,mazowieckie
02-577,Warszawa,Warszawa,Warszawa,mazowieckie
02-570,Warszawa,Warszawa,Warszawa,mazowieckie
02-554,Warszawa,Warszawa,Warszawa,mazowieckie
02-555,Warszawa,Warszawa,Warszawa,mazowieckie
02-086,Warszawa,Warszawa,Warszawa,mazowieckie
00-608,Warszawa,Warszawa,Warszawa,mazowieckie
02-087,Warszawa,Warszawa,Warszawa,mazowieckie
00-663,Warszawa,Warszawa,Warszawa,mazowieckie
02-009,Warszawa,Warszawa,Warszawa,mazowieckie
04-243,Warszawa,Warszawa,Warszawa,mazowieckie
04-256,Warszawa,Warszawa,Warszawa,mazowieckie
03-745,Warszawa,Warszawa,Warszawa,mazowieckie
03-382,Warszawa,Warszawa,Warszawa,mazowieckie
03-394,Warszawa,Warszawa,Warszawa,mazowieckie
03-207,Warszawa,Warszawa,Warszawa,mazowieckie
03-870,Warszawa,Warszawa,Warszawa,mazowieckie
03-867,Warszawa,Warszawa,Warszawa,mazowieckie
02-442,Warszawa,Warszawa,Warszawa,mazowieckie
02-447,Warszawa,Warszawa,Warszawa,mazowieckie
00-179,Warszawa,Warszawa,Warszawa,mazowieckie
00-176,Warszawa,Warszawa,Warszawa,mazowieckie
01-036,Warszawa,Warszawa,Warszawa,mazowieckie
01-046,Warszawa,Warszawa,Warszawa,mazowieckie
04-362,Warszawa,Warszawa,Warszawa,mazowieckie
04-386,Warszawa,Warszawa,Warszawa,mazowieckie
00-664,Warszawa,Warszawa,Warszawa,mazowieckie
00-666,Warszawa,Warszawa,Warszawa,mazowieckie
00-668,Warszawa,Warszawa,Warszawa,mazowieckie
03-930,Warszawa,Warszawa,Warszawa,mazowieckie
03-919,Warszawa,Warszawa,Warszawa,mazowieckie
01-948,Warszawa,Warszawa,Warszawa,mazowieckie
01-918,Warszawa,Warszawa,Warszawa,mazowieckie
02-746,Warszawa,Warszawa,Warszawa,mazowieckie
02-427,Warszawa,Warszawa,Warszawa,mazowieckie
01-338,Warszawa,Warszawa,Warszawa,mazowieckie
02-112,Warszawa,Warszawa,Warszawa,mazowieckie
00-235,Warszawa,Warszawa,Warszawa,mazowieckie
03-821,Warszawa,Warszawa,Warszawa,mazowieckie
02-204,Warszawa,Warszawa,Warszawa,mazowieckie
03-133,Warszawa,Warszawa,Warszawa,mazowieckie
00-513,Warszawa,Warszawa,Warszawa,mazowieckie
00-511,Warszawa,Warszawa,Warszawa,mazowieckie
00-691,Warszawa,Warszawa,Warszawa,mazowieckie
00-695,Warszawa,Warszawa,Warszawa,mazowieckie
00-699,Warszawa,Warszawa,Warszawa,mazowieckie
02-006,Warszawa,Warszawa,Warszawa,mazowieckie
02-002,Warszawa,Warszawa,Warszawa,mazowieckie
02-014,Warszawa,Warszawa,Warszawa,mazowieckie
02-018,Warszawa,Warszawa,Warszawa,mazowieckie
00-146,Warszawa,Warszawa,Warszawa,mazowieckie
00-150,Warszawa,Warszawa,Warszawa,mazowieckie
01-002,Warszawa,Warszawa,Warszawa,mazowieckie
01-011,Warszawa,Warszawa,Warszawa,mazowieckie
00-151,Warszawa,Warszawa,Warszawa,mazowieckie
00-160,Warszawa,Warszawa,Warszawa,mazowieckie
00-153,Warszawa,Warszawa,Warszawa,mazowieckie
01-019,Warszawa,Warszawa,Warszawa,mazowieckie
01-006,Warszawa,Warszawa,Warszawa,mazowieckie
01-010,Warszawa,Warszawa,Warszawa,mazowieckie
00-271,Warszawa,Warszawa,Warszawa,mazowieckie
03-692,Warszawa,Warszawa,Warszawa,mazowieckie
00-750,Warszawa,Warszawa,Warszawa,mazowieckie
00-466,Warszawa,Warszawa,Warszawa,mazowieckie
00-741,Warszawa,Warszawa,Warszawa,mazowieckie
02-766,Warszawa,Warszawa,Warszawa,mazowieckie
00-643,Warszawa,Warszawa,Warszawa,mazowieckie
00-649,Warszawa,Warszawa,Warszawa,mazowieckie
00-653,Warszawa,Warszawa,Warszawa,mazowieckie
00-665,Warszawa,Warszawa,Warszawa,mazowieckie
02-010,Warszawa,Warszawa,Warszawa,mazowieckie
04-505,Warszawa,Warszawa,Warszawa,mazowieckie
00-083,Warszawa,Warszawa,Warszawa,mazowieckie
00-497,Warszawa,Warszawa,Warszawa,mazowieckie
00-029,Warszawa,Warszawa,Warszawa,mazowieckie
00-373,Warszawa,Warszawa,Warszawa,mazowieckie
00-363,Warszawa,Warszawa,Warszawa,mazowieckie
00-042,Warszawa,Warszawa,Warszawa,mazowieckie
00-357,Warszawa,Warszawa,Warszawa,mazowieckie
00-046,Warszawa,Warszawa,Warszawa,mazowieckie
00-330,Warszawa,Warszawa,Warszawa,mazowieckie
00-301,Warszawa,Warszawa,Warszawa,mazowieckie
00-486,Warszawa,Warszawa,Warszawa,mazowieckie
03-931,Warszawa,Warszawa,Warszawa,mazowieckie
03-485,Warszawa,Warszawa,Warszawa,mazowieckie
04-322,Warszawa,Warszawa,Warszawa,mazowieckie
04-337,Warszawa,Warszawa,Warszawa,mazowieckie
04-739,Warszawa,Warszawa,Warszawa,mazowieckie
03-771,Warszawa,Warszawa,Warszawa,mazowieckie
02-279,Warszawa,Warszawa,Warszawa,mazowieckie
01-161,Warszawa,Warszawa,Warszawa,mazowieckie
01-423,Warszawa,Warszawa,Warszawa,mazowieckie
01-418,Warszawa,Warszawa,Warszawa,mazowieckie
01-426,Warszawa,Warszawa,Warszawa,mazowieckie
01-425,Warszawa,Warszawa,Warszawa,mazowieckie
01-434,Warszawa,Warszawa,Warszawa,mazowieckie
01-433,Warszawa,Warszawa,Warszawa,mazowieckie
00-340,Warszawa,Warszawa,Warszawa,mazowieckie
00-332,Warszawa,Warszawa,Warszawa,mazowieckie
03-933,Warszawa,Warszawa,Warszawa,mazowieckie
03-927,Warszawa,Warszawa,Warszawa,mazowieckie
03-923,Warszawa,Warszawa,Warszawa,mazowieckie
02-435,Warszawa,Warszawa,Warszawa,mazowieckie
02-714,Warszawa,Warszawa,Warszawa,mazowieckie
03-532,Warszawa,Warszawa,Warszawa,mazowieckie
02-409,Warszawa,Warszawa,Warszawa,mazowieckie
04-942,Warszawa,Warszawa,Warszawa,mazowieckie
03-137,Warszawa,Warszawa,Warszawa,mazowieckie
03-164,Warszawa,Warszawa,Warszawa,mazowieckie
02-007,Warszawa,Warszawa,Warszawa,mazowieckie
04-778,Warszawa,Warszawa,Warszawa,mazowieckie
03-140,Warszawa,Warszawa,Warszawa,mazowieckie
03-231,Warszawa,Warszawa,Warszawa,mazowieckie
02-560,Warszawa,Warszawa,Warszawa,mazowieckie
02-562,Warszawa,Warszawa,Warszawa,mazowieckie
04-867,Warszawa,Warszawa,Warszawa,mazowieckie
04-626,Warszawa,Warszawa,Warszawa,mazowieckie
03-310,Warszawa,Warszawa,Warszawa,mazowieckie
02-311,Warszawa,Warszawa,Warszawa,mazowieckie
02-606,Warszawa,Warszawa,Warszawa,mazowieckie
02-644,Warszawa,Warszawa,Warszawa,mazowieckie
03-318,Warszawa,Warszawa,Warszawa,mazowieckie
03-322,Warszawa,Warszawa,Warszawa,mazowieckie
03-345,Warszawa,Warszawa,Warszawa,mazowieckie
03-357,Warszawa,Warszawa,Warszawa,mazowieckie
01-702,Warszawa,Warszawa,Warszawa,mazowieckie
03-605,Warszawa,Warszawa,Warszawa,mazowieckie
02-164,Warszawa,Warszawa,Warszawa,mazowieckie
00-893,Warszawa,Warszawa,Warszawa,mazowieckie
00-896,Warszawa,Warszawa,Warszawa,mazowieckie
00-876,Warszawa,Warszawa,Warszawa,mazowieckie
00-873,Warszawa,Warszawa,Warszawa,mazowieckie
02-918,Warszawa,Warszawa,Warszawa,mazowieckie
04-507,Warszawa,Warszawa,Warszawa,mazowieckie
03-104,Warszawa,Warszawa,Warszawa,mazowieckie
02-115,Warszawa,Warszawa,Warszawa,mazowieckie
01-114,Warszawa,Warszawa,Warszawa,mazowieckie
01-359,Warszawa,Warszawa,Warszawa,mazowieckie
02-509,Warszawa,Warszawa,Warszawa,mazowieckie
01-063,Warszawa,Warszawa,Warszawa,mazowieckie
01-059,Warszawa,Warszawa,Warszawa,mazowieckie
01-042,Warszawa,Warszawa,Warszawa,mazowieckie
01-043,Warszawa,Warszawa,Warszawa,mazowieckie
00-368,Warszawa,Warszawa,Warszawa,mazowieckie
00-415,Warszawa,Warszawa,Warszawa,mazowieckie
00-423,Warszawa,Warszawa,Warszawa,mazowieckie
00-407,Warszawa,Warszawa,Warszawa,mazowieckie
03-633,Warszawa,Warszawa,Warszawa,mazowieckie
01-309,Warszawa,Warszawa,Warszawa,mazowieckie
02-933,Warszawa,Warszawa,Warszawa,mazowieckie
03-715,Warszawa,Warszawa,Warszawa,mazowieckie
03-710,Warszawa,Warszawa,Warszawa,mazowieckie
04-240,Warszawa,Warszawa,Warszawa,mazowieckie
04-131,Warszawa,Warszawa,Warszawa,mazowieckie
00-629,Warszawa,Warszawa,Warszawa,mazowieckie
04-980,Warszawa,Warszawa,Warszawa,mazowieckie
02-636,Warszawa,Warszawa,Warszawa,mazowieckie
04-939,Warszawa,Warszawa,Warszawa,mazowieckie
03-316,Warszawa,Warszawa,Warszawa,mazowieckie
03-334,Warszawa,Warszawa,Warszawa,mazowieckie
03-356,Warszawa,Warszawa,Warszawa,mazowieckie
03-372,Warszawa,Warszawa,Warszawa,mazowieckie
03-201,Warszawa,Warszawa,Warszawa,mazowieckie
00-792,Warszawa,Warszawa,Warszawa,mazowieckie
04-281,Warszawa,Warszawa,Warszawa,mazowieckie
04-128,Warszawa,Warszawa,Warszawa,mazowieckie
02-085,Warszawa,Warszawa,Warszawa,mazowieckie
02-368,Warszawa,Warszawa,Warszawa,mazowieckie
02-372,Warszawa,Warszawa,Warszawa,mazowieckie
02-201,Warszawa,Warszawa,Warszawa,mazowieckie
01-739,Warszawa,Warszawa,Warszawa,mazowieckie
01-696,Warszawa,Warszawa,Warszawa,mazowieckie
04-039,Warszawa,Warszawa,Warszawa,mazowieckie
01-940,Warszawa,Warszawa,Warszawa,mazowieckie
02-522,Warszawa,Warszawa,Warszawa,mazowieckie
02-526,Warszawa,Warszawa,Warszawa,mazowieckie
01-181,Warszawa,Warszawa,Warszawa,mazowieckie
04-237,Warszawa,Warszawa,Warszawa,mazowieckie
04-270,Warszawa,Warszawa,Warszawa,mazowieckie
04-452,Warszawa,Warszawa,Warszawa,mazowieckie
04-890,Warszawa,Warszawa,Warszawa,mazowieckie
01-237,Warszawa,Warszawa,Warszawa,mazowieckie
03-139,Warszawa,Warszawa,Warszawa,mazowieckie
00-369,Warszawa,Warszawa,Warszawa,mazowieckie
00-364,Warszawa,Warszawa,Warszawa,mazowieckie
00-358,Warszawa,Warszawa,Warszawa,mazowieckie
02-938,Warszawa,Warszawa,Warszawa,mazowieckie
02-937,Warszawa,Warszawa,Warszawa,mazowieckie
00-143,Warszawa,Warszawa,Warszawa,mazowieckie
04-508,Warszawa,Warszawa,Warszawa,mazowieckie
04-830,Warszawa,Warszawa,Warszawa,mazowieckie
03-018,Warszawa,Warszawa,Warszawa,mazowieckie
01-507,Warszawa,Warszawa,Warszawa,mazowieckie
01-475,Warszawa,Warszawa,Warszawa,mazowieckie
02-244,Warszawa,Warszawa,Warszawa,mazowieckie
02-068,Warszawa,Warszawa,Warszawa,mazowieckie
02-374,Warszawa,Warszawa,Warszawa,mazowieckie
04-211,Warszawa,Warszawa,Warszawa,mazowieckie
04-173,Warszawa,Warszawa,Warszawa,mazowieckie
01-928,Warszawa,Warszawa,Warszawa,mazowieckie
02-145,Warszawa,Warszawa,Warszawa,mazowieckie
04-302,Warszawa,Warszawa,Warszawa,mazowieckie
04-312,Warszawa,Warszawa,Warszawa,mazowieckie
04-325,Warszawa,Warszawa,Warszawa,mazowieckie
04-332,Warszawa,Warszawa,Warszawa,mazowieckie
04-351,Warszawa,Warszawa,Warszawa,mazowieckie
00-072,Warszawa,Warszawa,Warszawa,mazowieckie
03-542,Warszawa,Warszawa,Warszawa,mazowieckie
01-993,Warszawa,Warszawa,Warszawa,mazowieckie
04-834,Warszawa,Warszawa,Warszawa,mazowieckie
04-808,Warszawa,Warszawa,Warszawa,mazowieckie
04-733,Warszawa,Warszawa,Warszawa,mazowieckie
02-949,Warszawa,Warszawa,Warszawa,mazowieckie
04-193,Warszawa,Warszawa,Warszawa,mazowieckie
04-163,Warszawa,Warszawa,Warszawa,mazowieckie
04-118,Warszawa,Warszawa,Warszawa,mazowieckie
04-026,Warszawa,Warszawa,Warszawa,mazowieckie
04-102,Warszawa,Warszawa,Warszawa,mazowieckie
01-798,Warszawa,Warszawa,Warszawa,mazowieckie
03-143,Warszawa,Warszawa,Warszawa,mazowieckie
03-503,Warszawa,Warszawa,Warszawa,mazowieckie
03-759,Warszawa,Warszawa,Warszawa,mazowieckie
02-467,Warszawa,Warszawa,Warszawa,mazowieckie
01-351,Warszawa,Warszawa,Warszawa,mazowieckie
04-976,Warszawa,Warszawa,Warszawa,mazowieckie
03-825,Warszawa,Warszawa,Warszawa,mazowieckie
01-416,Warszawa,Warszawa,Warszawa,mazowieckie
01-444,Warszawa,Warszawa,Warszawa,mazowieckie
04-219,Warszawa,Warszawa,Warszawa,mazowieckie
04-361,Warszawa,Warszawa,Warszawa,mazowieckie
04-376,Warszawa,Warszawa,Warszawa,mazowieckie
04-693,Warszawa,Warszawa,Warszawa,mazowieckie
04-450,Warszawa,Warszawa,Warszawa,mazowieckie
04-443,Warszawa,Warszawa,Warszawa,mazowieckie
04-438,Warszawa,Warszawa,Warszawa,mazowieckie
00-777,Warszawa,Warszawa,Warszawa,mazowieckie
03-321,Warszawa,Warszawa,Warszawa,mazowieckie
04-684,Warszawa,Warszawa,Warszawa,mazowieckie
02-147,Warszawa,Warszawa,Warszawa,mazowieckie
02-268,Warszawa,Warszawa,Warszawa,mazowieckie
02-494,Warszawa,Warszawa,Warszawa,mazowieckie
03-704,Warszawa,Warszawa,Warszawa,mazowieckie
00-696,Warszawa,Warszawa,Warszawa,mazowieckie
04-877,Warszawa,Warszawa,Warszawa,mazowieckie
04-862,Warszawa,Warszawa,Warszawa,mazowieckie
04-793,Warszawa,Warszawa,Warszawa,mazowieckie
03-990,Warszawa,Warszawa,Warszawa,mazowieckie
01-979,Warszawa,Warszawa,Warszawa,mazowieckie
00-827,Warszawa,Warszawa,Warszawa,mazowieckie
00-830,Warszawa,Warszawa,Warszawa,mazowieckie
00-834,Warszawa,Warszawa,Warszawa,mazowieckie
00-837,Warszawa,Warszawa,Warszawa,mazowieckie
03-985,Warszawa,Warszawa,Warszawa,mazowieckie
01-973,Warszawa,Warszawa,Warszawa,mazowieckie
04-751,Warszawa,Warszawa,Warszawa,mazowieckie
02-890,Warszawa,Warszawa,Warszawa,mazowieckie
01-222,Warszawa,Warszawa,Warszawa,mazowieckie
01-699,Warszawa,Warszawa,Warszawa,mazowieckie
03-155,Warszawa,Warszawa,Warszawa,mazowieckie
00-518,Warszawa,Warszawa,Warszawa,mazowieckie
02-440,Warszawa,Warszawa,Warszawa,mazowieckie
02-445,Warszawa,Warszawa,Warszawa,mazowieckie
04-946,Warszawa,Warszawa,Warszawa,mazowieckie
03-954,Warszawa,Warszawa,Warszawa,mazowieckie
03-935,Warszawa,Warszawa,Warszawa,mazowieckie
03-945,Warszawa,Warszawa,Warszawa,mazowieckie
00-027,Warszawa,Warszawa,Warszawa,mazowieckie
00-067,Warszawa,Warszawa,Warszawa,mazowieckie
04-894,Warszawa,Warszawa,Warszawa,mazowieckie
01-640,Warszawa,Warszawa,Warszawa,mazowieckie
02-507,Warszawa,Warszawa,Warszawa,mazowieckie
02-750,Warszawa,Warszawa,Warszawa,mazowieckie
04-972,Warszawa,Warszawa,Warszawa,mazowieckie
04-933,Warszawa,Warszawa,Warszawa,mazowieckie
04-920,Warszawa,Warszawa,Warszawa,mazowieckie
04-912,Warszawa,Warszawa,Warszawa,mazowieckie
04-966,Warszawa,Warszawa,Warszawa,mazowieckie
04-900,Warszawa,Warszawa,Warszawa,mazowieckie
04-950,Warszawa,Warszawa,Warszawa,mazowieckie
04-844,Warszawa,Warszawa,Warszawa,mazowieckie
04-839,Warszawa,Warszawa,Warszawa,mazowieckie
04-892,Warszawa,Warszawa,Warszawa,mazowieckie
04-832,Warszawa,Warszawa,Warszawa,mazowieckie
04-881,Warszawa,Warszawa,Warszawa,mazowieckie
04-804,Warszawa,Warszawa,Warszawa,mazowieckie
04-858,Warszawa,Warszawa,Warszawa,mazowieckie
04-701,Warszawa,Warszawa,Warszawa,mazowieckie
04-852,Warszawa,Warszawa,Warszawa,mazowieckie
04-760,Warszawa,Warszawa,Warszawa,mazowieckie
04-767,Warszawa,Warszawa,Warszawa,mazowieckie
03-980,Warszawa,Warszawa,Warszawa,mazowieckie
00-164,Warszawa,Warszawa,Warszawa,mazowieckie
01-025,Warszawa,Warszawa,Warszawa,mazowieckie
01-058,Warszawa,Warszawa,Warszawa,mazowieckie
01-030,Warszawa,Warszawa,Warszawa,mazowieckie
02-106,Warszawa,Warszawa,Warszawa,mazowieckie
01-863,Warszawa,Warszawa,Warszawa,mazowieckie
04-643,Warszawa,Warszawa,Warszawa,mazowieckie
03-202,Warszawa,Warszawa,Warszawa,mazowieckie
01-683,Warszawa,Warszawa,Warszawa,mazowieckie
04-794,Warszawa,Warszawa,Warszawa,mazowieckie
00-849,Warszawa,Warszawa,Warszawa,mazowieckie
02-808,Warszawa,Warszawa,Warszawa,mazowieckie
04-164,Warszawa,Warszawa,Warszawa,mazowieckie
04-183,Warszawa,Warszawa,Warszawa,mazowieckie
04-180,Warszawa,Warszawa,Warszawa,mazowieckie
04-124,Warszawa,Warszawa,Warszawa,mazowieckie
02-893,Warszawa,Warszawa,Warszawa,mazowieckie
02-280,Warszawa,Warszawa,Warszawa,mazowieckie
04-729,Warszawa,Warszawa,Warszawa,mazowieckie
01-855,Warszawa,Warszawa,Warszawa,mazowieckie
01-872,Warszawa,Warszawa,Warszawa,mazowieckie
01-883,Warszawa,Warszawa,Warszawa,mazowieckie
01-890,Warszawa,Warszawa,Warszawa,mazowieckie
01-688,Warszawa,Warszawa,Warszawa,mazowieckie
02-403,Warszawa,Warszawa,Warszawa,mazowieckie
00-765,Warszawa,Warszawa,Warszawa,mazowieckie
01-067,Warszawa,Warszawa,Warszawa,mazowieckie
02-400,Warszawa,Warszawa,Warszawa,mazowieckie
00-264,Warszawa,Warszawa,Warszawa,mazowieckie
04-685,Warszawa,Warszawa,Warszawa,mazowieckie
04-417,Warszawa,Warszawa,Warszawa,mazowieckie
00-230,Warszawa,Warszawa,Warszawa,mazowieckie
00-477,Warszawa,Warszawa,Warszawa,mazowieckie
00-539,Warszawa,Warszawa,Warszawa,mazowieckie
00-549,Warszawa,Warszawa,Warszawa,mazowieckie
00-547,Warszawa,Warszawa,Warszawa,mazowieckie
00-677,Warszawa,Warszawa,Warszawa,mazowieckie
00-672,Warszawa,Warszawa,Warszawa,mazowieckie
02-175,Warszawa,Warszawa,Warszawa,mazowieckie
02-629,Warszawa,Warszawa,Warszawa,mazowieckie
02-613,Warszawa,Warszawa,Warszawa,mazowieckie
00-771,Warszawa,Warszawa,Warszawa,mazowieckie
04-731,Warszawa,Warszawa,Warszawa,mazowieckie
01-740,Warszawa,Warszawa,Warszawa,mazowieckie
04-142,Warszawa,Warszawa,Warszawa,mazowieckie
02-375,Warszawa,Warszawa,Warszawa,mazowieckie
00-770,Warszawa,Warszawa,Warszawa,mazowieckie
00-265,Warszawa,Warszawa,Warszawa,mazowieckie
03-074,Warszawa,Warszawa,Warszawa,mazowieckie
03-736,Warszawa,Warszawa,Warszawa,mazowieckie
03-502,Warszawa,Warszawa,Warszawa,mazowieckie
02-449,Warszawa,Warszawa,Warszawa,mazowieckie
00-669,Warszawa,Warszawa,Warszawa,mazowieckie
00-688,Warszawa,Warszawa,Warszawa,mazowieckie
00-698,Warszawa,Warszawa,Warszawa,mazowieckie
00-118,Warszawa,Warszawa,Warszawa,mazowieckie
00-125,Warszawa,Warszawa,Warszawa,mazowieckie
00-113,Warszawa,Warszawa,Warszawa,mazowieckie
00-808,Warszawa,Warszawa,Warszawa,mazowieckie
04-841,Warszawa,Warszawa,Warszawa,mazowieckie
04-404,Warszawa,Warszawa,Warszawa,mazowieckie
03-147,Warszawa,Warszawa,Warszawa,mazowieckie
04-473,Warszawa,Warszawa,Warszawa,mazowieckie
04-493,Warszawa,Warszawa,Warszawa,mazowieckie
01-852,Warszawa,Warszawa,Warszawa,mazowieckie
01-832,Warszawa,Warszawa,Warszawa,mazowieckie
01-827,Warszawa,Warszawa,Warszawa,mazowieckie
03-191,Warszawa,Warszawa,Warszawa,mazowieckie
01-231,Warszawa,Warszawa,Warszawa,mazowieckie
01-138,Warszawa,Warszawa,Warszawa,mazowieckie
01-135,Warszawa,Warszawa,Warszawa,mazowieckie
01-148,Warszawa,Warszawa,Warszawa,mazowieckie
01-152,Warszawa,Warszawa,Warszawa,mazowieckie
01-173,Warszawa,Warszawa,Warszawa,mazowieckie
01-166,Warszawa,Warszawa,Warszawa,mazowieckie
04-501,Warszawa,Warszawa,Warszawa,mazowieckie
02-047,Warszawa,Warszawa,Warszawa,mazowieckie
02-470,Warszawa,Warszawa,Warszawa,mazowieckie
03-368,Warszawa,Warszawa,Warszawa,mazowieckie
04-984,Warszawa,Warszawa,Warszawa,mazowieckie
01-594,Warszawa,Warszawa,Warszawa,mazowieckie
02-709,Warszawa,Warszawa,Warszawa,mazowieckie
02-732,Warszawa,Warszawa,Warszawa,mazowieckie
02-221,Warszawa,Warszawa,Warszawa,mazowieckie
00-721,Warszawa,Warszawa,Warszawa,mazowieckie
00-463,Warszawa,Warszawa,Warszawa,mazowieckie
00-722,Warszawa,Warszawa,Warszawa,mazowieckie
01-818,Warszawa,Warszawa,Warszawa,mazowieckie
01-862,Warszawa,Warszawa,Warszawa,mazowieckie
01-866,Warszawa,Warszawa,Warszawa,mazowieckie
01-867,Warszawa,Warszawa,Warszawa,mazowieckie
03-157,Warszawa,Warszawa,Warszawa,mazowieckie
01-327,Warszawa,Warszawa,Warszawa,mazowieckie
04-268,Warszawa,Warszawa,Warszawa,mazowieckie
04-278,Warszawa,Warszawa,Warszawa,mazowieckie
03-774,Warszawa,Warszawa,Warszawa,mazowieckie
01-673,Warszawa,Warszawa,Warszawa,mazowieckie
04-819,Warszawa,Warszawa,Warszawa,mazowieckie
04-291,Warszawa,Warszawa,Warszawa,mazowieckie
03-111,Warszawa,Warszawa,Warszawa,mazowieckie
03-165,Warszawa,Warszawa,Warszawa,mazowieckie
03-834,Warszawa,Warszawa,Warszawa,mazowieckie
03-833,Warszawa,Warszawa,Warszawa,mazowieckie
03-831,Warszawa,Warszawa,Warszawa,mazowieckie
03-829,Warszawa,Warszawa,Warszawa,mazowieckie
01-573,Warszawa,Warszawa,Warszawa,mazowieckie
04-645,Warszawa,Warszawa,Warszawa,mazowieckie
00-252,Warszawa,Warszawa,Warszawa,mazowieckie
00-261,Warszawa,Warszawa,Warszawa,mazowieckie
04-994,Warszawa,Warszawa,Warszawa,mazowieckie
01-568,Warszawa,Warszawa,Warszawa,mazowieckie
01-564,Warszawa,Warszawa,Warszawa,mazowieckie
02-285,Warszawa,Warszawa,Warszawa,mazowieckie
00-199,Warszawa,Warszawa,Warszawa,mazowieckie
04-676,Warszawa,Warszawa,Warszawa,mazowieckie
03-506,Warszawa,Warszawa,Warszawa,mazowieckie
04-051,Warszawa,Warszawa,Warszawa,mazowieckie
00-661,Warszawa,Warszawa,Warszawa,mazowieckie
00-622,Warszawa,Warszawa,Warszawa,mazowieckie
00-625,Warszawa,Warszawa,Warszawa,mazowieckie
00-633,Warszawa,Warszawa,Warszawa,mazowieckie
00-635,Warszawa,Warszawa,Warszawa,mazowieckie
00-630,Warszawa,Warszawa,Warszawa,mazowieckie
00-644,Warszawa,Warszawa,Warszawa,mazowieckie
03-003,Warszawa,Warszawa,Warszawa,mazowieckie
03-069,Warszawa,Warszawa,Warszawa,mazowieckie
04-992,Warszawa,Warszawa,Warszawa,mazowieckie
01-741,Warszawa,Warszawa,Warszawa,mazowieckie
01-377,Warszawa,Warszawa,Warszawa,mazowieckie
01-378,Warszawa,Warszawa,Warszawa,mazowieckie
01-337,Warszawa,Warszawa,Warszawa,mazowieckie
01-336,Warszawa,Warszawa,Warszawa,mazowieckie
01-301,Warszawa,Warszawa,Warszawa,mazowieckie
01-302,Warszawa,Warszawa,Warszawa,mazowieckie
01-303,Warszawa,Warszawa,Warszawa,mazowieckie
01-304,Warszawa,Warszawa,Warszawa,mazowieckie
04-789,Warszawa,Warszawa,Warszawa,mazowieckie
04-780,Warszawa,Warszawa,Warszawa,mazowieckie
04-694,Warszawa,Warszawa,Warszawa,mazowieckie
04-859,Warszawa,Warszawa,Warszawa,mazowieckie
03-101,Warszawa,Warszawa,Warszawa,mazowieckie
02-310,Warszawa,Warszawa,Warszawa,mazowieckie
02-196,Warszawa,Warszawa,Warszawa,mazowieckie
01-921,Warszawa,Warszawa,Warszawa,mazowieckie
01-786,Warszawa,Warszawa,Warszawa,mazowieckie
01-501,Warszawa,Warszawa,Warszawa,mazowieckie
01-595,Warszawa,Warszawa,Warszawa,mazowieckie
01-590,Warszawa,Warszawa,Warszawa,mazowieckie
04-602,Warszawa,Warszawa,Warszawa,mazowieckie
04-604,Warszawa,Warszawa,Warszawa,mazowieckie
04-605,Warszawa,Warszawa,Warszawa,mazowieckie
04-611,Warszawa,Warszawa,Warszawa,mazowieckie
04-637,Warszawa,Warszawa,Warszawa,mazowieckie
04-614,Warszawa,Warszawa,Warszawa,mazowieckie
04-615,Warszawa,Warszawa,Warszawa,mazowieckie
04-616,Warszawa,Warszawa,Warszawa,mazowieckie
04-636,Warszawa,Warszawa,Warszawa,mazowieckie
04-638,Warszawa,Warszawa,Warszawa,mazowieckie
02-473,Warszawa,Warszawa,Warszawa,mazowieckie
02-226,Warszawa,Warszawa,Warszawa,mazowieckie
03-613,Warszawa,Warszawa,Warszawa,mazowieckie
02-225,Warszawa,Warszawa,Warszawa,mazowieckie
04-747,Warszawa,Warszawa,Warszawa,mazowieckie
03-638,Warszawa,Warszawa,Warszawa,mazowieckie
03-630,Warszawa,Warszawa,Warszawa,mazowieckie
04-263,Warszawa,Warszawa,Warszawa,mazowieckie
01-652,Warszawa,Warszawa,Warszawa,mazowieckie
01-639,Warszawa,Warszawa,Warszawa,mazowieckie
01-619,Warszawa,Warszawa,Warszawa,mazowieckie
04-566,Warszawa,Warszawa,Warszawa,mazowieckie
04-534,Warszawa,Warszawa,Warszawa,mazowieckie
00-393,Warszawa,Warszawa,Warszawa,mazowieckie
02-448,Warszawa,Warszawa,Warszawa,mazowieckie
03-686,Warszawa,Warszawa,Warszawa,mazowieckie
01-797,Warszawa,Warszawa,Warszawa,mazowieckie
03-799,Warszawa,Warszawa,Warszawa,mazowieckie
04-466,Warszawa,Warszawa,Warszawa,mazowieckie
02-920,Warszawa,Warszawa,Warszawa,mazowieckie
02-903,Warszawa,Warszawa,Warszawa,mazowieckie
01-381,Warszawa,Warszawa,Warszawa,mazowieckie
00-030,Warszawa,Warszawa,Warszawa,mazowieckie
00-039,Warszawa,Warszawa,Warszawa,mazowieckie
02-398,Warszawa,Warszawa,Warszawa,mazowieckie
04-561,Warszawa,Warszawa,Warszawa,mazowieckie
00-680,Warszawa,Warszawa,Warszawa,mazowieckie
00-685,Warszawa,Warszawa,Warszawa,mazowieckie
00-689,Warszawa,Warszawa,Warszawa,mazowieckie
03-309,Warszawa,Warszawa,Warszawa,mazowieckie
04-703,Warszawa,Warszawa,Warszawa,mazowieckie
04-632,Warszawa,Warszawa,Warszawa,mazowieckie
03-510,Warszawa,Warszawa,Warszawa,mazowieckie
03-518,Warszawa,Warszawa,Warszawa,mazowieckie
03-540,Warszawa,Warszawa,Warszawa,mazowieckie
04-053,Warszawa,Warszawa,Warszawa,mazowieckie
03-511,Warszawa,Warszawa,Warszawa,mazowieckie
03-519,Warszawa,Warszawa,Warszawa,mazowieckie
03-544,Warszawa,Warszawa,Warszawa,mazowieckie
01-243,Warszawa,Warszawa,Warszawa,mazowieckie
01-238,Warszawa,Warszawa,Warszawa,mazowieckie
02-072,Warszawa,Warszawa,Warszawa,mazowieckie
04-360,Warszawa,Warszawa,Warszawa,mazowieckie
04-388,Warszawa,Warszawa,Warszawa,mazowieckie
03-123,Warszawa,Warszawa,Warszawa,mazowieckie
00-433,Warszawa,Warszawa,Warszawa,mazowieckie
02-074,Warszawa,Warszawa,Warszawa,mazowieckie
00-778,Warszawa,Warszawa,Warszawa,mazowieckie
02-428,Warszawa,Warszawa,Warszawa,mazowieckie
02-648,Warszawa,Warszawa,Warszawa,mazowieckie
03-672,Warszawa,Warszawa,Warszawa,mazowieckie
00-850,Warszawa,Warszawa,Warszawa,mazowieckie
00-838,Warszawa,Warszawa,Warszawa,mazowieckie
00-107,Warszawa,Warszawa,Warszawa,mazowieckie
02-262,Warszawa,Warszawa,Warszawa,mazowieckie
00-493,Warszawa,Warszawa,Warszawa,mazowieckie
02-118,Warszawa,Warszawa,Warszawa,mazowieckie
02-119,Warszawa,Warszawa,Warszawa,mazowieckie
02-322,Warszawa,Warszawa,Warszawa,mazowieckie
01-242,Warszawa,Warszawa,Warszawa,mazowieckie
01-424,Warszawa,Warszawa,Warszawa,mazowieckie
01-749,Warszawa,Warszawa,Warszawa,mazowieckie
01-457,Warszawa,Warszawa,Warszawa,mazowieckie
00-100,Warszawa,Warszawa,Warszawa,mazowieckie
03-879,Warszawa,Warszawa,Warszawa,mazowieckie
02-433,Warszawa,Warszawa,Warszawa,mazowieckie
04-488,Warszawa,Warszawa,Warszawa,mazowieckie
04-622,Warszawa,Warszawa,Warszawa,mazowieckie
04-943,Warszawa,Warszawa,Warszawa,mazowieckie
04-931,Warszawa,Warszawa,Warszawa,mazowieckie
04-909,Warszawa,Warszawa,Warszawa,mazowieckie
03-103,Warszawa,Warszawa,Warszawa,mazowieckie
02-361,Warszawa,Warszawa,Warszawa,mazowieckie
00-450,Warszawa,Warszawa,Warszawa,mazowieckie
02-407,Warszawa,Warszawa,Warszawa,mazowieckie
02-410,Warszawa,Warszawa,Warszawa,mazowieckie
00-032,Warszawa,Warszawa,Warszawa,mazowieckie
04-874,Warszawa,Warszawa,Warszawa,mazowieckie
04-895,Warszawa,Warszawa,Warszawa,mazowieckie
04-382,Warszawa,Warszawa,Warszawa,mazowieckie
03-691,Warszawa,Warszawa,Warszawa,mazowieckie
03-022,Warszawa,Warszawa,Warszawa,mazowieckie
01-960,Warszawa,Warszawa,Warszawa,mazowieckie
01-930,Warszawa,Warszawa,Warszawa,mazowieckie
02-749,Warszawa,Warszawa,Warszawa,mazowieckie
02-384,Warszawa,Warszawa,Warszawa,mazowieckie
01-849,Warszawa,Warszawa,Warszawa,mazowieckie
01-824,Warszawa,Warszawa,Warszawa,mazowieckie
01-844,Warszawa,Warszawa,Warszawa,mazowieckie
01-252,Warszawa,Warszawa,Warszawa,mazowieckie
01-266,Warszawa,Warszawa,Warszawa,mazowieckie
00-565,Warszawa,Warszawa,Warszawa,mazowieckie
04-569,Warszawa,Warszawa,Warszawa,mazowieckie
04-544,Warszawa,Warszawa,Warszawa,mazowieckie
04-959,Warszawa,Warszawa,Warszawa,mazowieckie
04-807,Warszawa,Warszawa,Warszawa,mazowieckie
02-402,Warszawa,Warszawa,Warszawa,mazowieckie
03-944,Warszawa,Warszawa,Warszawa,mazowieckie
01-208,Warszawa,Warszawa,Warszawa,mazowieckie
00-219,Warszawa,Warszawa,Warszawa,mazowieckie
00-408,Warszawa,Warszawa,Warszawa,mazowieckie
03-083,Warszawa,Warszawa,Warszawa,mazowieckie
03-577,Warszawa,Warszawa,Warszawa,mazowieckie
03-181,Warszawa,Warszawa,Warszawa,mazowieckie
02-515,Warszawa,Warszawa,Warszawa,mazowieckie
02-566,Warszawa,Warszawa,Warszawa,mazowieckie
02-512,Warszawa,Warszawa,Warszawa,mazowieckie
02-508,Warszawa,Warszawa,Warszawa,mazowieckie
02-559,Warszawa,Warszawa,Warszawa,mazowieckie
02-592,Warszawa,Warszawa,Warszawa,mazowieckie
02-595,Warszawa,Warszawa,Warszawa,mazowieckie
02-603,Warszawa,Warszawa,Warszawa,mazowieckie
02-620,Warszawa,Warszawa,Warszawa,mazowieckie
02-707,Warszawa,Warszawa,Warszawa,mazowieckie
02-715,Warszawa,Warszawa,Warszawa,mazowieckie
02-624,Warszawa,Warszawa,Warszawa,mazowieckie
02-684,Warszawa,Warszawa,Warszawa,mazowieckie
02-740,Warszawa,Warszawa,Warszawa,mazowieckie
02-769,Warszawa,Warszawa,Warszawa,mazowieckie
02-819,Warszawa,Warszawa,Warszawa,mazowieckie
02-845,Warszawa,Warszawa,Warszawa,mazowieckie
02-801,Warszawa,Warszawa,Warszawa,mazowieckie
02-884,Warszawa,Warszawa,Warszawa,mazowieckie
02-844,Warszawa,Warszawa,Warszawa,mazowieckie
02-885,Warszawa,Warszawa,Warszawa,mazowieckie
01-969,Warszawa,Warszawa,Warszawa,mazowieckie
04-170,Warszawa,Warszawa,Warszawa,mazowieckie
04-151,Warszawa,Warszawa,Warszawa,mazowieckie
04-138,Warszawa,Warszawa,Warszawa,mazowieckie
04-155,Warszawa,Warszawa,Warszawa,mazowieckie
01-129,Warszawa,Warszawa,Warszawa,mazowieckie
01-390,Warszawa,Warszawa,Warszawa,mazowieckie
04-436,Warszawa,Warszawa,Warszawa,mazowieckie
02-751,Warszawa,Warszawa,Warszawa,mazowieckie
01-140,Warszawa,Warszawa,Warszawa,mazowieckie
01-143,Warszawa,Warszawa,Warszawa,mazowieckie
02-601,Warszawa,Warszawa,Warszawa,mazowieckie
02-117,Warszawa,Warszawa,Warszawa,mazowieckie
02-137,Warszawa,Warszawa,Warszawa,mazowieckie
04-850,Warszawa,Warszawa,Warszawa,mazowieckie
04-827,Warszawa,Warszawa,Warszawa,mazowieckie
00-341,Warszawa,Warszawa,Warszawa,mazowieckie
02-323,Warszawa,Warszawa,Warszawa,mazowieckie
04-764,Warszawa,Warszawa,Warszawa,mazowieckie
01-681,Warszawa,Warszawa,Warszawa,mazowieckie
01-261,Warszawa,Warszawa,Warszawa,mazowieckie
03-943,Warszawa,Warszawa,Warszawa,mazowieckie
03-752,Warszawa,Warszawa,Warszawa,mazowieckie
03-747,Warszawa,Warszawa,Warszawa,mazowieckie
03-751,Warszawa,Warszawa,Warszawa,mazowieckie
03-512,Warszawa,Warszawa,Warszawa,mazowieckie
03-574,Warszawa,Warszawa,Warszawa,mazowieckie
03-548,Warszawa,Warszawa,Warszawa,mazowieckie
03-549,Warszawa,Warszawa,Warszawa,mazowieckie
03-560,Warszawa,Warszawa,Warszawa,mazowieckie
03-576,Warszawa,Warszawa,Warszawa,mazowieckie
03-575,Warszawa,Warszawa,Warszawa,mazowieckie
03-671,Warszawa,Warszawa,Warszawa,mazowieckie
03-611,Warszawa,Warszawa,Warszawa,mazowieckie
03-674,Warszawa,Warszawa,Warszawa,mazowieckie
03-643,Warszawa,Warszawa,Warszawa,mazowieckie
03-694,Warszawa,Warszawa,Warszawa,mazowieckie
04-255,Warszawa,Warszawa,Warszawa,mazowieckie
04-241,Warszawa,Warszawa,Warszawa,mazowieckie
00-220,Warszawa,Warszawa,Warszawa,mazowieckie
02-816,Warszawa,Warszawa,Warszawa,mazowieckie
01-679,Warszawa,Warszawa,Warszawa,mazowieckie
02-519,Warszawa,Warszawa,Warszawa,mazowieckie
02-521,Warszawa,Warszawa,Warszawa,mazowieckie
02-528,Warszawa,Warszawa,Warszawa,mazowieckie
02-532,Warszawa,Warszawa,Warszawa,mazowieckie
04-055,Warszawa,Warszawa,Warszawa,mazowieckie
02-045,Warszawa,Warszawa,Warszawa,mazowieckie
03-956,Warszawa,Warszawa,Warszawa,mazowieckie
04-408,Warszawa,Warszawa,Warszawa,mazowieckie
02-026,Warszawa,Warszawa,Warszawa,mazowieckie
02-033,Warszawa,Warszawa,Warszawa,mazowieckie
03-461,Warszawa,Warszawa,Warszawa,mazowieckie
03-450,Warszawa,Warszawa,Warszawa,mazowieckie
03-407,Warszawa,Warszawa,Warszawa,mazowieckie
03-452,Warszawa,Warszawa,Warszawa,mazowieckie
03-451,Warszawa,Warszawa,Warszawa,mazowieckie
03-453,Warszawa,Warszawa,Warszawa,mazowieckie
02-292,Warszawa,Warszawa,Warszawa,mazowieckie
01-103,Warszawa,Warszawa,Warszawa,mazowieckie
01-131,Warszawa,Warszawa,Warszawa,mazowieckie
02-080,Warszawa,Warszawa,Warszawa,mazowieckie
03-639,Warszawa,Warszawa,Warszawa,mazowieckie
03-596,Warszawa,Warszawa,Warszawa,mazowieckie
02-053,Warszawa,Warszawa,Warszawa,mazowieckie
04-891,Warszawa,Warszawa,Warszawa,mazowieckie
04-897,Warszawa,Warszawa,Warszawa,mazowieckie
02-516,Warszawa,Warszawa,Warszawa,mazowieckie
04-235,Warszawa,Warszawa,Warszawa,mazowieckie
00-614,Warszawa,Warszawa,Warszawa,mazowieckie
03-343,Warszawa,Warszawa,Warszawa,mazowieckie
03-362,Warszawa,Warszawa,Warszawa,mazowieckie
03-378,Warszawa,Warszawa,Warszawa,mazowieckie
03-396,Warszawa,Warszawa,Warszawa,mazowieckie
03-616,Warszawa,Warszawa,Warszawa,mazowieckie
04-537,Warszawa,Warszawa,Warszawa,mazowieckie
04-232,Warszawa,Warszawa,Warszawa,mazowieckie
02-243,Warszawa,Warszawa,Warszawa,mazowieckie
01-386,Warszawa,Warszawa,Warszawa,mazowieckie
04-375,Warszawa,Warszawa,Warszawa,mazowieckie
01-936,Warszawa,Warszawa,Warszawa,mazowieckie
02-261,Warszawa,Warszawa,Warszawa,mazowieckie
01-388,Warszawa,Warszawa,Warszawa,mazowieckie
01-172,Warszawa,Warszawa,Warszawa,mazowieckie
01-924,Warszawa,Warszawa,Warszawa,mazowieckie
00-708,Warszawa,Warszawa,Warszawa,mazowieckie
01-206,Warszawa,Warszawa,Warszawa,mazowieckie
04-773,Warszawa,Warszawa,Warszawa,mazowieckie
03-521,Warszawa,Warszawa,Warszawa,mazowieckie
02-131,Warszawa,Warszawa,Warszawa,mazowieckie
02-348,Warszawa,Warszawa,Warszawa,mazowieckie
02-729,Warszawa,Warszawa,Warszawa,mazowieckie
04-562,Warszawa,Warszawa,Warszawa,mazowieckie
01-874,Warszawa,Warszawa,Warszawa,mazowieckie
01-892,Warszawa,Warszawa,Warszawa,mazowieckie
04-346,Warszawa,Warszawa,Warszawa,mazowieckie
00-843,Warszawa,Warszawa,Warszawa,mazowieckie
02-356,Warszawa,Warszawa,Warszawa,mazowieckie
03-871,Warszawa,Warszawa,Warszawa,mazowieckie
04-708,Warszawa,Warszawa,Warszawa,mazowieckie
03-623,Warszawa,Warszawa,Warszawa,mazowieckie
01-340,Warszawa,Warszawa,Warszawa,mazowieckie
04-447,Warszawa,Warszawa,Warszawa,mazowieckie
04-420,Warszawa,Warszawa,Warszawa,mazowieckie
00-419,Warszawa,Warszawa,Warszawa,mazowieckie
00-451,Warszawa,Warszawa,Warszawa,mazowieckie
00-429,Warszawa,Warszawa,Warszawa,mazowieckie
01-310,Warszawa,Warszawa,Warszawa,mazowieckie
04-029,Warszawa,Warszawa,Warszawa,mazowieckie
04-020,Warszawa,Warszawa,Warszawa,mazowieckie
04-189,Warszawa,Warszawa,Warszawa,mazowieckie
03-628,Warszawa,Warszawa,Warszawa,mazowieckie
04-213,Warszawa,Warszawa,Warszawa,mazowieckie
03-418,Warszawa,Warszawa,Warszawa,mazowieckie
02-235,Warszawa,Warszawa,Warszawa,mazowieckie
00-556,Warszawa,Warszawa,Warszawa,mazowieckie
02-569,Warszawa,Warszawa,Warszawa,mazowieckie
03-088,Warszawa,Warszawa,Warszawa,mazowieckie
04-662,Warszawa,Warszawa,Warszawa,mazowieckie
02-182,Warszawa,Warszawa,Warszawa,mazowieckie
02-069,Warszawa,Warszawa,Warszawa,mazowieckie
01-858,Warszawa,Warszawa,Warszawa,mazowieckie
03-698,Warszawa,Warszawa,Warszawa,mazowieckie
02-831,Warszawa,Warszawa,Warszawa,mazowieckie
03-786,Warszawa,Warszawa,Warszawa,mazowieckie
01-611,Warszawa,Warszawa,Warszawa,mazowieckie
03-811,Warszawa,Warszawa,Warszawa,mazowieckie
02-405,Warszawa,Warszawa,Warszawa,mazowieckie
02-432,Warszawa,Warszawa,Warszawa,mazowieckie
00-254,Warszawa,Warszawa,Warszawa,mazowieckie
00-620,Warszawa,Warszawa,Warszawa,mazowieckie
01-850,Warszawa,Warszawa,Warszawa,mazowieckie
00-229,Warszawa,Warszawa,Warszawa,mazowieckie
00-272,Warszawa,Warszawa,Warszawa,mazowieckie
00-005,Warszawa,Warszawa,Warszawa,mazowieckie
00-059,Warszawa,Warszawa,Warszawa,mazowieckie
02-483,Warszawa,Warszawa,Warszawa,mazowieckie
03-246,Warszawa,Warszawa,Warszawa,mazowieckie
03-415,Warszawa,Warszawa,Warszawa,mazowieckie
03-534,Warszawa,Warszawa,Warszawa,mazowieckie
03-533,Warszawa,Warszawa,Warszawa,mazowieckie
04-633,Warszawa,Warszawa,Warszawa,mazowieckie
04-620,Warszawa,Warszawa,Warszawa,mazowieckie
04-609,Warszawa,Warszawa,Warszawa,mazowieckie
02-748,Warszawa,Warszawa,Warszawa,mazowieckie
02-697,Warszawa,Warszawa,Warszawa,mazowieckie
02-174,Warszawa,Warszawa,Warszawa,mazowieckie
03-021,Warszawa,Warszawa,Warszawa,mazowieckie
01-709,Warszawa,Warszawa,Warszawa,mazowieckie
04-660,Warszawa,Warszawa,Warszawa,mazowieckie
01-770,Warszawa,Warszawa,Warszawa,mazowieckie
01-772,Warszawa,Warszawa,Warszawa,mazowieckie
00-392,Warszawa,Warszawa,Warszawa,mazowieckie
02-283,Warszawa,Warszawa,Warszawa,mazowieckie
03-592,Warszawa,Warszawa,Warszawa,mazowieckie
03-588,Warszawa,Warszawa,Warszawa,mazowieckie
01-980,Warszawa,Warszawa,Warszawa,mazowieckie
03-656,Warszawa,Warszawa,Warszawa,mazowieckie
03-180,Warszawa,Warszawa,Warszawa,mazowieckie
02-567,Warszawa,Warszawa,Warszawa,mazowieckie
00-222,Warszawa,Warszawa,Warszawa,mazowieckie
02-110,Warszawa,Warszawa,Warszawa,mazowieckie
02-111,Warszawa,Warszawa,Warszawa,mazowieckie
02-263,Warszawa,Warszawa,Warszawa,mazowieckie
01-735,Warszawa,Warszawa,Warszawa,mazowieckie
01-584,Warszawa,Warszawa,Warszawa,mazowieckie
01-587,Warszawa,Warszawa,Warszawa,mazowieckie
02-144,Warszawa,Warszawa,Warszawa,mazowieckie
03-968,Warszawa,Warszawa,Warszawa,mazowieckie
03-967,Warszawa,Warszawa,Warszawa,mazowieckie
03-914,Warszawa,Warszawa,Warszawa,mazowieckie
02-116,Warszawa,Warszawa,Warszawa,mazowieckie
03-168,Warszawa,Warszawa,Warszawa,mazowieckie
00-248,Warszawa,Warszawa,Warszawa,mazowieckie
02-282,Warszawa,Warszawa,Warszawa,mazowieckie
01-822,Warszawa,Warszawa,Warszawa,mazowieckie
01-828,Warszawa,Warszawa,Warszawa,mazowieckie
01-845,Warszawa,Warszawa,Warszawa,mazowieckie
02-178,Warszawa,Warszawa,Warszawa,mazowieckie
00-578,Warszawa,Warszawa,Warszawa,mazowieckie
00-487,Warszawa,Warszawa,Warszawa,mazowieckie
00-075,Warszawa,Warszawa,Warszawa,mazowieckie
00-082,Warszawa,Warszawa,Warszawa,mazowieckie
03-636,Warszawa,Warszawa,Warszawa,mazowieckie
04-333,Warszawa,Warszawa,Warszawa,mazowieckie
00-331,Warszawa,Warszawa,Warszawa,mazowieckie
04-538,Warszawa,Warszawa,Warszawa,mazowieckie
03-986,Warszawa,Warszawa,Warszawa,mazowieckie
02-081,Warszawa,Warszawa,Warszawa,mazowieckie
02-313,Warszawa,Warszawa,Warszawa,mazowieckie
04-512,Warszawa,Warszawa,Warszawa,mazowieckie
03-025,Warszawa,Warszawa,Warszawa,mazowieckie
03-756,Warszawa,Warszawa,Warszawa,mazowieckie
03-768,Warszawa,Warszawa,Warszawa,mazowieckie
01-204,Warszawa,Warszawa,Warszawa,mazowieckie
01-232,Warszawa,Warszawa,Warszawa,mazowieckie
03-317,Warszawa,Warszawa,Warszawa,mazowieckie
03-331,Warszawa,Warszawa,Warszawa,mazowieckie
01-115,Warszawa,Warszawa,Warszawa,mazowieckie
01-449,Warszawa,Warszawa,Warszawa,mazowieckie
00-709,Warszawa,Warszawa,Warszawa,mazowieckie
00-738,Warszawa,Warszawa,Warszawa,mazowieckie
01-312,Warszawa,Warszawa,Warszawa,mazowieckie
01-630,Warszawa,Warszawa,Warszawa,mazowieckie
00-015,Warszawa,Warszawa,Warszawa,mazowieckie
00-010,Warszawa,Warszawa,Warszawa,mazowieckie
00-121,Warszawa,Warszawa,Warszawa,mazowieckie
00-126,Warszawa,Warszawa,Warszawa,mazowieckie
00-820,Warszawa,Warszawa,Warszawa,mazowieckie
00-825,Warszawa,Warszawa,Warszawa,mazowieckie
00-833,Warszawa,Warszawa,Warszawa,mazowieckie
00-815,Warszawa,Warszawa,Warszawa,mazowieckie
04-005,Warszawa,Warszawa,Warszawa,mazowieckie
04-395,Warszawa,Warszawa,Warszawa,mazowieckie
04-394,Warszawa,Warszawa,Warszawa,mazowieckie
01-263,Warszawa,Warszawa,Warszawa,mazowieckie
03-712,Warszawa,Warszawa,Warszawa,mazowieckie
03-716,Warszawa,Warszawa,Warszawa,mazowieckie
03-709,Warszawa,Warszawa,Warszawa,mazowieckie
01-589,Warszawa,Warszawa,Warszawa,mazowieckie
01-593,Warszawa,Warszawa,Warszawa,mazowieckie
02-134,Warszawa,Warszawa,Warszawa,mazowieckie
02-360,Warszawa,Warszawa,Warszawa,mazowieckie
03-724,Warszawa,Warszawa,Warszawa,mazowieckie
01-848,Warszawa,Warszawa,Warszawa,mazowieckie
03-514,Warszawa,Warszawa,Warszawa,mazowieckie
03-515,Warszawa,Warszawa,Warszawa,mazowieckie
03-516,Warszawa,Warszawa,Warszawa,mazowieckie
02-377,Warszawa,Warszawa,Warszawa,mazowieckie
01-532,Warszawa,Warszawa,Warszawa,mazowieckie
02-269,Warszawa,Warszawa,Warszawa,mazowieckie
02-465,Warszawa,Warszawa,Warszawa,mazowieckie
02-050,Warszawa,Warszawa,Warszawa,mazowieckie
03-469,Warszawa,Warszawa,Warszawa,mazowieckie
03-470,Warszawa,Warszawa,Warszawa,mazowieckie
03-465,Warszawa,Warszawa,Warszawa,mazowieckie
03-471,Warszawa,Warszawa,Warszawa,mazowieckie
04-560,Warszawa,Warszawa,Warszawa,mazowieckie
00-795,Warszawa,Warszawa,Warszawa,mazowieckie
02-104,Warszawa,Warszawa,Warszawa,mazowieckie
00-546,Warszawa,Warszawa,Warszawa,mazowieckie
04-726,Warszawa,Warszawa,Warszawa,mazowieckie
03-209,Warszawa,Warszawa,Warszawa,mazowieckie
03-249,Warszawa,Warszawa,Warszawa,mazowieckie
03-281,Warszawa,Warszawa,Warszawa,mazowieckie
02-726,Warszawa,Warszawa,Warszawa,mazowieckie
02-176,Warszawa,Warszawa,Warszawa,mazowieckie
04-563,Warszawa,Warszawa,Warszawa,mazowieckie
03-622,Warszawa,Warszawa,Warszawa,mazowieckie
01-943,Warszawa,Warszawa,Warszawa,mazowieckie
02-138,Warszawa,Warszawa,Warszawa,mazowieckie
00-224,Warszawa,Warszawa,Warszawa,mazowieckie
02-166,Warszawa,Warszawa,Warszawa,mazowieckie
01-015,Warszawa,Warszawa,Warszawa,mazowieckie
00-319,Warszawa,Warszawa,Warszawa,mazowieckie
00-177,Warszawa,Warszawa,Warszawa,mazowieckie
01-218,Warszawa,Warszawa,Warszawa,mazowieckie
01-708,Warszawa,Warszawa,Warszawa,mazowieckie
01-068,Warszawa,Warszawa,Warszawa,mazowieckie
01-353,Warszawa,Warszawa,Warszawa,mazowieckie
00-204,Warszawa,Warszawa,Warszawa,mazowieckie
00-195,Warszawa,Warszawa,Warszawa,mazowieckie
01-528,Warszawa,Warszawa,Warszawa,mazowieckie
01-627,Warszawa,Warszawa,Warszawa,mazowieckie
01-592,Warszawa,Warszawa,Warszawa,mazowieckie
01-634,Warszawa,Warszawa,Warszawa,mazowieckie
01-690,Warszawa,Warszawa,Warszawa,mazowieckie
01-629,Warszawa,Warszawa,Warszawa,mazowieckie
02-170,Warszawa,Warszawa,Warszawa,mazowieckie
03-241,Warszawa,Warszawa,Warszawa,mazowieckie
02-309,Warszawa,Warszawa,Warszawa,mazowieckie
00-569,Warszawa,Warszawa,Warszawa,mazowieckie
04-742,Warszawa,Warszawa,Warszawa,mazowieckie
00-783,Warszawa,Warszawa,Warszawa,mazowieckie
01-012,Warszawa,Warszawa,Warszawa,mazowieckie
01-009,Warszawa,Warszawa,Warszawa,mazowieckie
01-020,Warszawa,Warszawa,Warszawa,mazowieckie
01-056,Warszawa,Warszawa,Warszawa,mazowieckie
01-027,Warszawa,Warszawa,Warszawa,mazowieckie
01-053,Warszawa,Warszawa,Warszawa,mazowieckie
01-051,Warszawa,Warszawa,Warszawa,mazowieckie
01-034,Warszawa,Warszawa,Warszawa,mazowieckie
01-048,Warszawa,Warszawa,Warszawa,mazowieckie
01-041,Warszawa,Warszawa,Warszawa,mazowieckie
04-723,Warszawa,Warszawa,Warszawa,mazowieckie
03-546,Warszawa,Warszawa,Warszawa,mazowieckie
03-528,Warszawa,Warszawa,Warszawa,mazowieckie
01-698,Warszawa,Warszawa,Warszawa,mazowieckie
01-101,Warszawa,Warszawa,Warszawa,mazowieckie
00-375,Warszawa,Warszawa,Warszawa,mazowieckie
01-658,Warszawa,Warszawa,Warszawa,mazowieckie
03-032,Warszawa,Warszawa,Warszawa,mazowieckie
00-389,Warszawa,Warszawa,Warszawa,mazowieckie
00-348,Warszawa,Warszawa,Warszawa,mazowieckie
04-689,Warszawa,Warszawa,Warszawa,mazowieckie
01-142,Warszawa,Warszawa,Warszawa,mazowieckie
01-136,Warszawa,Warszawa,Warszawa,mazowieckie
02-324,Warszawa,Warszawa,Warszawa,mazowieckie
02-015,Warszawa,Warszawa,Warszawa,mazowieckie
02-939,Warszawa,Warszawa,Warszawa,mazowieckie
02-070,Warszawa,Warszawa,Warszawa,mazowieckie
00-456,Warszawa,Warszawa,Warszawa,mazowieckie
00-455,Warszawa,Warszawa,Warszawa,mazowieckie
00-439,Warszawa,Warszawa,Warszawa,mazowieckie
00-425,Warszawa,Warszawa,Warszawa,mazowieckie
00-410,Warszawa,Warszawa,Warszawa,mazowieckie
00-438,Warszawa,Warszawa,Warszawa,mazowieckie
00-403,Warszawa,Warszawa,Warszawa,mazowieckie
00-394,Warszawa,Warszawa,Warszawa,mazowieckie
00-424,Warszawa,Warszawa,Warszawa,mazowieckie
00-382,Warszawa,Warszawa,Warszawa,mazowieckie
00-409,Warszawa,Warszawa,Warszawa,mazowieckie
00-402,Warszawa,Warszawa,Warszawa,mazowieckie
03-412,Warszawa,Warszawa,Warszawa,mazowieckie
03-402,Warszawa,Warszawa,Warszawa,mazowieckie
00-240,Warszawa,Warszawa,Warszawa,mazowieckie
03-401,Warszawa,Warszawa,Warszawa,mazowieckie
00-090,Warszawa,Warszawa,Warszawa,mazowieckie
00-144,Warszawa,Warszawa,Warszawa,mazowieckie
01-003,Warszawa,Warszawa,Warszawa,mazowieckie
01-016,Warszawa,Warszawa,Warszawa,mazowieckie
00-140,Warszawa,Warszawa,Warszawa,mazowieckie
00-897,Warszawa,Warszawa,Warszawa,mazowieckie
01-195,Warszawa,Warszawa,Warszawa,mazowieckie
00-898,Warszawa,Warszawa,Warszawa,mazowieckie
00-877,Warszawa,Warszawa,Warszawa,mazowieckie
02-142,Warszawa,Warszawa,Warszawa,mazowieckie
01-620,Warszawa,Warszawa,Warszawa,mazowieckie
02-744,Warszawa,Warszawa,Warszawa,mazowieckie
00-119,Warszawa,Warszawa,Warszawa,mazowieckie
00-318,Warszawa,Warszawa,Warszawa,mazowieckie
01-251,Warszawa,Warszawa,Warszawa,mazowieckie
01-105,Warszawa,Warszawa,Warszawa,mazowieckie
00-787,Warszawa,Warszawa,Warszawa,mazowieckie
00-592,Warszawa,Warszawa,Warszawa,mazowieckie
04-058,Warszawa,Warszawa,Warszawa,mazowieckie
03-869,Warszawa,Warszawa,Warszawa,mazowieckie
02-302,Warszawa,Warszawa,Warszawa,mazowieckie
01-044,Warszawa,Warszawa,Warszawa,mazowieckie
02-846,Warszawa,Warszawa,Warszawa,mazowieckie
04-678,Warszawa,Warszawa,Warszawa,mazowieckie
00-810,Warszawa,Warszawa,Warszawa,mazowieckie
00-044,Warszawa,Warszawa,Warszawa,mazowieckie
00-645,Warszawa,Warszawa,Warszawa,mazowieckie
02-587,Warszawa,Warszawa,Warszawa,mazowieckie
03-433,Warszawa,Warszawa,Warszawa,mazowieckie
00-108,Warszawa,Warszawa,Warszawa,mazowieckie
02-205,Warszawa,Warszawa,Warszawa,mazowieckie
01-891,Warszawa,Warszawa,Warszawa,mazowieckie
01-884,Warszawa,Warszawa,Warszawa,mazowieckie
03-425,Warszawa,Warszawa,Warszawa,mazowieckie
03-427,Warszawa,Warszawa,Warszawa,mazowieckie
03-426,Warszawa,Warszawa,Warszawa,mazowieckie
03-429,Warszawa,Warszawa,Warszawa,mazowieckie
03-847,Warszawa,Warszawa,Warszawa,mazowieckie
03-846,Warszawa,Warszawa,Warszawa,mazowieckie
00-063,Warszawa,Warszawa,Warszawa,mazowieckie
00-066,Warszawa,Warszawa,Warszawa,mazowieckie
01-162,Warszawa,Warszawa,Warszawa,mazowieckie
03-832,Warszawa,Warszawa,Warszawa,mazowieckie
03-953,Warszawa,Warszawa,Warszawa,mazowieckie
03-965,Warszawa,Warszawa,Warszawa,mazowieckie
03-964,Warszawa,Warszawa,Warszawa,mazowieckie
03-947,Warszawa,Warszawa,Warszawa,mazowieckie
04-551,Warszawa,Warszawa,Warszawa,mazowieckie
03-621,Warszawa,Warszawa,Warszawa,mazowieckie
02-248,Warszawa,Warszawa,Warszawa,mazowieckie
03-456,Warszawa,Warszawa,Warszawa,mazowieckie
03-458,Warszawa,Warszawa,Warszawa,mazowieckie
01-188,Warszawa,Warszawa,Warszawa,mazowieckie
00-193,Warszawa,Warszawa,Warszawa,mazowieckie
00-183,Warszawa,Warszawa,Warszawa,mazowieckie
00-178,Warszawa,Warszawa,Warszawa,mazowieckie
01-040,Warszawa,Warszawa,Warszawa,mazowieckie
02-253,Warszawa,Warszawa,Warszawa,mazowieckie
00-283,Warszawa,Warszawa,Warszawa,mazowieckie
04-274,Warszawa,Warszawa,Warszawa,mazowieckie
04-465,Warszawa,Warszawa,Warszawa,mazowieckie
04-233,Warszawa,Warszawa,Warszawa,mazowieckie
02-251,Warszawa,Warszawa,Warszawa,mazowieckie
03-597,Warszawa,Warszawa,Warszawa,mazowieckie
01-383,Warszawa,Warszawa,Warszawa,mazowieckie
01-350,Warszawa,Warszawa,Warszawa,mazowieckie
03-267,Warszawa,Warszawa,Warszawa,mazowieckie
00-739,Warszawa,Warszawa,Warszawa,mazowieckie
04-461,Warszawa,Warszawa,Warszawa,mazowieckie
04-067,Warszawa,Warszawa,Warszawa,mazowieckie
04-147,Warszawa,Warszawa,Warszawa,mazowieckie
02-190,Warszawa,Warszawa,Warszawa,mazowieckie
03-558,Warszawa,Warszawa,Warszawa,mazowieckie
02-252,Warszawa,Warszawa,Warszawa,mazowieckie
03-444,Warszawa,Warszawa,Warszawa,mazowieckie
00-745,Warszawa,Warszawa,Warszawa,mazowieckie
04-567,Warszawa,Warszawa,Warszawa,mazowieckie
04-535,Warszawa,Warszawa,Warszawa,mazowieckie
04-619,Warszawa,Warszawa,Warszawa,mazowieckie
04-608,Warszawa,Warszawa,Warszawa,mazowieckie
04-463,Warszawa,Warszawa,Warszawa,mazowieckie
04-462,Warszawa,Warszawa,Warszawa,mazowieckie
04-455,Warszawa,Warszawa,Warszawa,mazowieckie
01-367,Warszawa,Warszawa,Warszawa,mazowieckie
02-136,Warszawa,Warszawa,Warszawa,mazowieckie
04-564,Warszawa,Warszawa,Warszawa,mazowieckie
04-532,Warszawa,Warszawa,Warszawa,mazowieckie
01-348,Warszawa,Warszawa,Warszawa,mazowieckie
02-735,Warszawa,Warszawa,Warszawa,mazowieckie
01-259,Warszawa,Warszawa,Warszawa,mazowieckie
04-650,Warszawa,Warszawa,Warszawa,mazowieckie
04-188,Warszawa,Warszawa,Warszawa,mazowieckie
03-649,Warszawa,Warszawa,Warszawa,mazowieckie
04-011,Warszawa,Warszawa,Warszawa,mazowieckie
04-016,Warszawa,Warszawa,Warszawa,mazowieckie
02-833,Warszawa,Warszawa,Warszawa,mazowieckie
04-169,Warszawa,Warszawa,Warszawa,mazowieckie
04-157,Warszawa,Warszawa,Warszawa,mazowieckie
04-129,Warszawa,Warszawa,Warszawa,mazowieckie
00-758,Warszawa,Warszawa,Warszawa,mazowieckie
02-139,Warszawa,Warszawa,Warszawa,mazowieckie
00-746,Warszawa,Warszawa,Warszawa,mazowieckie
01-602,Warszawa,Warszawa,Warszawa,mazowieckie
01-610,Warszawa,Warszawa,Warszawa,mazowieckie
02-040,Warszawa,Warszawa,Warszawa,mazowieckie
03-252,Warszawa,Warszawa,Warszawa,mazowieckie
01-586,Warszawa,Warszawa,Warszawa,mazowieckie
02-926,Warszawa,Warszawa,Warszawa,mazowieckie
01-742,Warszawa,Warszawa,Warszawa,mazowieckie
02-266,Warszawa,Warszawa,Warszawa,mazowieckie
04-022,Warszawa,Warszawa,Warszawa,mazowieckie
02-902,Warszawa,Warszawa,Warszawa,mazowieckie
01-132,Warszawa,Warszawa,Warszawa,mazowieckie
01-145,Warszawa,Warszawa,Warszawa,mazowieckie
01-150,Warszawa,Warszawa,Warszawa,mazowieckie
01-155,Warszawa,Warszawa,Warszawa,mazowieckie
01-159,Warszawa,Warszawa,Warszawa,mazowieckie
01-168,Warszawa,Warszawa,Warszawa,mazowieckie
03-335,Warszawa,Warszawa,Warszawa,mazowieckie
02-987,Warszawa,Warszawa,Warszawa,mazowieckie
04-954,Warszawa,Warszawa,Warszawa,mazowieckie
01-812,Warszawa,Warszawa,Warszawa,mazowieckie
01-637,Warszawa,Warszawa,Warszawa,mazowieckie
04-655,Warszawa,Warszawa,Warszawa,mazowieckie
03-167,Warszawa,Warszawa,Warszawa,mazowieckie
03-077,Warszawa,Warszawa,Warszawa,mazowieckie
03-481,Warszawa,Warszawa,Warszawa,mazowieckie
01-542,Warszawa,Warszawa,Warszawa,mazowieckie
00-420,Warszawa,Warszawa,Warszawa,mazowieckie
02-609,Warszawa,Warszawa,Warszawa,mazowieckie
01-212,Warszawa,Warszawa,Warszawa,mazowieckie
04-293,Warszawa,Warszawa,Warszawa,mazowieckie
04-306,Warszawa,Warszawa,Warszawa,mazowieckie
04-311,Warszawa,Warszawa,Warszawa,mazowieckie
04-323,Warszawa,Warszawa,Warszawa,mazowieckie
04-335,Warszawa,Warszawa,Warszawa,mazowieckie
04-349,Warszawa,Warszawa,Warszawa,mazowieckie
04-363,Warszawa,Warszawa,Warszawa,mazowieckie
04-089,Warszawa,Warszawa,Warszawa,mazowieckie
01-113,Warszawa,Warszawa,Warszawa,mazowieckie
02-605,Warszawa,Warszawa,Warszawa,mazowieckie
02-352,Warszawa,Warszawa,Warszawa,mazowieckie
02-353,Warszawa,Warszawa,Warszawa,mazowieckie
01-349,Warszawa,Warszawa,Warszawa,mazowieckie
01-382,Warszawa,Warszawa,Warszawa,mazowieckie
01-957,Warszawa,Warszawa,Warszawa,mazowieckie
04-254,Warszawa,Warszawa,Warszawa,mazowieckie
04-277,Warszawa,Warszawa,Warszawa,mazowieckie
00-255,Warszawa,Warszawa,Warszawa,mazowieckie
04-428,Warszawa,Warszawa,Warszawa,mazowieckie
00-006,Warszawa,Warszawa,Warszawa,mazowieckie
04-271,Warszawa,Warszawa,Warszawa,mazowieckie
01-178,Warszawa,Warszawa,Warszawa,mazowieckie
04-238,Warszawa,Warszawa,Warszawa,mazowieckie
00-031,Warszawa,Warszawa,Warszawa,mazowieckie
04-283,Warszawa,Warszawa,Warszawa,mazowieckie
04-423,Warszawa,Warszawa,Warszawa,mazowieckie
04-996,Warszawa,Warszawa,Warszawa,mazowieckie
04-981,Warszawa,Warszawa,Warszawa,mazowieckie
04-851,Warszawa,Warszawa,Warszawa,mazowieckie
04-828,Warszawa,Warszawa,Warszawa,mazowieckie
02-408,Warszawa,Warszawa,Warszawa,mazowieckie
02-425,Warszawa,Warszawa,Warszawa,mazowieckie
01-958,Warszawa,Warszawa,Warszawa,mazowieckie
04-514,Warszawa,Warszawa,Warszawa,mazowieckie
03-419,Warszawa,Warszawa,Warszawa,mazowieckie
03-420,Warszawa,Warszawa,Warszawa,mazowieckie
00-464,Warszawa,Warszawa,Warszawa,mazowieckie
02-151,Warszawa,Warszawa,Warszawa,mazowieckie
00-225,Warszawa,Warszawa,Warszawa,mazowieckie
03-477,Warszawa,Warszawa,Warszawa,mazowieckie
04-258,Warszawa,Warszawa,Warszawa,mazowieckie
01-227,Warszawa,Warszawa,Warszawa,mazowieckie
01-534,Warszawa,Warszawa,Warszawa,mazowieckie
04-728,Warszawa,Warszawa,Warszawa,mazowieckie
02-472,Warszawa,Warszawa,Warszawa,mazowieckie
02-462,Warszawa,Warszawa,Warszawa,mazowieckie
00-127,Warszawa,Warszawa,Warszawa,mazowieckie
00-826,Warszawa,Warszawa,Warszawa,mazowieckie
01-523,Warszawa,Warszawa,Warszawa,mazowieckie
01-526,Warszawa,Warszawa,Warszawa,mazowieckie
03-632,Warszawa,Warszawa,Warszawa,mazowieckie
00-654,Warszawa,Warszawa,Warszawa,mazowieckie
00-656,Warszawa,Warszawa,Warszawa,mazowieckie
00-430,Warszawa,Warszawa,Warszawa,mazowieckie
03-430,Warszawa,Warszawa,Warszawa,mazowieckie
03-431,Warszawa,Warszawa,Warszawa,mazowieckie
02-229,Warszawa,Warszawa,Warszawa,mazowieckie
03-128,Warszawa,Warszawa,Warszawa,mazowieckie
03-509,Warszawa,Warszawa,Warszawa,mazowieckie
03-517,Warszawa,Warszawa,Warszawa,mazowieckie
03-539,Warszawa,Warszawa,Warszawa,mazowieckie
04-722,Warszawa,Warszawa,Warszawa,mazowieckie
04-504,Warszawa,Warszawa,Warszawa,mazowieckie
02-662,Warszawa,Warszawa,Warszawa,mazowieckie
04-266,Warszawa,Warszawa,Warszawa,mazowieckie
01-389,Warszawa,Warszawa,Warszawa,mazowieckie
01-358,Warszawa,Warszawa,Warszawa,mazowieckie
03-440,Warszawa,Warszawa,Warszawa,mazowieckie
03-547,Warszawa,Warszawa,Warszawa,mazowieckie
03-551,Warszawa,Warszawa,Warszawa,mazowieckie
01-614,Warszawa,Warszawa,Warszawa,mazowieckie
00-266,Warszawa,Warszawa,Warszawa,mazowieckie
00-288,Warszawa,Warszawa,Warszawa,mazowieckie
00-236,Warszawa,Warszawa,Warszawa,mazowieckie
00-202,Warszawa,Warszawa,Warszawa,mazowieckie
00-360,Warszawa,Warszawa,Warszawa,mazowieckie
00-049,Warszawa,Warszawa,Warszawa,mazowieckie
00-050,Warszawa,Warszawa,Warszawa,mazowieckie
00-002,Warszawa,Warszawa,Warszawa,mazowieckie
00-116,Warszawa,Warszawa,Warszawa,mazowieckie
04-059,Warszawa,Warszawa,Warszawa,mazowieckie
04-783,Warszawa,Warszawa,Warszawa,mazowieckie
00-349,Warszawa,Warszawa,Warszawa,mazowieckie
00-385,Warszawa,Warszawa,Warszawa,mazowieckie
00-355,Warszawa,Warszawa,Warszawa,mazowieckie
02-825,Warszawa,Warszawa,Warszawa,mazowieckie
02-150,Warszawa,Warszawa,Warszawa,mazowieckie
02-168,Warszawa,Warszawa,Warszawa,mazowieckie
03-746,Warszawa,Warszawa,Warszawa,mazowieckie
02-023,Warszawa,Warszawa,Warszawa,mazowieckie
03-727,Warszawa,Warszawa,Warszawa,mazowieckie
03-731,Warszawa,Warszawa,Warszawa,mazowieckie
03-728,Warszawa,Warszawa,Warszawa,mazowieckie
03-733,Warszawa,Warszawa,Warszawa,mazowieckie
03-729,Warszawa,Warszawa,Warszawa,mazowieckie
03-734,Warszawa,Warszawa,Warszawa,mazowieckie
03-448,Warszawa,Warszawa,Warszawa,mazowieckie
03-408,Warszawa,Warszawa,Warszawa,mazowieckie
04-207,Warszawa,Warszawa,Warszawa,mazowieckie
03-679,Warszawa,Warszawa,Warszawa,mazowieckie
04-174,Warszawa,Warszawa,Warszawa,mazowieckie
00-742,Warszawa,Warszawa,Warszawa,mazowieckie
01-674,Warszawa,Warszawa,Warszawa,mazowieckie
00-077,Warszawa,Warszawa,Warszawa,mazowieckie
04-910,Warszawa,Warszawa,Warszawa,mazowieckie
02-468,Warszawa,Warszawa,Warszawa,mazowieckie
01-486,Warszawa,Warszawa,Warszawa,mazowieckie
03-813,Warszawa,Warszawa,Warszawa,mazowieckie
00-566,Warszawa,Warszawa,Warszawa,mazowieckie
04-557,Warszawa,Warszawa,Warszawa,mazowieckie
01-626,Warszawa,Warszawa,Warszawa,mazowieckie
01-559,Warszawa,Warszawa,Warszawa,mazowieckie
01-346,Warszawa,Warszawa,Warszawa,mazowieckie
00-088,Warszawa,Warszawa,Warszawa,mazowieckie
01-560,Warszawa,Warszawa,Warszawa,mazowieckie
01-711,Warszawa,Warszawa,Warszawa,mazowieckie
02-491,Warszawa,Warszawa,Warszawa,mazowieckie
00-350,Warszawa,Warszawa,Warszawa,mazowieckie
00-342,Warszawa,Warszawa,Warszawa,mazowieckie
03-265,Warszawa,Warszawa,Warszawa,mazowieckie
04-262,Warszawa,Warszawa,Warszawa,mazowieckie
04-230,Warszawa,Warszawa,Warszawa,mazowieckie
03-213,Warszawa,Warszawa,Warszawa,mazowieckie
03-226,Warszawa,Warszawa,Warszawa,mazowieckie
00-811,Warszawa,Warszawa,Warszawa,mazowieckie
00-839,Warszawa,Warszawa,Warszawa,mazowieckie
00-847,Warszawa,Warszawa,Warszawa,mazowieckie
00-869,Warszawa,Warszawa,Warszawa,mazowieckie
04-790,Warszawa,Warszawa,Warszawa,mazowieckie
04-766,Warszawa,Warszawa,Warszawa,mazowieckie
04-809,Warszawa,Warszawa,Warszawa,mazowieckie
04-724,Warszawa,Warszawa,Warszawa,mazowieckie
02-165,Warszawa,Warszawa,Warszawa,mazowieckie
04-618,Warszawa,Warszawa,Warszawa,mazowieckie
04-607,Warszawa,Warszawa,Warszawa,mazowieckie
03-146,Warszawa,Warszawa,Warszawa,mazowieckie
01-941,Warszawa,Warszawa,Warszawa,mazowieckie
01-579,Warszawa,Warszawa,Warszawa,mazowieckie
00-074,Warszawa,Warszawa,Warszawa,mazowieckie
03-563,Warszawa,Warszawa,Warszawa,mazowieckie
03-564,Warszawa,Warszawa,Warszawa,mazowieckie
02-109,Warszawa,Warszawa,Warszawa,mazowieckie
02-986,Warszawa,Warszawa,Warszawa,mazowieckie
01-693,Warszawa,Warszawa,Warszawa,mazowieckie
02-079,Warszawa,Warszawa,Warszawa,mazowieckie
01-982,Warszawa,Warszawa,Warszawa,mazowieckie
02-446,Warszawa,Warszawa,Warszawa,mazowieckie
02-381,Warszawa,Warszawa,Warszawa,mazowieckie
00-535,Warszawa,Warszawa,Warszawa,mazowieckie
00-499,Warszawa,Warszawa,Warszawa,mazowieckie
00-507,Warszawa,Warszawa,Warszawa,mazowieckie
02-278,Warszawa,Warszawa,Warszawa,mazowieckie
04-727,Warszawa,Warszawa,Warszawa,mazowieckie
01-608,Warszawa,Warszawa,Warszawa,mazowieckie
01-618,Warszawa,Warszawa,Warszawa,mazowieckie
04-623,Warszawa,Warszawa,Warszawa,mazowieckie
01-974,Warszawa,Warszawa,Warszawa,mazowieckie
02-430,Warszawa,Warszawa,Warszawa,mazowieckie
01-221,Warszawa,Warszawa,Warszawa,mazowieckie
04-752,Warszawa,Warszawa,Warszawa,mazowieckie
03-254,Warszawa,Warszawa,Warszawa,mazowieckie
00-035,Warszawa,Warszawa,Warszawa,mazowieckie
02-985,Warszawa,Warszawa,Warszawa,mazowieckie
00-114,Warszawa,Warszawa,Warszawa,mazowieckie
00-105,Warszawa,Warszawa,Warszawa,mazowieckie
00-824,Warszawa,Warszawa,Warszawa,mazowieckie
00-853,Warszawa,Warszawa,Warszawa,mazowieckie
00-831,Warszawa,Warszawa,Warszawa,mazowieckie
00-822,Warszawa,Warszawa,Warszawa,mazowieckie
00-818,Warszawa,Warszawa,Warszawa,mazowieckie
01-643,Warszawa,Warszawa,Warszawa,mazowieckie
03-545,Warszawa,Warszawa,Warszawa,mazowieckie
03-529,Warszawa,Warszawa,Warszawa,mazowieckie
01-241,Warszawa,Warszawa,Warszawa,mazowieckie
01-656,Warszawa,Warszawa,Warszawa,mazowieckie
03-603,Warszawa,Warszawa,Warszawa,mazowieckie
02-630,Warszawa,Warszawa,Warszawa,mazowieckie
02-615,Warszawa,Warszawa,Warszawa,mazowieckie
02-621,Warszawa,Warszawa,Warszawa,mazowieckie
02-481,Warszawa,Warszawa,Warszawa,mazowieckie
03-740,Warszawa,Warszawa,Warszawa,mazowieckie
01-146,Warszawa,Warszawa,Warszawa,mazowieckie
01-182,Warszawa,Warszawa,Warszawa,mazowieckie
01-157,Warszawa,Warszawa,Warszawa,mazowieckie
04-228,Warszawa,Warszawa,Warszawa,mazowieckie
00-583,Warszawa,Warszawa,Warszawa,mazowieckie
00-478,Warszawa,Warszawa,Warszawa,mazowieckie
00-461,Warszawa,Warszawa,Warszawa,mazowieckie
00-567,Warszawa,Warszawa,Warszawa,mazowieckie
00-557,Warszawa,Warszawa,Warszawa,mazowieckie
00-540,Warszawa,Warszawa,Warszawa,mazowieckie
00-536,Warszawa,Warszawa,Warszawa,mazowieckie
00-623,Warszawa,Warszawa,Warszawa,mazowieckie
00-588,Warszawa,Warszawa,Warszawa,mazowieckie
02-036,Warszawa,Warszawa,Warszawa,mazowieckie
03-586,Warszawa,Warszawa,Warszawa,mazowieckie
03-594,Warszawa,Warszawa,Warszawa,mazowieckie
02-397,Warszawa,Warszawa,Warszawa,mazowieckie
02-419,Warszawa,Warszawa,Warszawa,mazowieckie
02-426,Warszawa,Warszawa,Warszawa,mazowieckie
03-648,Warszawa,Warszawa,Warszawa,mazowieckie
02-141,Warszawa,Warszawa,Warszawa,mazowieckie
03-877,Warszawa,Warszawa,Warszawa,mazowieckie
02-963,Warszawa,Warszawa,Warszawa,mazowieckie
02-990,Warszawa,Warszawa,Warszawa,mazowieckie
03-093,Warszawa,Warszawa,Warszawa,mazowieckie
02-223,Warszawa,Warszawa,Warszawa,mazowieckie
02-354,Warszawa,Warszawa,Warszawa,mazowieckie
01-916,Warszawa,Warszawa,Warszawa,mazowieckie
04-921,Warszawa,Warszawa,Warszawa,mazowieckie
03-916,Warszawa,Warszawa,Warszawa,mazowieckie
03-926,Warszawa,Warszawa,Warszawa,mazowieckie
03-920,Warszawa,Warszawa,Warszawa,mazowieckie
00-851,Warszawa,Warszawa,Warszawa,mazowieckie
00-865,Warszawa,Warszawa,Warszawa,mazowieckie
04-248,Warszawa,Warszawa,Warszawa,mazowieckie
04-866,Warszawa,Warszawa,Warszawa,mazowieckie
04-792,Warszawa,Warszawa,Warszawa,mazowieckie
03-994,Warszawa,Warszawa,Warszawa,mazowieckie
03-975,Warszawa,Warszawa,Warszawa,mazowieckie
03-942,Warszawa,Warszawa,Warszawa,mazowieckie
03-917,Warszawa,Warszawa,Warszawa,mazowieckie
02-739,Warszawa,Warszawa,Warszawa,mazowieckie
00-211,Warszawa,Warszawa,Warszawa,mazowieckie
02-451,Warszawa,Warszawa,Warszawa,mazowieckie
03-024,Warszawa,Warszawa,Warszawa,mazowieckie
03-005,Warszawa,Warszawa,Warszawa,mazowieckie
00-034,Warszawa,Warszawa,Warszawa,mazowieckie
00-040,Warszawa,Warszawa,Warszawa,mazowieckie
04-803,Warszawa,Warszawa,Warszawa,mazowieckie
00-631,Warszawa,Warszawa,Warszawa,mazowieckie
00-655,Warszawa,Warszawa,Warszawa,mazowieckie
00-636,Warszawa,Warszawa,Warszawa,mazowieckie
00-650,Warszawa,Warszawa,Warszawa,mazowieckie
02-034,Warszawa,Warszawa,Warszawa,mazowieckie
02-059,Warszawa,Warszawa,Warszawa,mazowieckie
02-061,Warszawa,Warszawa,Warszawa,mazowieckie
02-067,Warszawa,Warszawa,Warszawa,mazowieckie
03-824,Warszawa,Warszawa,Warszawa,mazowieckie
04-675,Warszawa,Warszawa,Warszawa,mazowieckie
01-621,Warszawa,Warszawa,Warszawa,mazowieckie
04-673,Warszawa,Warszawa,Warszawa,mazowieckie
03-064,Warszawa,Warszawa,Warszawa,mazowieckie
00-268,Warszawa,Warszawa,Warszawa,mazowieckie
00-256,Warszawa,Warszawa,Warszawa,mazowieckie
04-023,Warszawa,Warszawa,Warszawa,mazowieckie
03-538,Warszawa,Warszawa,Warszawa,mazowieckie
02-619,Warszawa,Warszawa,Warszawa,mazowieckie
03-244,Warszawa,Warszawa,Warszawa,mazowieckie
00-223,Warszawa,Warszawa,Warszawa,mazowieckie
04-997,Warszawa,Warszawa,Warszawa,mazowieckie
04-983,Warszawa,Warszawa,Warszawa,mazowieckie
01-915,Warszawa,Warszawa,Warszawa,mazowieckie
02-727,Warszawa,Warszawa,Warszawa,mazowieckie
03-955,Warszawa,Warszawa,Warszawa,mazowieckie
04-524,Warszawa,Warszawa,Warszawa,mazowieckie
03-172,Warszawa,Warszawa,Warszawa,mazowieckie
03-701,Warszawa,Warszawa,Warszawa,mazowieckie
03-836,Warszawa,Warszawa,Warszawa,mazowieckie
02-319,Warszawa,Warszawa,Warszawa,mazowieckie
02-173,Warszawa,Warszawa,Warszawa,mazowieckie
03-507,Warszawa,Warszawa,Warszawa,mazowieckie
04-290,Warszawa,Warszawa,Warszawa,mazowieckie
04-366,Warszawa,Warszawa,Warszawa,mazowieckie
04-365,Warszawa,Warszawa,Warszawa,mazowieckie
04-364,Warszawa,Warszawa,Warszawa,mazowieckie
04-384,Warszawa,Warszawa,Warszawa,mazowieckie
04-765,Warszawa,Warszawa,Warszawa,mazowieckie
04-680,Warszawa,Warszawa,Warszawa,mazowieckie
03-087,Warszawa,Warszawa,Warszawa,mazowieckie
04-647,Warszawa,Warszawa,Warszawa,mazowieckie
04-661,Warszawa,Warszawa,Warszawa,mazowieckie
00-023,Warszawa,Warszawa,Warszawa,mazowieckie
03-541,Warszawa,Warszawa,Warszawa,mazowieckie
00-480,Warszawa,Warszawa,Warszawa,mazowieckie
00-489,Warszawa,Warszawa,Warszawa,mazowieckie
00-490,Warszawa,Warszawa,Warszawa,mazowieckie
00-479,Warszawa,Warszawa,Warszawa,mazowieckie
02-664,Warszawa,Warszawa,Warszawa,mazowieckie
02-657,Warszawa,Warszawa,Warszawa,mazowieckie
03-062,Warszawa,Warszawa,Warszawa,mazowieckie
03-262,Warszawa,Warszawa,Warszawa,mazowieckie
01-240,Warszawa,Warszawa,Warszawa,mazowieckie
01-572,Warszawa,Warszawa,Warszawa,mazowieckie
03-634,Warszawa,Warszawa,Warszawa,mazowieckie
02-952,Warszawa,Warszawa,Warszawa,mazowieckie
00-094,Warszawa,Warszawa,Warszawa,mazowieckie
01-468,Warszawa,Warszawa,Warszawa,mazowieckie
03-645,Warszawa,Warszawa,Warszawa,mazowieckie
02-582,Warszawa,Warszawa,Warszawa,mazowieckie
02-575,Warszawa,Warszawa,Warszawa,mazowieckie
02-900,Warszawa,Warszawa,Warszawa,mazowieckie
02-730,Warszawa,Warszawa,Warszawa,mazowieckie
02-665,Warszawa,Warszawa,Warszawa,mazowieckie
00-532,Warszawa,Warszawa,Warszawa,mazowieckie
00-544,Warszawa,Warszawa,Warszawa,mazowieckie
00-678,Warszawa,Warszawa,Warszawa,mazowieckie
00-679,Warszawa,Warszawa,Warszawa,mazowieckie
00-670,Warszawa,Warszawa,Warszawa,mazowieckie
03-409,Warszawa,Warszawa,Warszawa,mazowieckie
03-414,Warszawa,Warszawa,Warszawa,mazowieckie
03-416,Warszawa,Warszawa,Warszawa,mazowieckie
03-405,Warszawa,Warszawa,Warszawa,mazowieckie
04-831,Warszawa,Warszawa,Warszawa,mazowieckie
04-820,Warszawa,Warszawa,Warszawa,mazowieckie
00-790,Warszawa,Warszawa,Warszawa,mazowieckie
03-505,Warszawa,Warszawa,Warszawa,mazowieckie
03-526,Warszawa,Warszawa,Warszawa,mazowieckie
03-525,Warszawa,Warszawa,Warszawa,mazowieckie
03-530,Warszawa,Warszawa,Warszawa,mazowieckie
03-291,Warszawa,Warszawa,Warszawa,mazowieckie
02-095,Warszawa,Warszawa,Warszawa,mazowieckie
03-749,Warszawa,Warszawa,Warszawa,mazowieckie
00-411,Warszawa,Warszawa,Warszawa,mazowieckie
02-158,Warszawa,Warszawa,Warszawa,mazowieckie
04-757,Warszawa,Warszawa,Warszawa,mazowieckie
00-317,Warszawa,Warszawa,Warszawa,mazowieckie
02-114,Warszawa,Warszawa,Warszawa,mazowieckie
02-563,Warszawa,Warszawa,Warszawa,mazowieckie
02-545,Warszawa,Warszawa,Warszawa,mazowieckie
02-520,Warszawa,Warszawa,Warszawa,mazowieckie
04-492,Warszawa,Warszawa,Warszawa,mazowieckie
04-185,Warszawa,Warszawa,Warszawa,mazowieckie
04-657,Warszawa,Warszawa,Warszawa,mazowieckie
03-590,Warszawa,Warszawa,Warszawa,mazowieckie
03-587,Warszawa,Warszawa,Warszawa,mazowieckie
01-840,Warszawa,Warszawa,Warszawa,mazowieckie
01-842,Warszawa,Warszawa,Warszawa,mazowieckie
01-239,Warszawa,Warszawa,Warszawa,mazowieckie
02-336,Warszawa,Warszawa,Warszawa,mazowieckie
02-461,Warszawa,Warszawa,Warszawa,mazowieckie
02-393,Warszawa,Warszawa,Warszawa,mazowieckie
04-774,Warszawa,Warszawa,Warszawa,mazowieckie
01-710,Warszawa,Warszawa,Warszawa,mazowieckie
04-974,Warszawa,Warszawa,Warszawa,mazowieckie
04-970,Warszawa,Warszawa,Warszawa,mazowieckie
04-964,Warszawa,Warszawa,Warszawa,mazowieckie
00-284,Warszawa,Warszawa,Warszawa,mazowieckie
04-755,Warszawa,Warszawa,Warszawa,mazowieckie
02-824,Warszawa,Warszawa,Warszawa,mazowieckie
01-137,Warszawa,Warszawa,Warszawa,mazowieckie
01-524,Warszawa,Warszawa,Warszawa,mazowieckie
01-554,Warszawa,Warszawa,Warszawa,mazowieckie
01-515,Warszawa,Warszawa,Warszawa,mazowieckie
01-503,Warszawa,Warszawa,Warszawa,mazowieckie
02-098,Warszawa,Warszawa,Warszawa,mazowieckie
01-018,Warszawa,Warszawa,Warszawa,mazowieckie
01-201,Warszawa,Warszawa,Warszawa,mazowieckie
01-196,Warszawa,Warszawa,Warszawa,mazowieckie
01-187,Warszawa,Warszawa,Warszawa,mazowieckie
01-229,Warszawa,Warszawa,Warszawa,mazowieckie
01-134,Warszawa,Warszawa,Warszawa,mazowieckie
01-141,Warszawa,Warszawa,Warszawa,mazowieckie
01-126,Warszawa,Warszawa,Warszawa,mazowieckie
01-235,Warszawa,Warszawa,Warszawa,mazowieckie
02-724,Warszawa,Warszawa,Warszawa,mazowieckie
03-755,Warszawa,Warszawa,Warszawa,mazowieckie
02-675,Warszawa,Warszawa,Warszawa,mazowieckie
02-583,Warszawa,Warszawa,Warszawa,mazowieckie
02-625,Warszawa,Warszawa,Warszawa,mazowieckie
02-640,Warszawa,Warszawa,Warszawa,mazowieckie
01-908,Warszawa,Warszawa,Warszawa,mazowieckie
01-931,Warszawa,Warszawa,Warszawa,mazowieckie
01-919,Warszawa,Warszawa,Warszawa,mazowieckie
00-812,Warszawa,Warszawa,Warszawa,mazowieckie
00-840,Warszawa,Warszawa,Warszawa,mazowieckie
00-846,Warszawa,Warszawa,Warszawa,mazowieckie
00-870,Warszawa,Warszawa,Warszawa,mazowieckie
00-874,Warszawa,Warszawa,Warszawa,mazowieckie
00-878,Warszawa,Warszawa,Warszawa,mazowieckie
01-951,Warszawa,Warszawa,Warszawa,mazowieckie
01-961,Warszawa,Warszawa,Warszawa,mazowieckie
01-963,Warszawa,Warszawa,Warszawa,mazowieckie
01-956,Warszawa,Warszawa,Warszawa,mazowieckie
01-950,Warszawa,Warszawa,Warszawa,mazowieckie
03-713,Warszawa,Warszawa,Warszawa,mazowieckie
03-693,Warszawa,Warszawa,Warszawa,mazowieckie
00-529,Warszawa,Warszawa,Warszawa,mazowieckie
00-505,Warszawa,Warszawa,Warszawa,mazowieckie
00-527,Warszawa,Warszawa,Warszawa,mazowieckie
00-684,Warszawa,Warszawa,Warszawa,mazowieckie
00-687,Warszawa,Warszawa,Warszawa,mazowieckie
04-353,Warszawa,Warszawa,Warszawa,mazowieckie
04-345,Warszawa,Warszawa,Warszawa,mazowieckie
04-352,Warszawa,Warszawa,Warszawa,mazowieckie
00-788,Warszawa,Warszawa,Warszawa,mazowieckie
03-206,Warszawa,Warszawa,Warszawa,mazowieckie
00-280,Warszawa,Warszawa,Warszawa,mazowieckie
03-459,Warszawa,Warszawa,Warszawa,mazowieckie
00-390,Warszawa,Warszawa,Warszawa,mazowieckie
00-379,Warszawa,Warszawa,Warszawa,mazowieckie
00-347,Warszawa,Warszawa,Warszawa,mazowieckie
03-714,Warszawa,Warszawa,Warszawa,mazowieckie
04-610,Warszawa,Warszawa,Warszawa,mazowieckie
04-601,Warszawa,Warszawa,Warszawa,mazowieckie
02-186,Warszawa,Warszawa,Warszawa,mazowieckie
04-659,Warszawa,Warszawa,Warszawa,mazowieckie
03-369,Warszawa,Warszawa,Warszawa,mazowieckie
03-371,Warszawa,Warszawa,Warszawa,mazowieckie
03-388,Warszawa,Warszawa,Warszawa,mazowieckie
01-577,Warszawa,Warszawa,Warszawa,mazowieckie
03-031,Warszawa,Warszawa,Warszawa,mazowieckie
03-337,Warszawa,Warszawa,Warszawa,mazowieckie
00-572,Warszawa,Warszawa,Warszawa,mazowieckie
00-570,Warszawa,Warszawa,Warszawa,mazowieckie
04-033,Warszawa,Warszawa,Warszawa,mazowieckie
04-031,Warszawa,Warszawa,Warszawa,mazowieckie
04-788,Warszawa,Warszawa,Warszawa,mazowieckie
03-787,Warszawa,Warszawa,Warszawa,mazowieckie
01-495,Warszawa,Warszawa,Warszawa,mazowieckie
02-206,Warszawa,Warszawa,Warszawa,mazowieckie
02-227,Warszawa,Warszawa,Warszawa,mazowieckie
04-160,Warszawa,Warszawa,Warszawa,mazowieckie
04-101,Warszawa,Warszawa,Warszawa,mazowieckie
04-127,Warszawa,Warszawa,Warszawa,mazowieckie
00-441,Warszawa,Warszawa,Warszawa,mazowieckie
03-380,Warszawa,Warszawa,Warszawa,mazowieckie
03-076,Warszawa,Warszawa,Warszawa,mazowieckie
01-518,Warszawa,Warszawa,Warszawa,mazowieckie
01-522,Warszawa,Warszawa,Warszawa,mazowieckie
01-510,Warszawa,Warszawa,Warszawa,mazowieckie
01-505,Warszawa,Warszawa,Warszawa,mazowieckie
00-351,Warszawa,Warszawa,Warszawa,mazowieckie
00-356,Warszawa,Warszawa,Warszawa,mazowieckie
00-737,Warszawa,Warszawa,Warszawa,mazowieckie
04-145,Warszawa,Warszawa,Warszawa,mazowieckie
02-832,Warszawa,Warszawa,Warszawa,mazowieckie
04-642,Warszawa,Warszawa,Warszawa,mazowieckie
00-165,Warszawa,Warszawa,Warszawa,mazowieckie
04-158,Warszawa,Warszawa,Warszawa,mazowieckie
00-267,Warszawa,Warszawa,Warszawa,mazowieckie
00-277,Warszawa,Warszawa,Warszawa,mazowieckie
03-801,Warszawa,Warszawa,Warszawa,mazowieckie
04-313,Warszawa,Warszawa,Warszawa,mazowieckie
03-424,Warszawa,Warszawa,Warszawa,mazowieckie
04-289,Warszawa,Warszawa,Warszawa,mazowieckie
00-274,Warszawa,Warszawa,Warszawa,mazowieckie
02-046,Warszawa,Warszawa,Warszawa,mazowieckie
02-152,Warszawa,Warszawa,Warszawa,mazowieckie
03-624,Warszawa,Warszawa,Warszawa,mazowieckie
04-194,Warszawa,Warszawa,Warszawa,mazowieckie
04-875,Warszawa,Warszawa,Warszawa,mazowieckie
03-270,Warszawa,Warszawa,Warszawa,mazowieckie
04-221,Warszawa,Warszawa,Warszawa,mazowieckie
01-167,Warszawa,Warszawa,Warszawa,mazowieckie
01-411,Warszawa,Warszawa,Warszawa,mazowieckie
03-068,Warszawa,Warszawa,Warszawa,mazowieckie
04-419,Warszawa,Warszawa,Warszawa,mazowieckie
02-927,Warszawa,Warszawa,Warszawa,mazowieckie
03-735,Warszawa,Warszawa,Warszawa,mazowieckie
04-014,Warszawa,Warszawa,Warszawa,mazowieckie
04-009,Warszawa,Warszawa,Warszawa,mazowieckie
00-642,Warszawa,Warszawa,Warszawa,mazowieckie
00-573,Warszawa,Warszawa,Warszawa,mazowieckie
00-651,Warszawa,Warszawa,Warszawa,mazowieckie
02-194,Warszawa,Warszawa,Warszawa,mazowieckie
04-446,Warszawa,Warszawa,Warszawa,mazowieckie
04-787,Warszawa,Warszawa,Warszawa,mazowieckie
04-448,Warszawa,Warszawa,Warszawa,mazowieckie
04-439,Warszawa,Warszawa,Warszawa,mazowieckie
00-018,Warszawa,Warszawa,Warszawa,mazowieckie
00-012,Warszawa,Warszawa,Warszawa,mazowieckie
03-695,Warszawa,Warszawa,Warszawa,mazowieckie
03-778,Warszawa,Warszawa,Warszawa,mazowieckie
03-788,Warszawa,Warszawa,Warszawa,mazowieckie
03-789,Warszawa,Warszawa,Warszawa,mazowieckie
03-798,Warszawa,Warszawa,Warszawa,mazowieckie
03-885,Warszawa,Warszawa,Warszawa,mazowieckie
01-829,Warszawa,Warszawa,Warszawa,mazowieckie
01-830,Warszawa,Warszawa,Warszawa,mazowieckie
01-838,Warszawa,Warszawa,Warszawa,mazowieckie
01-801,Warszawa,Warszawa,Warszawa,mazowieckie
00-019,Warszawa,Warszawa,Warszawa,mazowieckie
00-120,Warszawa,Warszawa,Warszawa,mazowieckie
00-821,Warszawa,Warszawa,Warszawa,mazowieckie
00-819,Warszawa,Warszawa,Warszawa,mazowieckie
03-567,Warszawa,Warszawa,Warszawa,mazowieckie
04-121,Warszawa,Warszawa,Warszawa,mazowieckie
00-627,Warszawa,Warszawa,Warszawa,mazowieckie
04-639,Warszawa,Warszawa,Warszawa,mazowieckie
01-806,Warszawa,Warszawa,Warszawa,mazowieckie
01-811,Warszawa,Warszawa,Warszawa,mazowieckie
04-522,Warszawa,Warszawa,Warszawa,mazowieckie
04-761,Warszawa,Warszawa,Warszawa,mazowieckie
01-219,Warszawa,Warszawa,Warszawa,mazowieckie
03-936,Warszawa,Warszawa,Warszawa,mazowieckie
03-941,Warszawa,Warszawa,Warszawa,mazowieckie
03-938,Warszawa,Warszawa,Warszawa,mazowieckie
03-929,Warszawa,Warszawa,Warszawa,mazowieckie
03-937,Warszawa,Warszawa,Warszawa,mazowieckie
04-494,Warszawa,Warszawa,Warszawa,mazowieckie
00-309,Warszawa,Warszawa,Warszawa,mazowieckie
02-291,Warszawa,Warszawa,Warszawa,mazowieckie
04-810,Warszawa,Warszawa,Warszawa,mazowieckie
03-631,Warszawa,Warszawa,Warszawa,mazowieckie
04-713,Warszawa,Warszawa,Warszawa,mazowieckie
04-736,Warszawa,Warszawa,Warszawa,mazowieckie
00-806,Warszawa,Warszawa,Warszawa,mazowieckie
00-802,Warszawa,Warszawa,Warszawa,mazowieckie
00-832,Warszawa,Warszawa,Warszawa,mazowieckie
00-817,Warszawa,Warszawa,Warszawa,mazowieckie
00-836,Warszawa,Warszawa,Warszawa,mazowieckie
00-852,Warszawa,Warszawa,Warszawa,mazowieckie
00-841,Warszawa,Warszawa,Warszawa,mazowieckie
00-848,Warszawa,Warszawa,Warszawa,mazowieckie
00-866,Warszawa,Warszawa,Warszawa,mazowieckie
00-871,Warszawa,Warszawa,Warszawa,mazowieckie
00-894,Warszawa,Warszawa,Warszawa,mazowieckie
00-875,Warszawa,Warszawa,Warszawa,mazowieckie
00-879,Warszawa,Warszawa,Warszawa,mazowieckie
01-004,Warszawa,Warszawa,Warszawa,mazowieckie
01-017,Warszawa,Warszawa,Warszawa,mazowieckie
00-136,Warszawa,Warszawa,Warszawa,mazowieckie
01-887,Warszawa,Warszawa,Warszawa,mazowieckie
01-861,Warszawa,Warszawa,Warszawa,mazowieckie
01-819,Warszawa,Warszawa,Warszawa,mazowieckie
01-831,Warszawa,Warszawa,Warszawa,mazowieckie
01-882,Warszawa,Warszawa,Warszawa,mazowieckie
01-825,Warszawa,Warszawa,Warszawa,mazowieckie
01-846,Warszawa,Warszawa,Warszawa,mazowieckie
01-857,Warszawa,Warszawa,Warszawa,mazowieckie
03-796,Warszawa,Warszawa,Warszawa,mazowieckie
04-468,Warszawa,Warszawa,Warszawa,mazowieckie
02-815,Warszawa,Warszawa,Warszawa,mazowieckie
04-775,Warszawa,Warszawa,Warszawa,mazowieckie
01-978,Warszawa,Warszawa,Warszawa,mazowieckie
04-630,Warszawa,Warszawa,Warszawa,mazowieckie
00-503,Warszawa,Warszawa,Warszawa,mazowieckie
00-515,Warszawa,Warszawa,Warszawa,mazowieckie
04-849,Warszawa,Warszawa,Warszawa,mazowieckie
04-843,Warszawa,Warszawa,Warszawa,mazowieckie
02-143,Warszawa,Warszawa,Warszawa,mazowieckie
02-092,Warszawa,Warszawa,Warszawa,mazowieckie
02-091,Warszawa,Warszawa,Warszawa,mazowieckie
02-090,Warszawa,Warszawa,Warszawa,mazowieckie
02-089,Warszawa,Warszawa,Warszawa,mazowieckie
04-756,Warszawa,Warszawa,Warszawa,mazowieckie
01-014,Warszawa,Warszawa,Warszawa,mazowieckie
01-191,Warszawa,Warszawa,Warszawa,mazowieckie
01-198,Warszawa,Warszawa,Warszawa,mazowieckie
01-179,Warszawa,Warszawa,Warszawa,mazowieckie
01-156,Warszawa,Warszawa,Warszawa,mazowieckie
01-149,Warszawa,Warszawa,Warszawa,mazowieckie
03-360,Warszawa,Warszawa,Warszawa,mazowieckie
02-701,Warszawa,Warszawa,Warszawa,mazowieckie
64-512,Wartosław,Wronki,szamotulski,wielkopolskie
87-809,Warząchewka,Włocławek,włocławski,kujawsko-pomorskie
64-314,Wąsowo,Kuślin,nowotomyski,wielkopolskie
36-233,Wesoła,Nozdrzec,brzozowski,podkarpackie
38-608,Wetlina,Cisna,leski,podkarpackie
66-343,Wierzbno,Przytoczna,międzyrzecki,lubuskie
78-411,Wierzchowo,Szczecinek,szczecinecki,zachodniopomorskie
42-457,Wiesiółka,Łazy,zawierciański,śląskie
42-672,Wieszowa,Zbrosławice,tarnogórski,śląskie
37-512,Wietlin,Laszki,jarosławski,podkarpackie
44-189,Wilcza,Pilchowice,gliwicki,śląskie
51-361,Wilczyce,Długołęka,wrocławski,dolnośląskie
57-513,Wilkanów,Kłodzka,kłodzki,dolnośląskie
43-365,Wilkowice,Wilkowice,bielski,śląskie
34-617,Wilkowisko,Jodłownik,limanowski,małopolskie
72-513,Wisełka,Wolin,kamieński,zachodniopomorskie
43-460,Wisła,Wisła,cieszyński,śląskie
43-243,Wisła,Pszczyna,pszczyński,śląskie
89-114,Witosław,Mrocza,nakielski,kujawsko-pomorskie
34-512,Witów,Kościelisko,tatrzański,małopolskie
44-300,Wodzisław,Śląski,wodzisławski,śląskie
44-304,Wodzisław,Śląski,wodzisławski,śląskie
44-313,Wodzisław,Śląski,wodzisławski,śląskie
44-307,Wodzisław,Śląski,wodzisławski,śląskie
44-373,Wodzisław,Śląski,wodzisławski,śląskie
44-286,Wodzisław,Śląski,wodzisławski,śląskie
42-580,Wojkowice,Wojkowice,będziński,śląskie
87-619,Wola,Kikół,lipnowski,kujawsko-pomorskie
43-225,Wola,Miedźna,pszczyński,śląskie
32-053,Wola,Skawina,krakowski,małopolskie
36-125,Wola,Raniżów,kolbuszowski,podkarpackie
22-144,Wołkowiany,Żmudź,chełmski,lubelskie
42-289,Woźniki,Woźniki,lubliniecki,śląskie
52-206,Wrocław,Wrocław,Wrocław,dolnośląskie
51-663,Wrocław,Wrocław,Wrocław,dolnośląskie
54-530,Wrocław,Wrocław,Wrocław,dolnośląskie
52-435,Wrocław,Wrocław,Wrocław,dolnośląskie
54-510,Wrocław,Wrocław,Wrocław,dolnośląskie
52-117,Wrocław,Wrocław,Wrocław,dolnośląskie
52-214,Wrocław,Wrocław,Wrocław,dolnośląskie
53-006,Wrocław,Wrocław,Wrocław,dolnośląskie
53-035,Wrocław,Wrocław,Wrocław,dolnośląskie
53-134,Wrocław,Wrocław,Wrocław,dolnośląskie
51-658,Wrocław,Wrocław,Wrocław,dolnośląskie
54-118,Wrocław,Wrocław,Wrocław,dolnośląskie
53-014,Wrocław,Wrocław,Wrocław,dolnośląskie
50-573,Wrocław,Wrocław,Wrocław,dolnośląskie
53-425,Wrocław,Wrocław,Wrocław,dolnośląskie
54-044,Wrocław,Wrocław,Wrocław,dolnośląskie
52-215,Wrocław,Wrocław,Wrocław,dolnośląskie
54-054,Wrocław,Wrocław,Wrocław,dolnośląskie
51-141,Wrocław,Wrocław,Wrocław,dolnośląskie
54-402,Wrocław,Wrocław,Wrocław,dolnośląskie
50-266,Wrocław,Wrocław,Wrocław,dolnośląskie
50-073,Wrocław,Wrocław,Wrocław,dolnośląskie
51-134,Wrocław,Wrocław,Wrocław,dolnośląskie
52-133,Wrocław,Wrocław,Wrocław,dolnośląskie
54-063,Wrocław,Wrocław,Wrocław,dolnośląskie
51-220,Wrocław,Wrocław,Wrocław,dolnośląskie
54-115,Wrocław,Wrocław,Wrocław,dolnośląskie
53-211,Wrocław,Wrocław,Wrocław,dolnośląskie
52-121,Wrocław,Wrocław,Wrocław,dolnośląskie
53-126,Wrocław,Wrocław,Wrocław,dolnośląskie
50-541,Wrocław,Wrocław,Wrocław,dolnośląskie
50-056,Wrocław,Wrocław,Wrocław,dolnośląskie
52-234,Wrocław,Wrocław,Wrocław,dolnośląskie
51-149,Wrocław,Wrocław,Wrocław,dolnośląskie
52-235,Wrocław,Wrocław,Wrocław,dolnośląskie
51-143,Wrocław,Wrocław,Wrocław,dolnośląskie
51-251,Wrocław,Wrocław,Wrocław,dolnośląskie
54-112,Wrocław,Wrocław,Wrocław,dolnośląskie
54-403,Wrocław,Wrocław,Wrocław,dolnośląskie
54-404,Wrocław,Wrocław,Wrocław,dolnośląskie
54-611,Wrocław,Wrocław,Wrocław,dolnośląskie
54-619,Wrocław,Wrocław,Wrocław,dolnośląskie
52-405,Wrocław,Wrocław,Wrocław,dolnośląskie
51-252,Wrocław,Wrocław,Wrocław,dolnośląskie
53-020,Wrocław,Wrocław,Wrocław,dolnośląskie
54-426,Wrocław,Wrocław,Wrocław,dolnośląskie
54-006,Wrocław,Wrocław,Wrocław,dolnośląskie
51-649,Wrocław,Wrocław,Wrocław,dolnośląskie
52-131,Wrocław,Wrocław,Wrocław,dolnośląskie
50-305,Wrocław,Wrocław,Wrocław,dolnośląskie
51-122,Wrocław,Wrocław,Wrocław,dolnośląskie
51-507,Wrocław,Wrocław,Wrocław,dolnośląskie
51-170,Wrocław,Wrocław,Wrocław,dolnośląskie
51-522,Wrocław,Wrocław,Wrocław,dolnośląskie
54-129,Wrocław,Wrocław,Wrocław,dolnośląskie
52-334,Wrocław,Wrocław,Wrocław,dolnośląskie
52-437,Wrocław,Wrocław,Wrocław,dolnośląskie
51-111,Wrocław,Wrocław,Wrocław,dolnośląskie
51-109,Wrocław,Wrocław,Wrocław,dolnośląskie
50-034,Wrocław,Wrocław,Wrocław,dolnośląskie
51-617,Wrocław,Wrocław,Wrocław,dolnośląskie
51-607,Wrocław,Wrocław,Wrocław,dolnośląskie
54-620,Wrocław,Wrocław,Wrocław,dolnośląskie
50-136,Wrocław,Wrocław,Wrocław,dolnośląskie
54-113,Wrocław,Wrocław,Wrocław,dolnośląskie
50-516,Wrocław,Wrocław,Wrocław,dolnośląskie
50-517,Wrocław,Wrocław,Wrocław,dolnośląskie
50-324,Wrocław,Wrocław,Wrocław,dolnośląskie
50-313,Wrocław,Wrocław,Wrocław,dolnośląskie
51-618,Wrocław,Wrocław,Wrocław,dolnośląskie
51-513,Wrocław,Wrocław,Wrocław,dolnośląskie
52-129,Wrocław,Wrocław,Wrocław,dolnośląskie
51-641,Wrocław,Wrocław,Wrocław,dolnośląskie
50-325,Wrocław,Wrocław,Wrocław,dolnośląskie
51-606,Wrocław,Wrocław,Wrocław,dolnośląskie
51-417,Wrocław,Wrocław,Wrocław,dolnośląskie
54-701,Wrocław,Wrocław,Wrocław,dolnośląskie
51-672,Wrocław,Wrocław,Wrocław,dolnośląskie
54-134,Wrocław,Wrocław,Wrocław,dolnośląskie
51-208,Wrocław,Wrocław,Wrocław,dolnośląskie
51-688,Wrocław,Wrocław,Wrocław,dolnośląskie
50-265,Wrocław,Wrocław,Wrocław,dolnośląskie
50-350,Wrocław,Wrocław,Wrocław,dolnośląskie
52-123,Wrocław,Wrocław,Wrocław,dolnośląskie
53-210,Wrocław,Wrocław,Wrocław,dolnośląskie
54-515,Wrocław,Wrocław,Wrocław,dolnośląskie
51-152,Wrocław,Wrocław,Wrocław,dolnośląskie
50-156,Wrocław,Wrocław,Wrocław,dolnośląskie
53-204,Wrocław,Wrocław,Wrocław,dolnośląskie
51-114,Wrocław,Wrocław,Wrocław,dolnośląskie
54-046,Wrocław,Wrocław,Wrocław,dolnośląskie
52-230,Wrocław,Wrocław,Wrocław,dolnośląskie
51-378,Wrocław,Wrocław,Wrocław,dolnośląskie
54-079,Wrocław,Wrocław,Wrocław,dolnośląskie
54-425,Wrocław,Wrocław,Wrocław,dolnośląskie
50-134,Wrocław,Wrocław,Wrocław,dolnośląskie
54-101,Wrocław,Wrocław,Wrocław,dolnośląskie
52-258,Wrocław,Wrocław,Wrocław,dolnośląskie
54-234,Wrocław,Wrocław,Wrocław,dolnośląskie
51-376,Wrocław,Wrocław,Wrocław,dolnośląskie
51-179,Wrocław,Wrocław,Wrocław,dolnośląskie
51-629,Wrocław,Wrocław,Wrocław,dolnośląskie
52-115,Wrocław,Wrocław,Wrocław,dolnośląskie
50-537,Wrocław,Wrocław,Wrocław,dolnośląskie
50-421,Wrocław,Wrocław,Wrocław,dolnośląskie
51-317,Wrocław,Wrocław,Wrocław,dolnośląskie
54-045,Wrocław,Wrocław,Wrocław,dolnośląskie
50-148,Wrocław,Wrocław,Wrocław,dolnośląskie
52-244,Wrocław,Wrocław,Wrocław,dolnośląskie
53-206,Wrocław,Wrocław,Wrocław,dolnośląskie
52-018,Wrocław,Wrocław,Wrocław,dolnośląskie
54-614,Wrocław,Wrocław,Wrocław,dolnośląskie
52-126,Wrocław,Wrocław,Wrocław,dolnośląskie
51-349,Wrocław,Wrocław,Wrocław,dolnośląskie
54-072,Wrocław,Wrocław,Wrocław,dolnośląskie
51-521,Wrocław,Wrocław,Wrocław,dolnośląskie
50-538,Wrocław,Wrocław,Wrocław,dolnośląskie
54-220,Wrocław,Wrocław,Wrocław,dolnośląskie
54-153,Wrocław,Wrocław,Wrocław,dolnośląskie
54-031,Wrocław,Wrocław,Wrocław,dolnośląskie
51-422,Wrocław,Wrocław,Wrocław,dolnośląskie
50-502,Wrocław,Wrocław,Wrocław,dolnośląskie
54-106,Wrocław,Wrocław,Wrocław,dolnośląskie
50-514,Wrocław,Wrocław,Wrocław,dolnośląskie
50-031,Wrocław,Wrocław,Wrocław,dolnośląskie
50-023,Wrocław,Wrocław,Wrocław,dolnośląskie
54-622,Wrocław,Wrocław,Wrocław,dolnośląskie
50-074,Wrocław,Wrocław,Wrocław,dolnośląskie
50-254,Wrocław,Wrocław,Wrocław,dolnośląskie
51-165,Wrocław,Wrocław,Wrocław,dolnośląskie
51-166,Wrocław,Wrocław,Wrocław,dolnośląskie
51-421,Wrocław,Wrocław,Wrocław,dolnośląskie
51-310,Wrocław,Wrocław,Wrocław,dolnośląskie
51-312,Wrocław,Wrocław,Wrocław,dolnośląskie
53-614,Wrocław,Wrocław,Wrocław,dolnośląskie
53-612,Wrocław,Wrocław,Wrocław,dolnośląskie
52-203,Wrocław,Wrocław,Wrocław,dolnośląskie
51-167,Wrocław,Wrocław,Wrocław,dolnośląskie
51-138,Wrocław,Wrocław,Wrocław,dolnośląskie
51-210,Wrocław,Wrocław,Wrocław,dolnośląskie
51-678,Wrocław,Wrocław,Wrocław,dolnośląskie
50-204,Wrocław,Wrocław,Wrocław,dolnośląskie
50-529,Wrocław,Wrocław,Wrocław,dolnośląskie
50-530,Wrocław,Wrocław,Wrocław,dolnośląskie
50-532,Wrocław,Wrocław,Wrocław,dolnośląskie
50-531,Wrocław,Wrocław,Wrocław,dolnośląskie
50-552,Wrocław,Wrocław,Wrocław,dolnośląskie
50-551,Wrocław,Wrocław,Wrocław,dolnośląskie
50-554,Wrocław,Wrocław,Wrocław,dolnośląskie
50-553,Wrocław,Wrocław,Wrocław,dolnośląskie
50-557,Wrocław,Wrocław,Wrocław,dolnośląskie
50-556,Wrocław,Wrocław,Wrocław,dolnośląskie
50-558,Wrocław,Wrocław,Wrocław,dolnośląskie
53-009,Wrocław,Wrocław,Wrocław,dolnośląskie
51-160,Wrocław,Wrocław,Wrocław,dolnośląskie
51-162,Wrocław,Wrocław,Wrocław,dolnośląskie
51-640,Wrocław,Wrocław,Wrocław,dolnośląskie
50-051,Wrocław,Wrocław,Wrocław,dolnośląskie
51-631,Wrocław,Wrocław,Wrocław,dolnośląskie
53-680,Wrocław,Wrocław,Wrocław,dolnośląskie
54-109,Wrocław,Wrocław,Wrocław,dolnośląskie
53-015,Wrocław,Wrocław,Wrocław,dolnośląskie
51-253,Wrocław,Wrocław,Wrocław,dolnośląskie
51-213,Wrocław,Wrocław,Wrocław,dolnośląskie
53-442,Wrocław,Wrocław,Wrocław,dolnośląskie
52-019,Wrocław,Wrocław,Wrocław,dolnośląskie
54-108,Wrocław,Wrocław,Wrocław,dolnośląskie
51-112,Wrocław,Wrocław,Wrocław,dolnośląskie
54-103,Wrocław,Wrocław,Wrocław,dolnośląskie
54-067,Wrocław,Wrocław,Wrocław,dolnośląskie
51-120,Wrocław,Wrocław,Wrocław,dolnośląskie
50-304,Wrocław,Wrocław,Wrocław,dolnośląskie
51-411,Wrocław,Wrocław,Wrocław,dolnośląskie
51-410,Wrocław,Wrocław,Wrocław,dolnośląskie
54-214,Wrocław,Wrocław,Wrocław,dolnośląskie
50-430,Wrocław,Wrocław,Wrocław,dolnośląskie
54-018,Wrocław,Wrocław,Wrocław,dolnośląskie
50-539,Wrocław,Wrocław,Wrocław,dolnośląskie
51-686,Wrocław,Wrocław,Wrocław,dolnośląskie
51-203,Wrocław,Wrocław,Wrocław,dolnośląskie
53-241,Wrocław,Wrocław,Wrocław,dolnośląskie
54-434,Wrocław,Wrocław,Wrocław,dolnośląskie
54-436,Wrocław,Wrocław,Wrocław,dolnośląskie
50-368,Wrocław,Wrocław,Wrocław,dolnośląskie
51-127,Wrocław,Wrocław,Wrocław,dolnośląskie
52-418,Wrocław,Wrocław,Wrocław,dolnośląskie
50-267,Wrocław,Wrocław,Wrocław,dolnośląskie
50-072,Wrocław,Wrocław,Wrocław,dolnośląskie
52-311,Wrocław,Wrocław,Wrocław,dolnośląskie
54-703,Wrocław,Wrocław,Wrocław,dolnośląskie
53-028,Wrocław,Wrocław,Wrocław,dolnośląskie
53-326,Wrocław,Wrocław,Wrocław,dolnośląskie
51-503,Wrocław,Wrocław,Wrocław,dolnośląskie
51-164,Wrocław,Wrocław,Wrocław,dolnośląskie
51-313,Wrocław,Wrocław,Wrocław,dolnośląskie
54-060,Wrocław,Wrocław,Wrocław,dolnośląskie
54-215,Wrocław,Wrocław,Wrocław,dolnośląskie
52-024,Wrocław,Wrocław,Wrocław,dolnośląskie
53-224,Wrocław,Wrocław,Wrocław,dolnośląskie
53-226,Wrocław,Wrocław,Wrocław,dolnośląskie
51-650,Wrocław,Wrocław,Wrocław,dolnośląskie
52-112,Wrocław,Wrocław,Wrocław,dolnośląskie
52-130,Wrocław,Wrocław,Wrocław,dolnośląskie
51-505,Wrocław,Wrocław,Wrocław,dolnośląskie
52-114,Wrocław,Wrocław,Wrocław,dolnośląskie
52-408,Wrocław,Wrocław,Wrocław,dolnośląskie
51-630,Wrocław,Wrocław,Wrocław,dolnośląskie
54-102,Wrocław,Wrocław,Wrocław,dolnośląskie
50-336,Wrocław,Wrocław,Wrocław,dolnośląskie
54-029,Wrocław,Wrocław,Wrocław,dolnośląskie
52-118,Wrocław,Wrocław,Wrocław,dolnośląskie
52-226,Wrocław,Wrocław,Wrocław,dolnośląskie
53-022,Wrocław,Wrocław,Wrocław,dolnośląskie
51-426,Wrocław,Wrocław,Wrocław,dolnośląskie
51-212,Wrocław,Wrocław,Wrocław,dolnośląskie
54-074,Wrocław,Wrocław,Wrocław,dolnośląskie
51-200,Wrocław,Wrocław,Wrocław,dolnośląskie
53-617,Wrocław,Wrocław,Wrocław,dolnośląskie
51-609,Wrocław,Wrocław,Wrocław,dolnośląskie
51-107,Wrocław,Wrocław,Wrocław,dolnośląskie
52-023,Wrocław,Wrocław,Wrocław,dolnośląskie
51-147,Wrocław,Wrocław,Wrocław,dolnośląskie
54-061,Wrocław,Wrocław,Wrocław,dolnośląskie
52-339,Wrocław,Wrocław,Wrocław,dolnośląskie
51-659,Wrocław,Wrocław,Wrocław,dolnośląskie
54-057,Wrocław,Wrocław,Wrocław,dolnośląskie
50-524,Wrocław,Wrocław,Wrocław,dolnośląskie
54-028,Wrocław,Wrocław,Wrocław,dolnośląskie
51-604,Wrocław,Wrocław,Wrocław,dolnośląskie
52-007,Wrocław,Wrocław,Wrocław,dolnośląskie
50-306,Wrocław,Wrocław,Wrocław,dolnośląskie
53-118,Wrocław,Wrocław,Wrocław,dolnośląskie
50-226,Wrocław,Wrocław,Wrocław,dolnośląskie
52-316,Wrocław,Wrocław,Wrocław,dolnośląskie
52-326,Wrocław,Wrocław,Wrocław,dolnośląskie
50-381,Wrocław,Wrocław,Wrocław,dolnośląskie
50-369,Wrocław,Wrocław,Wrocław,dolnośląskie
50-206,Wrocław,Wrocław,Wrocław,dolnośląskie
50-205,Wrocław,Wrocław,Wrocław,dolnośląskie
53-435,Wrocław,Wrocław,Wrocław,dolnośląskie
51-171,Wrocław,Wrocław,Wrocław,dolnośląskie
53-650,Wrocław,Wrocław,Wrocław,dolnośląskie
53-651,Wrocław,Wrocław,Wrocław,dolnośląskie
53-626,Wrocław,Wrocław,Wrocław,dolnośląskie
53-627,Wrocław,Wrocław,Wrocław,dolnośląskie
51-621,Wrocław,Wrocław,Wrocław,dolnośląskie
51-126,Wrocław,Wrocław,Wrocław,dolnośląskie
52-231,Wrocław,Wrocław,Wrocław,dolnośląskie
52-016,Wrocław,Wrocław,Wrocław,dolnośląskie
50-576,Wrocław,Wrocław,Wrocław,dolnośląskie
51-315,Wrocław,Wrocław,Wrocław,dolnośląskie
50-345,Wrocław,Wrocław,Wrocław,dolnośląskie
50-159,Wrocław,Wrocław,Wrocław,dolnośląskie
54-033,Wrocław,Wrocław,Wrocław,dolnośląskie
50-231,Wrocław,Wrocław,Wrocław,dolnośląskie
52-207,Wrocław,Wrocław,Wrocław,dolnośląskie
54-035,Wrocław,Wrocław,Wrocław,dolnośląskie
50-013,Wrocław,Wrocław,Wrocław,dolnośląskie
51-173,Wrocław,Wrocław,Wrocław,dolnośląskie
51-009,Wrocław,Wrocław,Wrocław,dolnośląskie
52-224,Wrocław,Wrocław,Wrocław,dolnośląskie
52-340,Wrocław,Wrocław,Wrocław,dolnośląskie
51-151,Wrocław,Wrocław,Wrocław,dolnośląskie
54-311,Wrocław,Wrocław,Wrocław,dolnośląskie
52-415,Wrocław,Wrocław,Wrocław,dolnośląskie
50-309,Wrocław,Wrocław,Wrocław,dolnośląskie
50-310,Wrocław,Wrocław,Wrocław,dolnośląskie
50-527,Wrocław,Wrocław,Wrocław,dolnośląskie
52-208,Wrocław,Wrocław,Wrocław,dolnośląskie
50-457,Wrocław,Wrocław,Wrocław,dolnośląskie
54-130,Wrocław,Wrocław,Wrocław,dolnośląskie
51-670,Wrocław,Wrocław,Wrocław,dolnośląskie
51-669,Wrocław,Wrocław,Wrocław,dolnośląskie
53-008,Wrocław,Wrocław,Wrocław,dolnośląskie
53-024,Wrocław,Wrocław,Wrocław,dolnośląskie
54-030,Wrocław,Wrocław,Wrocław,dolnośląskie
50-230,Wrocław,Wrocław,Wrocław,dolnośląskie
53-121,Wrocław,Wrocław,Wrocław,dolnośląskie
53-657,Wrocław,Wrocław,Wrocław,dolnośląskie
53-658,Wrocław,Wrocław,Wrocław,dolnośląskie
53-633,Wrocław,Wrocław,Wrocław,dolnośląskie
50-560,Wrocław,Wrocław,Wrocław,dolnośląskie
51-352,Wrocław,Wrocław,Wrocław,dolnośląskie
50-203,Wrocław,Wrocław,Wrocław,dolnośląskie
53-678,Wrocław,Wrocław,Wrocław,dolnośląskie
50-403,Wrocław,Wrocław,Wrocław,dolnośląskie
50-407,Wrocław,Wrocław,Wrocław,dolnośląskie
54-518,Wrocław,Wrocław,Wrocław,dolnośląskie
54-142,Wrocław,Wrocław,Wrocław,dolnośląskie
54-310,Wrocław,Wrocław,Wrocław,dolnośląskie
53-209,Wrocław,Wrocław,Wrocław,dolnośląskie
50-070,Wrocław,Wrocław,Wrocław,dolnośląskie
50-257,Wrocław,Wrocław,Wrocław,dolnośląskie
54-048,Wrocław,Wrocław,Wrocław,dolnośląskie
50-036,Wrocław,Wrocław,Wrocław,dolnośląskie
53-311,Wrocław,Wrocław,Wrocław,dolnośląskie
53-312,Wrocław,Wrocław,Wrocław,dolnośląskie
53-656,Wrocław,Wrocław,Wrocław,dolnośląskie
54-145,Wrocław,Wrocław,Wrocław,dolnośląskie
50-208,Wrocław,Wrocław,Wrocław,dolnośląskie
50-207,Wrocław,Wrocław,Wrocław,dolnośląskie
50-210,Wrocław,Wrocław,Wrocław,dolnośląskie
54-427,Wrocław,Wrocław,Wrocław,dolnośląskie
50-456,Wrocław,Wrocław,Wrocław,dolnośląskie
54-144,Wrocław,Wrocław,Wrocław,dolnośląskie
51-153,Wrocław,Wrocław,Wrocław,dolnośląskie
50-528,Wrocław,Wrocław,Wrocław,dolnośląskie
51-429,Wrocław,Wrocław,Wrocław,dolnośląskie
51-427,Wrocław,Wrocław,Wrocław,dolnośląskie
54-064,Wrocław,Wrocław,Wrocław,dolnośląskie
54-152,Wrocław,Wrocław,Wrocław,dolnośląskie
52-413,Wrocław,Wrocław,Wrocław,dolnośląskie
50-536,Wrocław,Wrocław,Wrocław,dolnośląskie
54-315,Wrocław,Wrocław,Wrocław,dolnośląskie
54-320,Wrocław,Wrocław,Wrocław,dolnośląskie
51-003,Wrocław,Wrocław,Wrocław,dolnośląskie
54-005,Wrocław,Wrocław,Wrocław,dolnośląskie
54-314,Wrocław,Wrocław,Wrocław,dolnośląskie
51-610,Wrocław,Wrocław,Wrocław,dolnośląskie
54-019,Wrocław,Wrocław,Wrocław,dolnośląskie
50-111,Wrocław,Wrocław,Wrocław,dolnośląskie
53-330,Wrocław,Wrocław,Wrocław,dolnośląskie
54-401,Wrocław,Wrocław,Wrocław,dolnośląskie
54-511,Wrocław,Wrocław,Wrocław,dolnośląskie
53-609,Wrocław,Wrocław,Wrocław,dolnośląskie
51-128,Wrocław,Wrocław,Wrocław,dolnośląskie
52-443,Wrocław,Wrocław,Wrocław,dolnośląskie
54-049,Wrocław,Wrocław,Wrocław,dolnośląskie
52-132,Wrocław,Wrocław,Wrocław,dolnośląskie
51-142,Wrocław,Wrocław,Wrocław,dolnośląskie
53-239,Wrocław,Wrocław,Wrocław,dolnośląskie
51-504,Wrocław,Wrocław,Wrocław,dolnośląskie
51-124,Wrocław,Wrocław,Wrocław,dolnośląskie
51-169,Wrocław,Wrocław,Wrocław,dolnośląskie
54-405,Wrocław,Wrocław,Wrocław,dolnośląskie
51-348,Wrocław,Wrocław,Wrocław,dolnośląskie
52-213,Wrocław,Wrocław,Wrocław,dolnośląskie
54-111,Wrocław,Wrocław,Wrocław,dolnośląskie
50-519,Wrocław,Wrocław,Wrocław,dolnośląskie
50-520,Wrocław,Wrocław,Wrocław,dolnośląskie
50-546,Wrocław,Wrocław,Wrocław,dolnośląskie
53-421,Wrocław,Wrocław,Wrocław,dolnośląskie
53-422,Wrocław,Wrocław,Wrocław,dolnośląskie
53-407,Wrocław,Wrocław,Wrocław,dolnośląskie
53-322,Wrocław,Wrocław,Wrocław,dolnośląskie
53-323,Wrocław,Wrocław,Wrocław,dolnośląskie
53-150,Wrocław,Wrocław,Wrocław,dolnośląskie
50-112,Wrocław,Wrocław,Wrocław,dolnośląskie
50-115,Wrocław,Wrocław,Wrocław,dolnośląskie
53-117,Wrocław,Wrocław,Wrocław,dolnośląskie
50-513,Wrocław,Wrocław,Wrocław,dolnośląskie
54-213,Wrocław,Wrocław,Wrocław,dolnośląskie
50-344,Wrocław,Wrocław,Wrocław,dolnośląskie
50-076,Wrocław,Wrocław,Wrocław,dolnośląskie
52-221,Wrocław,Wrocław,Wrocław,dolnośląskie
51-664,Wrocław,Wrocław,Wrocław,dolnośląskie
51-419,Wrocław,Wrocław,Wrocław,dolnośląskie
54-011,Wrocław,Wrocław,Wrocław,dolnośląskie
52-438,Wrocław,Wrocław,Wrocław,dolnośląskie
51-636,Wrocław,Wrocław,Wrocław,dolnośląskie
51-531,Wrocław,Wrocław,Wrocław,dolnośląskie
51-163,Wrocław,Wrocław,Wrocław,dolnośląskie
51-412,Wrocław,Wrocław,Wrocław,dolnośląskie
50-525,Wrocław,Wrocław,Wrocław,dolnośląskie
50-526,Wrocław,Wrocław,Wrocław,dolnośląskie
52-027,Wrocław,Wrocław,Wrocław,dolnośląskie
53-621,Wrocław,Wrocław,Wrocław,dolnośląskie
53-616,Wrocław,Wrocław,Wrocław,dolnośląskie
51-691,Wrocław,Wrocław,Wrocław,dolnośląskie
52-026,Wrocław,Wrocław,Wrocław,dolnośląskie
54-609,Wrocław,Wrocław,Wrocław,dolnośląskie
52-216,Wrocław,Wrocław,Wrocław,dolnośląskie
51-314,Wrocław,Wrocław,Wrocław,dolnośląskie
54-107,Wrocław,Wrocław,Wrocław,dolnośląskie
51-222,Wrocław,Wrocław,Wrocław,dolnośląskie
53-610,Wrocław,Wrocław,Wrocław,dolnośląskie
54-059,Wrocław,Wrocław,Wrocław,dolnośląskie
50-352,Wrocław,Wrocław,Wrocław,dolnośląskie
50-337,Wrocław,Wrocław,Wrocław,dolnośląskie
54-136,Wrocław,Wrocław,Wrocław,dolnośląskie
50-079,Wrocław,Wrocław,Wrocław,dolnośląskie
53-501,Wrocław,Wrocław,Wrocław,dolnośląskie
53-502,Wrocław,Wrocław,Wrocław,dolnośląskie
53-504,Wrocław,Wrocław,Wrocław,dolnośląskie
53-503,Wrocław,Wrocław,Wrocław,dolnośląskie
53-437,Wrocław,Wrocław,Wrocław,dolnośląskie
53-439,Wrocław,Wrocław,Wrocław,dolnośląskie
53-235,Wrocław,Wrocław,Wrocław,dolnośląskie
53-234,Wrocław,Wrocław,Wrocław,dolnośląskie
53-236,Wrocław,Wrocław,Wrocław,dolnośląskie
52-402,Wrocław,Wrocław,Wrocław,dolnośląskie
53-535,Wrocław,Wrocław,Wrocław,dolnośląskie
54-610,Wrocław,Wrocław,Wrocław,dolnośląskie
54-516,Wrocław,Wrocław,Wrocław,dolnośląskie
54-406,Wrocław,Wrocław,Wrocław,dolnośląskie
54-240,Wrocław,Wrocław,Wrocław,dolnośląskie
51-517,Wrocław,Wrocław,Wrocław,dolnośląskie
53-423,Wrocław,Wrocław,Wrocław,dolnośląskie
53-424,Wrocław,Wrocław,Wrocław,dolnośląskie
51-356,Wrocław,Wrocław,Wrocław,dolnośląskie
50-137,Wrocław,Wrocław,Wrocław,dolnośląskie
54-007,Wrocław,Wrocław,Wrocław,dolnośląskie
52-220,Wrocław,Wrocław,Wrocław,dolnośląskie
52-219,Wrocław,Wrocław,Wrocław,dolnośląskie
52-218,Wrocław,Wrocław,Wrocław,dolnośląskie
52-232,Wrocław,Wrocław,Wrocław,dolnośląskie
50-355,Wrocław,Wrocław,Wrocław,dolnośląskie
50-356,Wrocław,Wrocław,Wrocław,dolnośląskie
50-357,Wrocław,Wrocław,Wrocław,dolnośląskie
50-377,Wrocław,Wrocław,Wrocław,dolnośląskie
50-384,Wrocław,Wrocław,Wrocław,dolnośląskie
50-378,Wrocław,Wrocław,Wrocław,dolnośląskie
50-363,Wrocław,Wrocław,Wrocław,dolnośląskie
50-365,Wrocław,Wrocław,Wrocław,dolnośląskie
50-366,Wrocław,Wrocław,Wrocław,dolnośląskie
52-120,Wrocław,Wrocław,Wrocław,dolnośląskie
51-215,Wrocław,Wrocław,Wrocław,dolnośląskie
54-143,Wrocław,Wrocław,Wrocław,dolnośląskie
50-001,Wrocław,Wrocław,Wrocław,dolnośląskie
53-413,Wrocław,Wrocław,Wrocław,dolnośląskie
54-705,Wrocław,Wrocław,Wrocław,dolnośląskie
54-032,Wrocław,Wrocław,Wrocław,dolnośląskie
53-319,Wrocław,Wrocław,Wrocław,dolnośląskie
53-318,Wrocław,Wrocław,Wrocław,dolnośląskie
53-325,Wrocław,Wrocław,Wrocław,dolnośląskie
53-324,Wrocław,Wrocław,Wrocław,dolnośląskie
53-203,Wrocław,Wrocław,Wrocław,dolnośląskie
53-201,Wrocław,Wrocław,Wrocław,dolnośląskie
53-023,Wrocław,Wrocław,Wrocław,dolnośląskie
51-605,Wrocław,Wrocław,Wrocław,dolnośląskie
52-404,Wrocław,Wrocław,Wrocław,dolnośląskie
50-447,Wrocław,Wrocław,Wrocław,dolnośląskie
50-250,Wrocław,Wrocław,Wrocław,dolnośląskie
50-241,Wrocław,Wrocław,Wrocław,dolnośląskie
50-242,Wrocław,Wrocław,Wrocław,dolnośląskie
50-503,Wrocław,Wrocław,Wrocław,dolnośląskie
51-168,Wrocław,Wrocław,Wrocław,dolnośląskie
50-453,Wrocław,Wrocław,Wrocław,dolnośląskie
51-622,Wrocław,Wrocław,Wrocław,dolnośląskie
51-250,Wrocław,Wrocław,Wrocław,dolnośląskie
50-572,Wrocław,Wrocław,Wrocław,dolnośląskie
54-125,Wrocław,Wrocław,Wrocław,dolnośląskie
53-010,Wrocław,Wrocław,Wrocław,dolnośląskie
54-409,Wrocław,Wrocław,Wrocław,dolnośląskie
50-329,Wrocław,Wrocław,Wrocław,dolnośląskie
54-608,Wrocław,Wrocław,Wrocław,dolnośląskie
50-376,Wrocław,Wrocław,Wrocław,dolnośląskie
51-051,Wrocław,Wrocław,Wrocław,dolnośląskie
54-058,Wrocław,Wrocław,Wrocław,dolnośląskie
50-501,Wrocław,Wrocław,Wrocław,dolnośląskie
50-505,Wrocław,Wrocław,Wrocław,dolnośląskie
53-004,Wrocław,Wrocław,Wrocław,dolnośląskie
54-617,Wrocław,Wrocław,Wrocław,dolnośląskie
54-139,Wrocław,Wrocław,Wrocław,dolnośląskie
50-328,Wrocław,Wrocław,Wrocław,dolnośląskie
50-117,Wrocław,Wrocław,Wrocław,dolnośląskie
54-151,Wrocław,Wrocław,Wrocław,dolnośląskie
52-211,Wrocław,Wrocław,Wrocław,dolnośląskie
54-066,Wrocław,Wrocław,Wrocław,dolnośląskie
52-122,Wrocław,Wrocław,Wrocław,dolnośląskie
51-354,Wrocław,Wrocław,Wrocław,dolnośląskie
53-653,Wrocław,Wrocław,Wrocław,dolnośląskie
53-654,Wrocław,Wrocław,Wrocław,dolnośląskie
53-649,Wrocław,Wrocław,Wrocław,dolnośląskie
53-648,Wrocław,Wrocław,Wrocław,dolnośląskie
51-006,Wrocław,Wrocław,Wrocław,dolnośląskie
53-227,Wrocław,Wrocław,Wrocław,dolnośląskie
53-228,Wrocław,Wrocław,Wrocław,dolnośląskie
53-229,Wrocław,Wrocław,Wrocław,dolnośląskie
53-230,Wrocław,Wrocław,Wrocław,dolnośląskie
52-141,Wrocław,Wrocław,Wrocław,dolnośląskie
51-117,Wrocław,Wrocław,Wrocław,dolnośląskie
51-662,Wrocław,Wrocław,Wrocław,dolnośląskie
51-665,Wrocław,Wrocław,Wrocław,dolnośląskie
51-218,Wrocław,Wrocław,Wrocław,dolnośląskie
54-514,Wrocław,Wrocław,Wrocław,dolnośląskie
53-007,Wrocław,Wrocław,Wrocław,dolnośląskie
54-008,Wrocław,Wrocław,Wrocław,dolnośląskie
51-301,Wrocław,Wrocław,Wrocław,dolnośląskie
50-043,Wrocław,Wrocław,Wrocław,dolnośląskie
50-157,Wrocław,Wrocław,Wrocław,dolnośląskie
50-372,Wrocław,Wrocław,Wrocław,dolnośląskie
53-135,Wrocław,Wrocław,Wrocław,dolnośląskie
51-005,Wrocław,Wrocław,Wrocław,dolnośląskie
51-011,Wrocław,Wrocław,Wrocław,dolnośląskie
53-120,Wrocław,Wrocław,Wrocław,dolnośląskie
54-330,Wrocław,Wrocław,Wrocław,dolnośląskie
51-420,Wrocław,Wrocław,Wrocław,dolnośląskie
53-148,Wrocław,Wrocław,Wrocław,dolnośląskie
51-520,Wrocław,Wrocław,Wrocław,dolnośląskie
53-122,Wrocław,Wrocław,Wrocław,dolnośląskie
53-123,Wrocław,Wrocław,Wrocław,dolnośląskie
50-260,Wrocław,Wrocław,Wrocław,dolnośląskie
50-258,Wrocław,Wrocław,Wrocław,dolnośląskie
50-262,Wrocław,Wrocław,Wrocław,dolnośląskie
50-261,Wrocław,Wrocław,Wrocław,dolnośląskie
50-301,Wrocław,Wrocław,Wrocław,dolnośląskie
50-303,Wrocław,Wrocław,Wrocław,dolnośląskie
50-302,Wrocław,Wrocław,Wrocław,dolnośląskie
51-523,Wrocław,Wrocław,Wrocław,dolnośląskie
54-242,Wrocław,Wrocław,Wrocław,dolnośląskie
54-055,Wrocław,Wrocław,Wrocław,dolnośląskie
54-056,Wrocław,Wrocław,Wrocław,dolnośląskie
53-447,Wrocław,Wrocław,Wrocław,dolnośląskie
53-426,Wrocław,Wrocław,Wrocław,dolnośląskie
50-518,Wrocław,Wrocław,Wrocław,dolnośląskie
54-519,Wrocław,Wrocław,Wrocław,dolnośląskie
53-017,Wrocław,Wrocław,Wrocław,dolnośląskie
50-504,Wrocław,Wrocław,Wrocław,dolnośląskie
53-032,Wrocław,Wrocław,Wrocław,dolnośląskie
53-507,Wrocław,Wrocław,Wrocław,dolnośląskie
50-140,Wrocław,Wrocław,Wrocław,dolnośląskie
54-062,Wrocław,Wrocław,Wrocław,dolnośląskie
50-383,Wrocław,Wrocław,Wrocław,dolnośląskie
52-403,Wrocław,Wrocław,Wrocław,dolnośląskie
54-020,Wrocław,Wrocław,Wrocław,dolnośląskie
54-023,Wrocław,Wrocław,Wrocław,dolnośląskie
52-432,Wrocław,Wrocław,Wrocław,dolnośląskie
50-511,Wrocław,Wrocław,Wrocław,dolnośląskie
53-307,Wrocław,Wrocław,Wrocław,dolnośląskie
53-308,Wrocław,Wrocław,Wrocław,dolnośląskie
50-549,Wrocław,Wrocław,Wrocław,dolnośląskie
50-547,Wrocław,Wrocław,Wrocław,dolnośląskie
50-545,Wrocław,Wrocław,Wrocław,dolnośląskie
54-034,Wrocław,Wrocław,Wrocław,dolnośląskie
53-133,Wrocław,Wrocław,Wrocław,dolnośląskie
51-613,Wrocław,Wrocław,Wrocław,dolnośląskie
52-436,Wrocław,Wrocław,Wrocław,dolnośląskie
52-319,Wrocław,Wrocław,Wrocław,dolnośląskie
51-144,Wrocław,Wrocław,Wrocław,dolnośląskie
52-015,Wrocław,Wrocław,Wrocław,dolnośląskie
51-136,Wrocław,Wrocław,Wrocław,dolnośląskie
51-137,Wrocław,Wrocław,Wrocław,dolnośląskie
51-145,Wrocław,Wrocław,Wrocław,dolnośląskie
51-146,Wrocław,Wrocław,Wrocław,dolnośląskie
51-676,Wrocław,Wrocław,Wrocław,dolnośląskie
53-125,Wrocław,Wrocław,Wrocław,dolnośląskie
50-214,Wrocław,Wrocław,Wrocław,dolnośląskie
50-152,Wrocław,Wrocław,Wrocław,dolnośląskie
52-022,Wrocław,Wrocław,Wrocław,dolnośląskie
51-657,Wrocław,Wrocław,Wrocław,dolnośląskie
50-240,Wrocław,Wrocław,Wrocław,dolnośląskie
50-239,Wrocław,Wrocław,Wrocław,dolnośląskie
50-077,Wrocław,Wrocław,Wrocław,dolnośląskie
50-105,Wrocław,Wrocław,Wrocław,dolnośląskie
54-004,Wrocław,Wrocław,Wrocław,dolnośląskie
51-132,Wrocław,Wrocław,Wrocław,dolnośląskie
51-413,Wrocław,Wrocław,Wrocław,dolnośląskie
50-108,Wrocław,Wrocław,Wrocław,dolnośląskie
50-110,Wrocław,Wrocław,Wrocław,dolnośląskie
50-109,Wrocław,Wrocław,Wrocław,dolnośląskie
51-316,Wrocław,Wrocław,Wrocław,dolnośląskie
54-513,Wrocław,Wrocław,Wrocław,dolnośląskie
50-263,Wrocław,Wrocław,Wrocław,dolnośląskie
50-264,Wrocław,Wrocław,Wrocław,dolnośląskie
53-237,Wrocław,Wrocław,Wrocław,dolnośląskie
54-413,Wrocław,Wrocław,Wrocław,dolnośląskie
54-414,Wrocław,Wrocław,Wrocław,dolnośląskie
54-412,Wrocław,Wrocław,Wrocław,dolnośląskie
54-411,Wrocław,Wrocław,Wrocław,dolnośląskie
50-227,Wrocław,Wrocław,Wrocław,dolnośląskie
50-515,Wrocław,Wrocław,Wrocław,dolnośląskie
50-323,Wrocław,Wrocław,Wrocław,dolnośląskie
50-322,Wrocław,Wrocław,Wrocław,dolnośląskie
54-217,Wrocław,Wrocław,Wrocław,dolnośląskie
54-218,Wrocław,Wrocław,Wrocław,dolnośląskie
53-434,Wrocław,Wrocław,Wrocław,dolnośląskie
51-514,Wrocław,Wrocław,Wrocław,dolnośląskie
50-454,Wrocław,Wrocław,Wrocław,dolnośląskie
50-455,Wrocław,Wrocław,Wrocław,dolnośląskie
52-315,Wrocław,Wrocław,Wrocław,dolnośląskie
51-602,Wrocław,Wrocław,Wrocław,dolnośląskie
51-601,Wrocław,Wrocław,Wrocław,dolnośląskie
53-013,Wrocław,Wrocław,Wrocław,dolnośląskie
53-404,Wrocław,Wrocław,Wrocław,dolnośląskie
53-508,Wrocław,Wrocław,Wrocław,dolnośląskie
53-510,Wrocław,Wrocław,Wrocław,dolnośląskie
50-002,Wrocław,Wrocław,Wrocław,dolnośląskie
50-003,Wrocław,Wrocław,Wrocław,dolnośląskie
50-006,Wrocław,Wrocław,Wrocław,dolnośląskie
50-007,Wrocław,Wrocław,Wrocław,dolnośląskie
50-004,Wrocław,Wrocław,Wrocław,dolnośląskie
50-005,Wrocław,Wrocław,Wrocław,dolnośląskie
54-313,Wrocław,Wrocław,Wrocław,dolnośląskie
50-021,Wrocław,Wrocław,Wrocław,dolnośląskie
50-022,Wrocław,Wrocław,Wrocław,dolnośląskie
53-342,Wrocław,Wrocław,Wrocław,dolnośląskie
53-343,Wrocław,Wrocław,Wrocław,dolnośląskie
53-345,Wrocław,Wrocław,Wrocław,dolnośląskie
53-344,Wrocław,Wrocław,Wrocław,dolnośląskie
54-010,Wrocław,Wrocław,Wrocław,dolnośląskie
50-451,Wrocław,Wrocław,Wrocław,dolnośląskie
50-452,Wrocław,Wrocław,Wrocław,dolnośląskie
51-685,Wrocław,Wrocław,Wrocław,dolnośląskie
50-083,Wrocław,Wrocław,Wrocław,dolnośląskie
53-021,Wrocław,Wrocław,Wrocław,dolnośląskie
54-126,Wrocław,Wrocław,Wrocław,dolnośląskie
54-127,Wrocław,Wrocław,Wrocław,dolnośląskie
54-041,Wrocław,Wrocław,Wrocław,dolnośląskie
54-042,Wrocław,Wrocław,Wrocław,dolnośląskie
52-320,Wrocław,Wrocław,Wrocław,dolnośląskie
51-689,Wrocław,Wrocław,Wrocław,dolnośląskie
51-687,Wrocław,Wrocław,Wrocław,dolnośląskie
54-316,Wrocław,Wrocław,Wrocław,dolnośląskie
52-225,Wrocław,Wrocław,Wrocław,dolnośląskie
54-027,Wrocław,Wrocław,Wrocław,dolnośląskie
52-314,Wrocław,Wrocław,Wrocław,dolnośląskie
51-430,Wrocław,Wrocław,Wrocław,dolnośląskie
50-029,Wrocław,Wrocław,Wrocław,dolnośląskie
50-037,Wrocław,Wrocław,Wrocław,dolnośląskie
50-038,Wrocław,Wrocław,Wrocław,dolnośląskie
50-028,Wrocław,Wrocław,Wrocław,dolnośląskie
50-027,Wrocław,Wrocław,Wrocław,dolnośląskie
50-026,Wrocław,Wrocław,Wrocław,dolnośląskie
50-012,Wrocław,Wrocław,Wrocław,dolnośląskie
50-024,Wrocław,Wrocław,Wrocław,dolnośląskie
50-011,Wrocław,Wrocław,Wrocław,dolnośląskie
50-009,Wrocław,Wrocław,Wrocław,dolnośląskie
50-008,Wrocław,Wrocław,Wrocław,dolnośląskie
50-441,Wrocław,Wrocław,Wrocław,dolnośląskie
50-442,Wrocław,Wrocław,Wrocław,dolnośląskie
50-439,Wrocław,Wrocław,Wrocław,dolnośląskie
50-440,Wrocław,Wrocław,Wrocław,dolnośląskie
50-438,Wrocław,Wrocław,Wrocław,dolnośląskie
50-437,Wrocław,Wrocław,Wrocław,dolnośląskie
50-150,Wrocław,Wrocław,Wrocław,dolnośląskie
50-120,Wrocław,Wrocław,Wrocław,dolnośląskie
50-151,Wrocław,Wrocław,Wrocław,dolnośląskie
51-638,Wrocław,Wrocław,Wrocław,dolnośląskie
51-423,Wrocław,Wrocław,Wrocław,dolnośląskie
51-424,Wrocław,Wrocław,Wrocław,dolnośląskie
52-428,Wrocław,Wrocław,Wrocław,dolnośląskie
51-351,Wrocław,Wrocław,Wrocław,dolnośląskie
54-104,Wrocław,Wrocław,Wrocław,dolnośląskie
52-025,Wrocław,Wrocław,Wrocław,dolnośląskie
50-153,Wrocław,Wrocław,Wrocław,dolnośląskie
51-690,Wrocław,Wrocław,Wrocław,dolnośląskie
50-424,Wrocław,Wrocław,Wrocław,dolnośląskie
50-425,Wrocław,Wrocław,Wrocław,dolnośląskie
50-426,Wrocław,Wrocław,Wrocław,dolnośląskie
50-427,Wrocław,Wrocław,Wrocław,dolnośląskie
50-428,Wrocław,Wrocław,Wrocław,dolnośląskie
50-429,Wrocław,Wrocław,Wrocław,dolnośląskie
50-414,Wrocław,Wrocław,Wrocław,dolnośląskie
50-401,Wrocław,Wrocław,Wrocław,dolnośląskie
50-449,Wrocław,Wrocław,Wrocław,dolnośląskie
50-450,Wrocław,Wrocław,Wrocław,dolnośląskie
50-229,Wrocław,Wrocław,Wrocław,dolnośląskie
50-237,Wrocław,Wrocław,Wrocław,dolnośląskie
50-233,Wrocław,Wrocław,Wrocław,dolnośląskie
50-149,Wrocław,Wrocław,Wrocław,dolnośląskie
54-117,Wrocław,Wrocław,Wrocław,dolnośląskie
52-119,Wrocław,Wrocław,Wrocław,dolnośląskie
53-409,Wrocław,Wrocław,Wrocław,dolnośląskie
53-411,Wrocław,Wrocław,Wrocław,dolnośląskie
53-410,Wrocław,Wrocław,Wrocław,dolnośląskie
53-405,Wrocław,Wrocław,Wrocław,dolnośląskie
53-412,Wrocław,Wrocław,Wrocław,dolnośląskie
53-406,Wrocław,Wrocław,Wrocław,dolnośląskie
50-075,Wrocław,Wrocław,Wrocław,dolnośląskie
54-047,Wrocław,Wrocław,Wrocław,dolnośląskie
53-652,Wrocław,Wrocław,Wrocław,dolnośląskie
50-555,Wrocław,Wrocław,Wrocław,dolnośląskie
54-613,Wrocław,Wrocław,Wrocław,dolnośląskie
53-019,Wrocław,Wrocław,Wrocław,dolnośląskie
50-338,Wrocław,Wrocław,Wrocław,dolnośląskie
50-361,Wrocław,Wrocław,Wrocław,dolnośląskie
50-422,Wrocław,Wrocław,Wrocław,dolnośląskie
53-225,Wrocław,Wrocław,Wrocław,dolnośląskie
52-020,Wrocław,Wrocław,Wrocław,dolnośląskie
51-216,Wrocław,Wrocław,Wrocław,dolnośląskie
50-570,Wrocław,Wrocław,Wrocław,dolnośląskie
51-418,Wrocław,Wrocław,Wrocław,dolnośląskie
51-110,Wrocław,Wrocław,Wrocław,dolnośląskie
54-616,Wrocław,Wrocław,Wrocław,dolnośląskie
52-427,Wrocław,Wrocław,Wrocław,dolnośląskie
50-550,Wrocław,Wrocław,Wrocław,dolnośląskie
51-204,Wrocław,Wrocław,Wrocław,dolnośląskie
50-103,Wrocław,Wrocław,Wrocław,dolnośląskie
50-138,Wrocław,Wrocław,Wrocław,dolnośląskie
52-407,Wrocław,Wrocław,Wrocław,dolnośląskie
51-415,Wrocław,Wrocław,Wrocław,dolnośląskie
51-416,Wrocław,Wrocław,Wrocław,dolnośląskie
54-210,Wrocław,Wrocław,Wrocław,dolnośląskie
52-242,Wrocław,Wrocław,Wrocław,dolnośląskie
53-205,Wrocław,Wrocław,Wrocław,dolnośląskie
50-510,Wrocław,Wrocław,Wrocław,dolnośląskie
50-559,Wrocław,Wrocław,Wrocław,dolnośląskie
50-047,Wrocław,Wrocław,Wrocław,dolnośląskie
50-045,Wrocław,Wrocław,Wrocław,dolnośląskie
53-673,Wrocław,Wrocław,Wrocław,dolnośląskie
53-671,Wrocław,Wrocław,Wrocław,dolnośląskie
53-672,Wrocław,Wrocław,Wrocław,dolnośląskie
53-674,Wrocław,Wrocław,Wrocław,dolnośląskie
54-201,Wrocław,Wrocław,Wrocław,dolnośląskie
54-203,Wrocław,Wrocław,Wrocław,dolnośląskie
54-202,Wrocław,Wrocław,Wrocław,dolnośląskie
54-204,Wrocław,Wrocław,Wrocław,dolnośląskie
54-205,Wrocław,Wrocław,Wrocław,dolnośląskie
54-206,Wrocław,Wrocław,Wrocław,dolnośląskie
53-505,Wrocław,Wrocław,Wrocław,dolnośląskie
51-140,Wrocław,Wrocław,Wrocław,dolnośląskie
53-018,Wrocław,Wrocław,Wrocław,dolnośląskie
54-114,Wrocław,Wrocław,Wrocław,dolnośląskie
51-682,Wrocław,Wrocław,Wrocław,dolnośląskie
51-116,Wrocław,Wrocław,Wrocław,dolnośląskie
53-124,Wrocław,Wrocław,Wrocław,dolnośląskie
52-127,Wrocław,Wrocław,Wrocław,dolnośląskie
53-641,Wrocław,Wrocław,Wrocław,dolnośląskie
50-308,Wrocław,Wrocław,Wrocław,dolnośląskie
54-154,Wrocław,Wrocław,Wrocław,dolnośląskie
54-155,Wrocław,Wrocław,Wrocław,dolnośląskie
54-133,Wrocław,Wrocław,Wrocław,dolnośląskie
54-132,Wrocław,Wrocław,Wrocław,dolnośląskie
53-623,Wrocław,Wrocław,Wrocław,dolnośląskie
53-624,Wrocław,Wrocław,Wrocław,dolnośląskie
53-625,Wrocław,Wrocław,Wrocław,dolnośląskie
51-207,Wrocław,Wrocław,Wrocław,dolnośląskie
53-514,Wrocław,Wrocław,Wrocław,dolnośląskie
54-239,Wrocław,Wrocław,Wrocław,dolnośląskie
53-515,Wrocław,Wrocław,Wrocław,dolnośląskie
53-516,Wrocław,Wrocław,Wrocław,dolnośląskie
50-104,Wrocław,Wrocław,Wrocław,dolnośląskie
50-146,Wrocław,Wrocław,Wrocław,dolnośląskie
50-353,Wrocław,Wrocław,Wrocław,dolnośląskie
50-512,Wrocław,Wrocław,Wrocław,dolnośląskie
50-133,Wrocław,Wrocław,Wrocław,dolnośląskie
53-632,Wrocław,Wrocław,Wrocław,dolnośląskie
50-220,Wrocław,Wrocław,Wrocław,dolnośląskie
50-521,Wrocław,Wrocław,Wrocław,dolnośląskie
50-548,Wrocław,Wrocław,Wrocław,dolnośląskie
52-210,Wrocław,Wrocław,Wrocław,dolnośląskie
50-371,Wrocław,Wrocław,Wrocław,dolnośląskie
50-436,Wrocław,Wrocław,Wrocław,dolnośląskie
52-331,Wrocław,Wrocław,Wrocław,dolnośląskie
51-113,Wrocław,Wrocław,Wrocław,dolnośląskie
50-244,Wrocław,Wrocław,Wrocław,dolnośląskie
52-201,Wrocław,Wrocław,Wrocław,dolnośląskie
50-443,Wrocław,Wrocław,Wrocław,dolnośląskie
51-671,Wrocław,Wrocław,Wrocław,dolnośląskie
54-317,Wrocław,Wrocław,Wrocław,dolnośląskie
54-026,Wrocław,Wrocław,Wrocław,dolnośląskie
54-009,Wrocław,Wrocław,Wrocław,dolnośląskie
54-081,Wrocław,Wrocław,Wrocław,dolnośląskie
50-084,Wrocław,Wrocław,Wrocław,dolnośląskie
52-241,Wrocław,Wrocław,Wrocław,dolnośląskie
54-212,Wrocław,Wrocław,Wrocław,dolnośląskie
54-014,Wrocław,Wrocław,Wrocław,dolnośląskie
52-124,Wrocław,Wrocław,Wrocław,dolnośląskie
53-441,Wrocław,Wrocław,Wrocław,dolnośląskie
52-332,Wrocław,Wrocław,Wrocław,dolnośląskie
50-327,Wrocław,Wrocław,Wrocław,dolnośląskie
52-128,Wrocław,Wrocław,Wrocław,dolnośląskie
54-078,Wrocław,Wrocław,Wrocław,dolnośląskie
50-333,Wrocław,Wrocław,Wrocław,dolnośląskie
51-347,Wrocław,Wrocław,Wrocław,dolnośląskie
50-412,Wrocław,Wrocław,Wrocław,dolnośląskie
50-408,Wrocław,Wrocław,Wrocław,dolnośląskie
54-131,Wrocław,Wrocław,Wrocław,dolnośląskie
50-057,Wrocław,Wrocław,Wrocław,dolnośląskie
54-156,Wrocław,Wrocław,Wrocław,dolnośląskie
51-637,Wrocław,Wrocław,Wrocław,dolnośląskie
51-619,Wrocław,Wrocław,Wrocław,dolnośląskie
51-620,Wrocław,Wrocław,Wrocław,dolnośląskie
51-684,Wrocław,Wrocław,Wrocław,dolnośląskie
53-401,Wrocław,Wrocław,Wrocław,dolnośląskie
53-402,Wrocław,Wrocław,Wrocław,dolnośląskie
50-435,Wrocław,Wrocław,Wrocław,dolnośląskie
50-201,Wrocław,Wrocław,Wrocław,dolnośląskie
52-317,Wrocław,Wrocław,Wrocław,dolnośląskie
50-125,Wrocław,Wrocław,Wrocław,dolnośląskie
50-128,Wrocław,Wrocław,Wrocław,dolnośląskie
50-127,Wrocław,Wrocław,Wrocław,dolnośląskie
50-126,Wrocław,Wrocław,Wrocław,dolnośląskie
51-515,Wrocław,Wrocław,Wrocław,dolnośląskie
52-420,Wrocław,Wrocław,Wrocław,dolnośląskie
54-235,Wrocław,Wrocław,Wrocław,dolnośląskie
51-502,Wrocław,Wrocław,Wrocław,dolnośląskie
50-362,Wrocław,Wrocław,Wrocław,dolnośląskie
53-647,Wrocław,Wrocław,Wrocław,dolnośląskie
53-646,Wrocław,Wrocław,Wrocław,dolnośląskie
53-645,Wrocław,Wrocław,Wrocław,dolnośląskie
54-702,Wrocław,Wrocław,Wrocław,dolnośląskie
53-142,Wrocław,Wrocław,Wrocław,dolnośląskie
53-152,Wrocław,Wrocław,Wrocław,dolnośląskie
50-071,Wrocław,Wrocław,Wrocław,dolnośląskie
54-016,Wrocław,Wrocław,Wrocław,dolnośląskie
51-501,Wrocław,Wrocław,Wrocław,dolnośląskie
51-681,Wrocław,Wrocław,Wrocław,dolnośląskie
52-429,Wrocław,Wrocław,Wrocław,dolnośląskie
52-110,Wrocław,Wrocław,Wrocław,dolnośląskie
52-135,Wrocław,Wrocław,Wrocław,dolnośląskie
51-209,Wrocław,Wrocław,Wrocław,dolnośląskie
52-209,Wrocław,Wrocław,Wrocław,dolnośląskie
54-424,Wrocław,Wrocław,Wrocław,dolnośląskie
54-135,Wrocław,Wrocław,Wrocław,dolnośląskie
50-035,Wrocław,Wrocław,Wrocław,dolnośląskie
51-506,Wrocław,Wrocław,Wrocław,dolnośląskie
54-207,Wrocław,Wrocław,Wrocław,dolnośląskie
50-320,Wrocław,Wrocław,Wrocław,dolnośląskie
53-677,Wrocław,Wrocław,Wrocław,dolnośląskie
52-422,Wrocław,Wrocław,Wrocław,dolnośląskie
54-110,Wrocław,Wrocław,Wrocław,dolnośląskie
50-087,Wrocław,Wrocław,Wrocław,dolnośląskie
52-223,Wrocław,Wrocław,Wrocław,dolnośląskie
52-212,Wrocław,Wrocław,Wrocław,dolnośląskie
52-233,Wrocław,Wrocław,Wrocław,dolnośląskie
51-428,Wrocław,Wrocław,Wrocław,dolnośląskie
54-232,Wrocław,Wrocław,Wrocław,dolnośląskie
54-233,Wrocław,Wrocław,Wrocław,dolnośląskie
50-238,Wrocław,Wrocław,Wrocław,dolnośląskie
50-561,Wrocław,Wrocław,Wrocław,dolnośląskie
52-444,Wrocław,Wrocław,Wrocław,dolnośląskie
50-249,Wrocław,Wrocław,Wrocław,dolnośląskie
50-373,Wrocław,Wrocław,Wrocław,dolnośląskie
50-375,Wrocław,Wrocław,Wrocław,dolnośląskie
50-374,Wrocław,Wrocław,Wrocław,dolnośląskie
51-611,Wrocław,Wrocław,Wrocław,dolnośląskie
54-128,Wrocław,Wrocław,Wrocław,dolnośląskie
50-082,Wrocław,Wrocław,Wrocław,dolnośląskie
54-438,Wrocław,Wrocław,Wrocław,dolnośląskie
50-314,Wrocław,Wrocław,Wrocław,dolnośląskie
50-315,Wrocław,Wrocław,Wrocław,dolnośląskie
50-339,Wrocław,Wrocław,Wrocław,dolnośląskie
50-340,Wrocław,Wrocław,Wrocław,dolnośląskie
50-135,Wrocław,Wrocław,Wrocław,dolnośląskie
50-141,Wrocław,Wrocław,Wrocław,dolnośląskie
50-142,Wrocław,Wrocław,Wrocław,dolnośląskie
50-143,Wrocław,Wrocław,Wrocław,dolnośląskie
50-144,Wrocław,Wrocław,Wrocław,dolnośląskie
50-119,Wrocław,Wrocław,Wrocław,dolnośląskie
50-147,Wrocław,Wrocław,Wrocław,dolnośląskie
51-677,Wrocław,Wrocław,Wrocław,dolnośląskie
52-204,Wrocław,Wrocław,Wrocław,dolnośląskie
51-205,Wrocław,Wrocław,Wrocław,dolnośląskie
53-212,Wrocław,Wrocław,Wrocław,dolnośląskie
51-219,Wrocław,Wrocław,Wrocław,dolnośląskie
50-113,Wrocław,Wrocław,Wrocław,dolnośląskie
50-114,Wrocław,Wrocław,Wrocław,dolnośląskie
50-069,Wrocław,Wrocław,Wrocław,dolnośląskie
50-059,Wrocław,Wrocław,Wrocław,dolnośląskie
53-331,Wrocław,Wrocław,Wrocław,dolnośląskie
51-642,Wrocław,Wrocław,Wrocław,dolnośląskie
51-643,Wrocław,Wrocław,Wrocław,dolnośląskie
51-646,Wrocław,Wrocław,Wrocław,dolnośląskie
51-644,Wrocław,Wrocław,Wrocław,dolnośląskie
51-648,Wrocław,Wrocław,Wrocław,dolnośląskie
51-647,Wrocław,Wrocław,Wrocław,dolnośląskie
50-123,Wrocław,Wrocław,Wrocław,dolnośląskie
50-124,Wrocław,Wrocław,Wrocław,dolnośląskie
53-034,Wrocław,Wrocław,Wrocław,dolnośląskie
52-028,Wrocław,Wrocław,Wrocław,dolnośląskie
51-007,Wrocław,Wrocław,Wrocław,dolnośląskie
52-010,Wrocław,Wrocław,Wrocław,dolnośląskie
52-012,Wrocław,Wrocław,Wrocław,dolnośląskie
52-014,Wrocław,Wrocław,Wrocław,dolnośląskie
52-013,Wrocław,Wrocław,Wrocław,dolnośląskie
52-227,Wrocław,Wrocław,Wrocław,dolnośląskie
53-143,Wrocław,Wrocław,Wrocław,dolnośląskie
53-605,Wrocław,Wrocław,Wrocław,dolnośląskie
50-540,Wrocław,Wrocław,Wrocław,dolnośląskie
50-311,Wrocław,Wrocław,Wrocław,dolnośląskie
51-008,Wrocław,Wrocław,Wrocław,dolnośląskie
51-004,Wrocław,Wrocław,Wrocław,dolnośląskie
51-001,Wrocław,Wrocław,Wrocław,dolnośląskie
52-421,Wrocław,Wrocław,Wrocław,dolnośląskie
53-238,Wrocław,Wrocław,Wrocław,dolnośląskie
54-116,Wrocław,Wrocław,Wrocław,dolnośląskie
51-010,Wrocław,Wrocław,Wrocław,dolnośląskie
50-212,Wrocław,Wrocław,Wrocław,dolnośląskie
50-508,Wrocław,Wrocław,Wrocław,dolnośląskie
53-513,Wrocław,Wrocław,Wrocław,dolnośląskie
53-339,Wrocław,Wrocław,Wrocław,dolnośląskie
51-612,Wrocław,Wrocław,Wrocław,dolnośląskie
50-569,Wrocław,Wrocław,Wrocław,dolnośląskie
51-639,Wrocław,Wrocław,Wrocław,dolnośląskie
51-616,Wrocław,Wrocław,Wrocław,dolnośląskie
53-031,Wrocław,Wrocław,Wrocław,dolnośląskie
51-675,Wrocław,Wrocław,Wrocław,dolnośląskie
51-679,Wrocław,Wrocław,Wrocław,dolnośląskie
50-367,Wrocław,Wrocław,Wrocław,dolnośląskie
50-247,Wrocław,Wrocław,Wrocław,dolnośląskie
51-651,Wrocław,Wrocław,Wrocław,dolnośląskie
52-239,Wrocław,Wrocław,Wrocław,dolnośląskie
53-604,Wrocław,Wrocław,Wrocław,dolnośląskie
53-431,Wrocław,Wrocław,Wrocław,dolnośląskie
53-443,Wrocław,Wrocław,Wrocław,dolnośląskie
53-444,Wrocław,Wrocław,Wrocław,dolnośląskie
53-430,Wrocław,Wrocław,Wrocław,dolnośląskie
50-018,Wrocław,Wrocław,Wrocław,dolnośląskie
52-419,Wrocław,Wrocław,Wrocław,dolnośląskie
52-434,Wrocław,Wrocław,Wrocław,dolnośląskie
50-568,Wrocław,Wrocław,Wrocław,dolnośląskie
52-417,Wrocław,Wrocław,Wrocław,dolnośląskie
50-158,Wrocław,Wrocław,Wrocław,dolnośląskie
50-359,Wrocław,Wrocław,Wrocław,dolnośląskie
52-424,Wrocław,Wrocław,Wrocław,dolnośląskie
52-425,Wrocław,Wrocław,Wrocław,dolnośląskie
54-512,Wrocław,Wrocław,Wrocław,dolnośląskie
51-674,Wrocław,Wrocław,Wrocław,dolnośląskie
50-506,Wrocław,Wrocław,Wrocław,dolnośląskie
54-150,Wrocław,Wrocław,Wrocław,dolnośląskie
51-052,Wrocław,Wrocław,Wrocław,dolnośląskie
50-048,Wrocław,Wrocław,Wrocław,dolnośląskie
50-049,Wrocław,Wrocław,Wrocław,dolnośląskie
50-033,Wrocław,Wrocław,Wrocław,dolnośląskie
50-044,Wrocław,Wrocław,Wrocław,dolnośląskie
50-032,Wrocław,Wrocław,Wrocław,dolnośląskie
50-020,Wrocław,Wrocław,Wrocław,dolnośląskie
50-019,Wrocław,Wrocław,Wrocław,dolnośląskie
50-017,Wrocław,Wrocław,Wrocław,dolnośląskie
50-016,Wrocław,Wrocław,Wrocław,dolnośląskie
50-014,Wrocław,Wrocław,Wrocław,dolnośląskie
50-085,Wrocław,Wrocław,Wrocław,dolnośląskie
54-618,Wrocław,Wrocław,Wrocław,dolnośląskie
53-213,Wrocław,Wrocław,Wrocław,dolnośląskie
50-574,Wrocław,Wrocław,Wrocław,dolnośląskie
51-321,Wrocław,Wrocław,Wrocław,dolnośląskie
51-680,Wrocław,Wrocław,Wrocław,dolnośląskie
54-002,Wrocław,Wrocław,Wrocław,dolnośląskie
53-512,Wrocław,Wrocław,Wrocław,dolnośląskie
53-313,Wrocław,Wrocław,Wrocław,dolnośląskie
53-320,Wrocław,Wrocław,Wrocław,dolnośląskie
53-208,Wrocław,Wrocław,Wrocław,dolnośląskie
50-042,Wrocław,Wrocław,Wrocław,dolnośląskie
50-040,Wrocław,Wrocław,Wrocław,dolnośląskie
50-039,Wrocław,Wrocław,Wrocław,dolnośląskie
50-010,Wrocław,Wrocław,Wrocław,dolnośląskie
50-213,Wrocław,Wrocław,Wrocław,dolnośląskie
51-123,Wrocław,Wrocław,Wrocław,dolnośląskie
50-379,Wrocław,Wrocław,Wrocław,dolnośląskie
53-403,Wrocław,Wrocław,Wrocław,dolnośląskie
53-026,Wrocław,Wrocław,Wrocław,dolnośląskie
50-215,Wrocław,Wrocław,Wrocław,dolnośląskie
50-218,Wrocław,Wrocław,Wrocław,dolnośląskie
50-216,Wrocław,Wrocław,Wrocław,dolnośląskie
50-219,Wrocław,Wrocław,Wrocław,dolnośląskie
50-217,Wrocław,Wrocław,Wrocław,dolnośląskie
50-326,Wrocław,Wrocław,Wrocław,dolnośląskie
54-236,Wrocław,Wrocław,Wrocław,dolnośląskie
54-237,Wrocław,Wrocław,Wrocław,dolnośląskie
54-238,Wrocław,Wrocław,Wrocław,dolnośląskie
54-105,Wrocław,Wrocław,Wrocław,dolnośląskie
53-329,Wrocław,Wrocław,Wrocław,dolnośląskie
53-332,Wrocław,Wrocław,Wrocław,dolnośląskie
53-314,Wrocław,Wrocław,Wrocław,dolnośląskie
53-333,Wrocław,Wrocław,Wrocław,dolnośląskie
53-317,Wrocław,Wrocław,Wrocław,dolnośląskie
53-315,Wrocław,Wrocław,Wrocław,dolnośląskie
53-138,Wrocław,Wrocław,Wrocław,dolnośląskie
53-139,Wrocław,Wrocław,Wrocław,dolnośląskie
53-140,Wrocław,Wrocław,Wrocław,dolnośląskie
50-232,Wrocław,Wrocław,Wrocław,dolnośląskie
53-631,Wrocław,Wrocław,Wrocław,dolnośląskie
53-630,Wrocław,Wrocław,Wrocław,dolnośląskie
53-233,Wrocław,Wrocław,Wrocław,dolnośląskie
53-231,Wrocław,Wrocław,Wrocław,dolnośląskie
53-232,Wrocław,Wrocław,Wrocław,dolnośląskie
50-434,Wrocław,Wrocław,Wrocław,dolnośląskie
50-433,Wrocław,Wrocław,Wrocław,dolnośląskie
53-328,Wrocław,Wrocław,Wrocław,dolnośląskie
54-025,Wrocław,Wrocław,Wrocław,dolnośląskie
53-509,Wrocław,Wrocław,Wrocław,dolnośląskie
50-319,Wrocław,Wrocław,Wrocław,dolnośląskie
50-317,Wrocław,Wrocław,Wrocław,dolnośląskie
50-318,Wrocław,Wrocław,Wrocław,dolnośląskie
50-316,Wrocław,Wrocław,Wrocław,dolnośląskie
51-125,Wrocław,Wrocław,Wrocław,dolnośląskie
51-211,Wrocław,Wrocław,Wrocław,dolnośląskie
50-107,Wrocław,Wrocław,Wrocław,dolnośląskie
53-153,Wrocław,Wrocław,Wrocław,dolnośląskie
52-333,Wrocław,Wrocław,Wrocław,dolnośląskie
50-534,Wrocław,Wrocław,Wrocław,dolnośląskie
50-533,Wrocław,Wrocław,Wrocław,dolnośląskie
51-148,Wrocław,Wrocław,Wrocław,dolnośląskie
53-030,Wrocław,Wrocław,Wrocław,dolnośląskie
50-080,Wrocław,Wrocław,Wrocław,dolnośląskie
53-506,Wrocław,Wrocław,Wrocław,dolnośląskie
54-312,Wrocław,Wrocław,Wrocław,dolnośląskie
51-628,Wrocław,Wrocław,Wrocław,dolnośląskie
50-445,Wrocław,Wrocław,Wrocław,dolnośląskie
50-446,Wrocław,Wrocław,Wrocław,dolnośląskie
50-444,Wrocław,Wrocław,Wrocław,dolnośląskie
53-116,Wrocław,Wrocław,Wrocław,dolnośląskie
50-155,Wrocław,Wrocław,Wrocław,dolnośląskie
53-149,Wrocław,Wrocław,Wrocław,dolnośląskie
53-146,Wrocław,Wrocław,Wrocław,dolnośląskie
53-336,Wrocław,Wrocław,Wrocław,dolnośląskie
54-615,Wrocław,Wrocław,Wrocław,dolnośląskie
50-106,Wrocław,Wrocław,Wrocław,dolnośląskie
50-101,Wrocław,Wrocław,Wrocław,dolnośląskie
50-102,Wrocław,Wrocław,Wrocław,dolnośląskie
50-116,Wrocław,Wrocław,Wrocław,dolnośląskie
50-354,Wrocław,Wrocław,Wrocław,dolnośląskie
50-343,Wrocław,Wrocław,Wrocław,dolnośląskie
50-015,Wrocław,Wrocław,Wrocław,dolnośląskie
50-225,Wrocław,Wrocław,Wrocław,dolnośląskie
53-607,Wrocław,Wrocław,Wrocław,dolnośląskie
53-608,Wrocław,Wrocław,Wrocław,dolnośląskie
54-607,Wrocław,Wrocław,Wrocław,dolnośląskie
53-029,Wrocław,Wrocław,Wrocław,dolnośląskie
54-440,Wrocław,Wrocław,Wrocław,dolnośląskie
53-214,Wrocław,Wrocław,Wrocław,dolnośląskie
50-236,Wrocław,Wrocław,Wrocław,dolnośląskie
50-334,Wrocław,Wrocław,Wrocław,dolnośląskie
51-608,Wrocław,Wrocław,Wrocław,dolnośląskie
50-571,Wrocław,Wrocław,Wrocław,dolnośląskie
50-248,Wrocław,Wrocław,Wrocław,dolnośląskie
50-129,Wrocław,Wrocław,Wrocław,dolnośląskie
50-132,Wrocław,Wrocław,Wrocław,dolnośląskie
50-130,Wrocław,Wrocław,Wrocław,dolnośląskie
53-304,Wrocław,Wrocław,Wrocław,dolnośląskie
53-151,Wrocław,Wrocław,Wrocław,dolnośląskie
50-046,Wrocław,Wrocław,Wrocław,dolnośląskie
51-660,Wrocław,Wrocław,Wrocław,dolnośląskie
51-661,Wrocław,Wrocław,Wrocław,dolnośląskie
50-351,Wrocław,Wrocław,Wrocław,dolnośląskie
51-214,Wrocław,Wrocław,Wrocław,dolnośląskie
50-228,Wrocław,Wrocław,Wrocław,dolnośląskie
50-335,Wrocław,Wrocław,Wrocław,dolnośląskie
50-349,Wrocław,Wrocław,Wrocław,dolnośląskie
50-348,Wrocław,Wrocław,Wrocław,dolnośląskie
50-346,Wrocław,Wrocław,Wrocław,dolnośląskie
50-347,Wrocław,Wrocław,Wrocław,dolnośląskie
51-537,Wrocław,Wrocław,Wrocław,dolnośląskie
53-659,Wrocław,Wrocław,Wrocław,dolnośląskie
53-025,Wrocław,Wrocław,Wrocław,dolnośląskie
50-209,Wrocław,Wrocław,Wrocław,dolnośląskie
54-071,Wrocław,Wrocław,Wrocław,dolnośląskie
53-303,Wrocław,Wrocław,Wrocław,dolnośląskie
53-521,Wrocław,Wrocław,Wrocław,dolnośląskie
53-522,Wrocław,Wrocław,Wrocław,dolnośląskie
52-335,Wrocław,Wrocław,Wrocław,dolnośląskie
50-406,Wrocław,Wrocław,Wrocław,dolnośląskie
50-411,Wrocław,Wrocław,Wrocław,dolnośląskie
50-234,Wrocław,Wrocław,Wrocław,dolnośląskie
50-235,Wrocław,Wrocław,Wrocław,dolnośląskie
53-615,Wrocław,Wrocław,Wrocław,dolnośląskie
52-433,Wrocław,Wrocław,Wrocław,dolnośląskie
52-228,Wrocław,Wrocław,Wrocław,dolnośląskie
53-147,Wrocław,Wrocław,Wrocław,dolnośląskie
53-145,Wrocław,Wrocław,Wrocław,dolnośląskie
53-136,Wrocław,Wrocław,Wrocław,dolnośląskie
53-676,Wrocław,Wrocław,Wrocław,dolnośląskie
53-660,Wrocław,Wrocław,Wrocław,dolnośląskie
53-661,Wrocław,Wrocław,Wrocław,dolnośląskie
50-060,Wrocław,Wrocław,Wrocław,dolnośląskie
50-061,Wrocław,Wrocław,Wrocław,dolnośląskie
50-062,Wrocław,Wrocław,Wrocław,dolnośląskie
50-063,Wrocław,Wrocław,Wrocław,dolnośląskie
52-401,Wrocław,Wrocław,Wrocław,dolnośląskie
52-416,Wrocław,Wrocław,Wrocław,dolnośląskie
54-015,Wrocław,Wrocław,Wrocław,dolnośląskie
52-008,Wrocław,Wrocław,Wrocław,dolnośląskie
50-562,Wrocław,Wrocław,Wrocław,dolnośląskie
50-563,Wrocław,Wrocław,Wrocław,dolnośląskie
50-565,Wrocław,Wrocław,Wrocław,dolnośląskie
50-564,Wrocław,Wrocław,Wrocław,dolnośląskie
53-436,Wrocław,Wrocław,Wrocław,dolnośląskie
54-043,Wrocław,Wrocław,Wrocław,dolnośląskie
53-613,Wrocław,Wrocław,Wrocław,dolnośląskie
53-433,Wrocław,Wrocław,Wrocław,dolnośląskie
53-438,Wrocław,Wrocław,Wrocław,dolnośląskie
53-440,Wrocław,Wrocław,Wrocław,dolnośląskie
50-078,Wrocław,Wrocław,Wrocław,dolnośląskie
52-423,Wrocław,Wrocław,Wrocław,dolnośląskie
52-431,Wrocław,Wrocław,Wrocław,dolnośląskie
54-231,Wrocław,Wrocław,Wrocław,dolnośląskie
54-241,Wrocław,Wrocław,Wrocław,dolnośląskie
50-223,Wrocław,Wrocław,Wrocław,dolnośląskie
50-221,Wrocław,Wrocław,Wrocław,dolnośląskie
50-222,Wrocław,Wrocław,Wrocław,dolnośląskie
54-211,Wrocław,Wrocław,Wrocław,dolnośląskie
51-511,Wrocław,Wrocław,Wrocław,dolnośląskie
51-518,Wrocław,Wrocław,Wrocław,dolnośląskie
53-611,Wrocław,Wrocław,Wrocław,dolnośląskie
54-428,Wrocław,Wrocław,Wrocław,dolnośląskie
54-429,Wrocław,Wrocław,Wrocław,dolnośląskie
54-430,Wrocław,Wrocław,Wrocław,dolnośląskie
54-432,Wrocław,Wrocław,Wrocław,dolnośląskie
54-431,Wrocław,Wrocław,Wrocław,dolnośląskie
53-681,Wrocław,Wrocław,Wrocław,dolnośląskie
50-224,Wrocław,Wrocław,Wrocław,dolnośląskie
53-525,Wrocław,Wrocław,Wrocław,dolnośląskie
53-526,Wrocław,Wrocław,Wrocław,dolnośląskie
53-528,Wrocław,Wrocław,Wrocław,dolnośląskie
53-527,Wrocław,Wrocław,Wrocław,dolnośląskie
53-530,Wrocław,Wrocław,Wrocław,dolnośląskie
53-529,Wrocław,Wrocław,Wrocław,dolnośląskie
50-086,Wrocław,Wrocław,Wrocław,dolnośląskie
52-205,Wrocław,Wrocław,Wrocław,dolnośląskie
53-128,Wrocław,Wrocław,Wrocław,dolnośląskie
53-129,Wrocław,Wrocław,Wrocław,dolnośląskie
50-088,Wrocław,Wrocław,Wrocław,dolnośląskie
50-089,Wrocław,Wrocław,Wrocław,dolnośląskie
51-319,Wrocław,Wrocław,Wrocław,dolnośląskie
52-113,Wrocław,Wrocław,Wrocław,dolnośląskie
51-692,Wrocław,Wrocław,Wrocław,dolnośląskie
52-245,Wrocław,Wrocław,Wrocław,dolnośląskie
54-517,Wrocław,Wrocław,Wrocław,dolnośląskie
53-655,Wrocław,Wrocław,Wrocław,dolnośląskie
53-445,Wrocław,Wrocław,Wrocław,dolnośląskie
53-446,Wrocław,Wrocław,Wrocław,dolnośląskie
53-337,Wrocław,Wrocław,Wrocław,dolnośląskie
53-418,Wrocław,Wrocław,Wrocław,dolnośląskie
50-382,Wrocław,Wrocław,Wrocław,dolnośląskie
51-350,Wrocław,Wrocław,Wrocław,dolnośląskie
50-053,Wrocław,Wrocław,Wrocław,dolnośląskie
50-122,Wrocław,Wrocław,Wrocław,dolnośląskie
50-139,Wrocław,Wrocław,Wrocław,dolnośląskie
50-121,Wrocław,Wrocław,Wrocław,dolnośląskie
50-054,Wrocław,Wrocław,Wrocław,dolnośląskie
54-138,Wrocław,Wrocław,Wrocław,dolnośląskie
53-207,Wrocław,Wrocław,Wrocław,dolnośląskie
53-511,Wrocław,Wrocław,Wrocław,dolnośląskie
53-327,Wrocław,Wrocław,Wrocław,dolnośląskie
53-321,Wrocław,Wrocław,Wrocław,dolnośląskie
53-310,Wrocław,Wrocław,Wrocław,dolnośląskie
51-683,Wrocław,Wrocław,Wrocław,dolnośląskie
53-642,Wrocław,Wrocław,Wrocław,dolnośląskie
53-628,Wrocław,Wrocław,Wrocław,dolnośląskie
53-629,Wrocław,Wrocław,Wrocław,dolnośląskie
53-301,Wrocław,Wrocław,Wrocław,dolnośląskie
53-302,Wrocław,Wrocław,Wrocław,dolnośląskie
53-306,Wrocław,Wrocław,Wrocław,dolnośląskie
53-111,Wrocław,Wrocław,Wrocław,dolnośląskie
53-305,Wrocław,Wrocław,Wrocław,dolnośląskie
53-110,Wrocław,Wrocław,Wrocław,dolnośląskie
53-113,Wrocław,Wrocław,Wrocław,dolnośląskie
53-112,Wrocław,Wrocław,Wrocław,dolnośląskie
50-566,Wrocław,Wrocław,Wrocław,dolnośląskie
52-414,Wrocław,Wrocław,Wrocław,dolnośląskie
54-001,Wrocław,Wrocław,Wrocław,dolnośląskie
54-017,Wrocław,Wrocław,Wrocław,dolnośląskie
53-662,Wrocław,Wrocław,Wrocław,dolnośląskie
51-524,Wrocław,Wrocław,Wrocław,dolnośląskie
50-256,Wrocław,Wrocław,Wrocław,dolnośląskie
50-064,Wrocław,Wrocław,Wrocław,dolnośląskie
50-067,Wrocław,Wrocław,Wrocław,dolnośląskie
50-068,Wrocław,Wrocław,Wrocław,dolnośląskie
50-066,Wrocław,Wrocław,Wrocław,dolnośląskie
50-030,Wrocław,Wrocław,Wrocław,dolnośląskie
54-076,Wrocław,Wrocław,Wrocław,dolnośląskie
52-021,Wrocław,Wrocław,Wrocław,dolnośląskie
51-516,Wrocław,Wrocław,Wrocław,dolnośląskie
50-055,Wrocław,Wrocław,Wrocław,dolnośląskie
53-601,Wrocław,Wrocław,Wrocław,dolnośląskie
53-602,Wrocław,Wrocław,Wrocław,dolnośląskie
53-603,Wrocław,Wrocław,Wrocław,dolnośląskie
50-523,Wrocław,Wrocław,Wrocław,dolnośląskie
51-414,Wrocław,Wrocław,Wrocław,dolnośląskie
50-416,Wrocław,Wrocław,Wrocław,dolnośląskie
50-402,Wrocław,Wrocław,Wrocław,dolnośląskie
50-418,Wrocław,Wrocław,Wrocław,dolnośląskie
50-417,Wrocław,Wrocław,Wrocław,dolnośląskie
50-420,Wrocław,Wrocław,Wrocław,dolnośląskie
50-419,Wrocław,Wrocław,Wrocław,dolnośląskie
52-430,Wrocław,Wrocław,Wrocław,dolnośląskie
53-335,Wrocław,Wrocław,Wrocław,dolnośląskie
50-245,Wrocław,Wrocław,Wrocław,dolnośląskie
50-246,Wrocław,Wrocław,Wrocław,dolnośląskie
53-679,Wrocław,Wrocław,Wrocław,dolnośląskie
52-222,Wrocław,Wrocław,Wrocław,dolnośląskie
53-144,Wrocław,Wrocław,Wrocław,dolnośląskie
50-145,Wrocław,Wrocław,Wrocław,dolnośląskie
50-341,Wrocław,Wrocław,Wrocław,dolnośląskie
53-141,Wrocław,Wrocław,Wrocław,dolnośląskie
50-413,Wrocław,Wrocław,Wrocław,dolnośląskie
50-544,Wrocław,Wrocław,Wrocław,dolnośląskie
54-704,Wrocław,Wrocław,Wrocław,dolnośląskie
53-114,Wrocław,Wrocław,Wrocław,dolnośląskie
50-535,Wrocław,Wrocław,Wrocław,dolnośląskie
51-050,Wrocław,Wrocław,Wrocław,dolnośląskie
52-111,Wrocław,Wrocław,Wrocław,dolnośląskie
53-127,Wrocław,Wrocław,Wrocław,dolnośląskie
53-119,Wrocław,Wrocław,Wrocław,dolnośląskie
53-027,Wrocław,Wrocław,Wrocław,dolnośląskie
51-230,Wrocław,Wrocław,Wrocław,dolnośląskie
50-543,Wrocław,Wrocław,Wrocław,dolnośląskie
50-052,Wrocław,Wrocław,Wrocław,dolnośląskie
52-411,Wrocław,Wrocław,Wrocław,dolnośląskie
53-417,Wrocław,Wrocław,Wrocław,dolnośląskie
53-341,Wrocław,Wrocław,Wrocław,dolnośląskie
53-338,Wrocław,Wrocław,Wrocław,dolnośląskie
53-340,Wrocław,Wrocław,Wrocław,dolnośląskie
50-431,Wrocław,Wrocław,Wrocław,dolnośląskie
50-118,Wrocław,Wrocław,Wrocław,dolnośląskie
51-206,Wrocław,Wrocław,Wrocław,dolnośląskie
51-512,Wrocław,Wrocław,Wrocław,dolnośląskie
50-252,Wrocław,Wrocław,Wrocław,dolnośląskie
50-253,Wrocław,Wrocław,Wrocław,dolnośląskie
50-251,Wrocław,Wrocław,Wrocław,dolnośląskie
54-219,Wrocław,Wrocław,Wrocław,dolnośląskie
53-137,Wrocław,Wrocław,Wrocław,dolnośląskie
50-202,Wrocław,Wrocław,Wrocław,dolnośląskie
50-243,Wrocław,Wrocław,Wrocław,dolnośląskie
52-017,Wrocław,Wrocław,Wrocław,dolnośląskie
54-050,Wrocław,Wrocław,Wrocław,dolnośląskie
50-448,Wrocław,Wrocław,Wrocław,dolnośląskie
50-380,Wrocław,Wrocław,Wrocław,dolnośląskie
51-627,Wrocław,Wrocław,Wrocław,dolnośląskie
50-370,Wrocław,Wrocław,Wrocław,dolnośląskie
50-330,Wrocław,Wrocław,Wrocław,dolnośląskie
50-331,Wrocław,Wrocław,Wrocław,dolnośląskie
50-332,Wrocław,Wrocław,Wrocław,dolnośląskie
50-307,Wrocław,Wrocław,Wrocław,dolnośląskie
53-011,Wrocław,Wrocław,Wrocław,dolnośląskie
53-012,Wrocław,Wrocław,Wrocław,dolnośląskie
52-336,Wrocław,Wrocław,Wrocław,dolnośląskie
53-643,Wrocław,Wrocław,Wrocław,dolnośląskie
53-644,Wrocław,Wrocław,Wrocław,dolnośląskie
53-622,Wrocław,Wrocław,Wrocław,dolnośląskie
54-221,Wrocław,Wrocław,Wrocław,dolnośląskie
51-318,Wrocław,Wrocław,Wrocław,dolnośląskie
52-029,Wrocław,Wrocław,Wrocław,dolnośląskie
53-334,Wrocław,Wrocław,Wrocław,dolnośląskie
53-517,Wrocław,Wrocław,Wrocław,dolnośląskie
53-518,Wrocław,Wrocław,Wrocław,dolnośląskie
53-520,Wrocław,Wrocław,Wrocław,dolnośląskie
53-519,Wrocław,Wrocław,Wrocław,dolnośląskie
53-523,Wrocław,Wrocław,Wrocław,dolnośląskie
53-416,Wrocław,Wrocław,Wrocław,dolnośląskie
53-415,Wrocław,Wrocław,Wrocław,dolnośląskie
53-309,Wrocław,Wrocław,Wrocław,dolnośląskie
51-118,Wrocław,Wrocław,Wrocław,dolnośląskie
51-139,Wrocław,Wrocław,Wrocław,dolnośląskie
50-432,Wrocław,Wrocław,Wrocław,dolnośląskie
53-531,Wrocław,Wrocław,Wrocław,dolnośląskie
53-532,Wrocław,Wrocław,Wrocław,dolnośląskie
53-533,Wrocław,Wrocław,Wrocław,dolnośląskie
53-534,Wrocław,Wrocław,Wrocław,dolnośląskie
50-507,Wrocław,Wrocław,Wrocław,dolnośląskie
52-409,Wrocław,Wrocław,Wrocław,dolnośląskie
53-033,Wrocław,Wrocław,Wrocław,dolnośląskie
50-542,Wrocław,Wrocław,Wrocław,dolnośląskie
53-427,Wrocław,Wrocław,Wrocław,dolnośląskie
53-428,Wrocław,Wrocław,Wrocław,dolnośląskie
53-429,Wrocław,Wrocław,Wrocław,dolnośląskie
50-321,Wrocław,Wrocław,Wrocław,dolnośląskie
50-312,Wrocław,Wrocław,Wrocław,dolnośląskie
51-119,Wrocław,Wrocław,Wrocław,dolnośląskie
51-131,Wrocław,Wrocław,Wrocław,dolnośląskie
51-130,Wrocław,Wrocław,Wrocław,dolnośląskie
51-129,Wrocław,Wrocław,Wrocław,dolnośląskie
54-229,Wrocław,Wrocław,Wrocław,dolnośląskie
54-621,Wrocław,Wrocław,Wrocław,dolnośląskie
39-433,Wrzawy,Gorzyce,tarnobrzeski,podkarpackie
38-534,Wujskie,Sanok,sanocki,podkarpackie
77-326,Wyczechy,Czarne,człuchowski,pomorskie
43-175,Wyry,Wyry,mikołowski,śląskie
36-061,Wysoka,Małopolski,rzeszowski,podkarpackie
52-327,Zabrodzie,Wrocławskie,wrocławski,dolnośląskie
41-806,Zabrze,Zabrze,Zabrze,śląskie
41-800,Zabrze,Zabrze,Zabrze,śląskie
41-808,Zabrze,Zabrze,Zabrze,śląskie
41-818,Zabrze,Zabrze,Zabrze,śląskie
41-807,Zabrze,Zabrze,Zabrze,śląskie
41-814,Zabrze,Zabrze,Zabrze,śląskie
41-813,Zabrze,Zabrze,Zabrze,śląskie
41-819,Zabrze,Zabrze,Zabrze,śląskie
41-803,Zabrze,Zabrze,Zabrze,śląskie
41-810,Zabrze,Zabrze,Zabrze,śląskie
41-809,Zabrze,Zabrze,Zabrze,śląskie
41-811,Zabrze,Zabrze,Zabrze,śląskie
41-850,Zabrze,Zabrze,Zabrze,śląskie
43-516,Zabrzeg,Czechowice-Dziedzice,bielski,śląskie
36-062,Zaczernie,Trzebownisko,rzeszowski,podkarpackie
87-612,Zaduszniki,Wielgie,lipnowski,kujawsko-pomorskie
32-555,Zagórze,Babice,chrzanowski,małopolskie
39-224,Zagórze,Jodłowa,dębicki,podkarpackie
22-206,Zahajki,Wyryki,włodawski,lubelskie
34-500,Zakopane,Zakopane,tatrzański,małopolskie
33-159,Zalasowa,Ryglice,tarnowski,małopolskie
10-370,Zalbki,Dywity,olsztyński,warmińsko-mazurskie
33-263,Zalipie,Olesno,dąbrowski,małopolskie
36-041,Zarzecze,Boguchwała,rzeszowski,podkarpackie
15-521,Zaścianki,Grabówka,białostocki,podlaskie
47-120,Zawadzkie,Zawadzkie,strzelecki,opolskie
42-400,Zawiercie,Zawiercie,zawierciański,śląskie
42-431,Zawiercie,Zawiercie,zawierciański,śląskie
34-222,Zawoja,Zawoja,suski,małopolskie
05-091,Ząbki,Ząbki,wołomiński,mazowieckie
05-131,Zegrze,Serock,legionowski,mazowieckie
05-130,Zegrze,Nieporęt,legionowski,mazowieckie
64-812,Zelgniewo,Kaczory,pilski,wielkopolskie
83-208,Zelgoszcz,Lubichowo,starogardzki,pomorskie
87-891,Zgłowiączka,Lubraniec,włocławski,kujawsko-pomorskie
06-405,Zielona,Krasne,przasnyski,mazowieckie
65-012,Zielona,Zielona,Góra,lubuskie
65-780,Zielona,Zielona,Góra,lubuskie
65-027,Zielona,Zielona,Góra,lubuskie
65-240,Zielona,Zielona,Góra,lubuskie
65-126,Zielona,Zielona,Góra,lubuskie
65-326,Zielona,Zielona,Góra,lubuskie
65-805,Zielona,Zielona,Góra,lubuskie
65-803,Zielona,Zielona,Góra,lubuskie
65-048,Zielona,Zielona,Góra,lubuskie
65-042,Zielona,Zielona,Góra,lubuskie
65-077,Zielona,Zielona,Góra,lubuskie
65-764,Zielona,Zielona,Góra,lubuskie
65-762,Zielona,Zielona,Góra,lubuskie
65-329,Zielona,Zielona,Góra,lubuskie
65-128,Zielona,Zielona,Góra,lubuskie
65-147,Zielona,Zielona,Góra,lubuskie
65-155,Zielona,Zielona,Góra,lubuskie
65-556,Zielona,Zielona,Góra,lubuskie
65-548,Zielona,Zielona,Góra,lubuskie
65-323,Zielona,Zielona,Góra,lubuskie
66-004,Zielona,Zielona,Góra,lubuskie
65-160,Zielona,Zielona,Góra,lubuskie
65-049,Zielona,Zielona,Góra,lubuskie
65-035,Zielona,Zielona,Góra,lubuskie
65-170,Zielona,Zielona,Góra,lubuskie
65-324,Zielona,Zielona,Góra,lubuskie
65-169,Zielona,Zielona,Góra,lubuskie
65-133,Zielona,Zielona,Góra,lubuskie
65-505,Zielona,Zielona,Góra,lubuskie
65-374,Zielona,Zielona,Góra,lubuskie
65-088,Zielona,Zielona,Góra,lubuskie
65-034,Zielona,Zielona,Góra,lubuskie
65-001,Zielona,Zielona,Góra,lubuskie
65-078,Zielona,Zielona,Góra,lubuskie
65-043,Zielona,Zielona,Góra,lubuskie
65-052,Zielona,Zielona,Góra,lubuskie
65-039,Zielona,Zielona,Góra,lubuskie
65-124,Zielona,Zielona,Góra,lubuskie
65-307,Zielona,Zielona,Góra,lubuskie
65-306,Zielona,Zielona,Góra,lubuskie
65-392,Zielona,Zielona,Góra,lubuskie
65-273,Zielona,Zielona,Góra,lubuskie
65-849,Zielona,Zielona,Góra,lubuskie
65-309,Zielona,Zielona,Góra,lubuskie
65-386,Zielona,Zielona,Góra,lubuskie
65-945,Zielona,Zielona,Góra,lubuskie
65-122,Zielona,Zielona,Góra,lubuskie
65-423,Zielona,Zielona,Góra,lubuskie
65-211,Zielona,Zielona,Góra,lubuskie
65-954,Zielona,Zielona,Góra,lubuskie
65-140,Zielona,Zielona,Góra,lubuskie
65-713,Zielona,Zielona,Góra,lubuskie
65-127,Zielona,Zielona,Góra,lubuskie
65-261,Zielona,Zielona,Góra,lubuskie
65-344,Zielona,Zielona,Góra,lubuskie
65-031,Zielona,Zielona,Góra,lubuskie
65-032,Zielona,Zielona,Góra,lubuskie
65-138,Zielona,Zielona,Góra,lubuskie
65-037,Zielona,Zielona,Góra,lubuskie
65-063,Zielona,Zielona,Góra,lubuskie
65-059,Zielona,Zielona,Góra,lubuskie
65-960,Zielona,Zielona,Góra,lubuskie
65-831,Zielona,Zielona,Góra,lubuskie
65-533,Zielona,Zielona,Góra,lubuskie
65-502,Zielona,Zielona,Góra,lubuskie
65-850,Zielona,Zielona,Góra,lubuskie
65-021,Zielona,Zielona,Góra,lubuskie
65-096,Zielona,Zielona,Góra,lubuskie
65-544,Zielona,Zielona,Góra,lubuskie
65-401,Zielona,Zielona,Góra,lubuskie
65-154,Zielona,Zielona,Góra,lubuskie
65-180,Zielona,Zielona,Góra,lubuskie
65-373,Zielona,Zielona,Góra,lubuskie
65-060,Zielona,Zielona,Góra,lubuskie
65-121,Zielona,Zielona,Góra,lubuskie
65-019,Zielona,Zielona,Góra,lubuskie
65-767,Zielona,Zielona,Góra,lubuskie
65-181,Zielona,Zielona,Góra,lubuskie
65-364,Zielona,Zielona,Góra,lubuskie
65-730,Zielona,Zielona,Góra,lubuskie
65-729,Zielona,Zielona,Góra,lubuskie
65-410,Zielona,Zielona,Góra,lubuskie
65-463,Zielona,Zielona,Góra,lubuskie
65-336,Zielona,Zielona,Góra,lubuskie
65-622,Zielona,Zielona,Góra,lubuskie
65-341,Zielona,Zielona,Góra,lubuskie
65-751,Zielona,Zielona,Góra,lubuskie
65-786,Zielona,Zielona,Góra,lubuskie
65-941,Zielona,Zielona,Góra,lubuskie
65-267,Zielona,Zielona,Góra,lubuskie
65-339,Zielona,Zielona,Góra,lubuskie
65-224,Zielona,Zielona,Góra,lubuskie
65-301,Zielona,Zielona,Góra,lubuskie
65-552,Zielona,Zielona,Góra,lubuskie
65-337,Zielona,Zielona,Góra,lubuskie
65-269,Zielona,Zielona,Góra,lubuskie
65-325,Zielona,Zielona,Góra,lubuskie
65-270,Zielona,Zielona,Góra,lubuskie
65-415,Zielona,Zielona,Góra,lubuskie
65-328,Zielona,Zielona,Góra,lubuskie
65-338,Zielona,Zielona,Góra,lubuskie
65-343,Zielona,Zielona,Góra,lubuskie
65-130,Zielona,Zielona,Góra,lubuskie
65-739,Zielona,Zielona,Góra,lubuskie
65-334,Zielona,Zielona,Góra,lubuskie
65-065,Zielona,Zielona,Góra,lubuskie
65-371,Zielona,Zielona,Góra,lubuskie
65-390,Zielona,Zielona,Góra,lubuskie
65-071,Zielona,Zielona,Góra,lubuskie
65-014,Zielona,Zielona,Góra,lubuskie
66-001,Zielona,Zielona,Góra,lubuskie
66-006,Zielona,Zielona,Góra,lubuskie
65-453,Zielona,Zielona,Góra,lubuskie
65-465,Zielona,Zielona,Góra,lubuskie
65-518,Zielona,Zielona,Góra,lubuskie
65-470,Zielona,Zielona,Góra,lubuskie
65-131,Zielona,Zielona,Góra,lubuskie
65-018,Zielona,Zielona,Góra,lubuskie
65-090,Zielona,Zielona,Góra,lubuskie
65-139,Zielona,Zielona,Góra,lubuskie
65-135,Zielona,Zielona,Góra,lubuskie
65-304,Zielona,Zielona,Góra,lubuskie
65-385,Zielona,Zielona,Góra,lubuskie
65-120,Zielona,Zielona,Góra,lubuskie
65-634,Zielona,Zielona,Góra,lubuskie
65-074,Zielona,Zielona,Góra,lubuskie
65-381,Zielona,Zielona,Góra,lubuskie
65-047,Zielona,Zielona,Góra,lubuskie
65-383,Zielona,Zielona,Góra,lubuskie
65-378,Zielona,Zielona,Góra,lubuskie
65-508,Zielona,Zielona,Góra,lubuskie
65-215,Zielona,Zielona,Góra,lubuskie
65-322,Zielona,Zielona,Góra,lubuskie
66-002,Zielona,Zielona,Góra,lubuskie
65-183,Zielona,Zielona,Góra,lubuskie
65-029,Zielona,Zielona,Góra,lubuskie
65-123,Zielona,Zielona,Góra,lubuskie
65-081,Zielona,Zielona,Góra,lubuskie
65-038,Zielona,Zielona,Góra,lubuskie
65-511,Zielona,Zielona,Góra,lubuskie
65-190,Zielona,Zielona,Góra,lubuskie
65-187,Zielona,Zielona,Góra,lubuskie
65-407,Zielona,Zielona,Góra,lubuskie
65-119,Zielona,Zielona,Góra,lubuskie
65-327,Zielona,Zielona,Góra,lubuskie
65-310,Zielona,Zielona,Góra,lubuskie
65-064,Zielona,Zielona,Góra,lubuskie
65-303,Zielona,Zielona,Góra,lubuskie
65-249,Zielona,Zielona,Góra,lubuskie
65-094,Zielona,Zielona,Góra,lubuskie
65-512,Zielona,Zielona,Góra,lubuskie
65-733,Zielona,Zielona,Góra,lubuskie
65-448,Zielona,Zielona,Góra,lubuskie
65-449,Zielona,Zielona,Góra,lubuskie
65-055,Zielona,Zielona,Góra,lubuskie
65-770,Zielona,Zielona,Góra,lubuskie
65-778,Zielona,Zielona,Góra,lubuskie
65-625,Zielona,Zielona,Góra,lubuskie
65-201,Zielona,Zielona,Góra,lubuskie
65-003,Zielona,Zielona,Góra,lubuskie
65-372,Zielona,Zielona,Góra,lubuskie
65-534,Zielona,Zielona,Góra,lubuskie
65-472,Zielona,Zielona,Góra,lubuskie
65-426,Zielona,Zielona,Góra,lubuskie
65-058,Zielona,Zielona,Góra,lubuskie
65-740,Zielona,Zielona,Góra,lubuskie
65-345,Zielona,Zielona,Góra,lubuskie
65-794,Zielona,Zielona,Góra,lubuskie
65-264,Zielona,Zielona,Góra,lubuskie
65-417,Zielona,Zielona,Góra,lubuskie
65-028,Zielona,Zielona,Góra,lubuskie
65-093,Zielona,Zielona,Góra,lubuskie
65-072,Zielona,Zielona,Góra,lubuskie
65-265,Zielona,Zielona,Góra,lubuskie
65-742,Zielona,Zielona,Góra,lubuskie
65-225,Zielona,Zielona,Góra,lubuskie
65-501,Zielona,Zielona,Góra,lubuskie
65-004,Zielona,Zielona,Góra,lubuskie
65-601,Zielona,Zielona,Góra,lubuskie
65-654,Zielona,Zielona,Góra,lubuskie
65-311,Zielona,Zielona,Góra,lubuskie
65-404,Zielona,Zielona,Góra,lubuskie
65-382,Zielona,Zielona,Góra,lubuskie
65-125,Zielona,Zielona,Góra,lubuskie
65-784,Zielona,Zielona,Góra,lubuskie
65-073,Zielona,Zielona,Góra,lubuskie
65-068,Zielona,Zielona,Góra,lubuskie
65-053,Zielona,Zielona,Góra,lubuskie
65-040,Zielona,Zielona,Góra,lubuskie
65-266,Zielona,Zielona,Góra,lubuskie
65-602,Zielona,Zielona,Góra,lubuskie
65-085,Zielona,Zielona,Góra,lubuskie
65-384,Zielona,Zielona,Góra,lubuskie
65-409,Zielona,Zielona,Góra,lubuskie
65-561,Zielona,Zielona,Góra,lubuskie
65-434,Zielona,Zielona,Góra,lubuskie
65-406,Zielona,Zielona,Góra,lubuskie
65-212,Zielona,Zielona,Góra,lubuskie
65-705,Zielona,Zielona,Góra,lubuskie
65-664,Zielona,Zielona,Góra,lubuskie
65-245,Zielona,Zielona,Góra,lubuskie
65-246,Zielona,Zielona,Góra,lubuskie
65-525,Zielona,Zielona,Góra,lubuskie
65-752,Zielona,Zielona,Góra,lubuskie
65-736,Zielona,Zielona,Góra,lubuskie
65-462,Zielona,Zielona,Góra,lubuskie
65-461,Zielona,Zielona,Góra,lubuskie
65-516,Zielona,Zielona,Góra,lubuskie
65-559,Zielona,Zielona,Góra,lubuskie
65-823,Zielona,Zielona,Góra,lubuskie
65-755,Zielona,Zielona,Góra,lubuskie
65-132,Zielona,Zielona,Góra,lubuskie
65-785,Zielona,Zielona,Góra,lubuskie
65-547,Zielona,Zielona,Góra,lubuskie
65-268,Zielona,Zielona,Góra,lubuskie
65-411,Zielona,Zielona,Góra,lubuskie
65-391,Zielona,Zielona,Góra,lubuskie
65-332,Zielona,Zielona,Góra,lubuskie
65-433,Zielona,Zielona,Góra,lubuskie
65-503,Zielona,Zielona,Góra,lubuskie
65-204,Zielona,Zielona,Góra,lubuskie
65-209,Zielona,Zielona,Góra,lubuskie
65-515,Zielona,Zielona,Góra,lubuskie
65-054,Zielona,Zielona,Góra,lubuskie
65-223,Zielona,Zielona,Góra,lubuskie
65-939,Zielona,Zielona,Góra,lubuskie
65-315,Zielona,Zielona,Góra,lubuskie
65-358,Zielona,Zielona,Góra,lubuskie
65-050,Zielona,Zielona,Góra,lubuskie
65-056,Zielona,Zielona,Góra,lubuskie
65-020,Zielona,Zielona,Góra,lubuskie
65-305,Zielona,Zielona,Góra,lubuskie
65-075,Zielona,Zielona,Góra,lubuskie
65-069,Zielona,Zielona,Góra,lubuskie
65-395,Zielona,Zielona,Góra,lubuskie
65-104,Zielona,Zielona,Góra,lubuskie
65-057,Zielona,Zielona,Góra,lubuskie
65-213,Zielona,Zielona,Góra,lubuskie
65-389,Zielona,Zielona,Góra,lubuskie
65-557,Zielona,Zielona,Góra,lubuskie
65-017,Zielona,Zielona,Góra,lubuskie
65-312,Zielona,Zielona,Góra,lubuskie
65-790,Zielona,Zielona,Góra,lubuskie
65-153,Zielona,Zielona,Góra,lubuskie
65-807,Zielona,Zielona,Góra,lubuskie
65-137,Zielona,Zielona,Góra,lubuskie
65-783,Zielona,Zielona,Góra,lubuskie
65-272,Zielona,Zielona,Góra,lubuskie
65-412,Zielona,Zielona,Góra,lubuskie
65-087,Zielona,Zielona,Góra,lubuskie
66-015,Zielona,Zielona,Góra,lubuskie
65-520,Zielona,Zielona,Góra,lubuskie
65-308,Zielona,Zielona,Góra,lubuskie
65-254,Zielona,Zielona,Góra,lubuskie
65-747,Zielona,Zielona,Góra,lubuskie
65-076,Zielona,Zielona,Góra,lubuskie
65-331,Zielona,Zielona,Góra,lubuskie
65-734,Zielona,Zielona,Góra,lubuskie
65-610,Zielona,Zielona,Góra,lubuskie
65-015,Zielona,Zielona,Góra,lubuskie
65-231,Zielona,Zielona,Góra,lubuskie
65-443,Zielona,Zielona,Góra,lubuskie
65-431,Zielona,Zielona,Góra,lubuskie
65-454,Zielona,Zielona,Góra,lubuskie
65-450,Zielona,Zielona,Góra,lubuskie
65-416,Zielona,Zielona,Góra,lubuskie
65-340,Zielona,Zielona,Góra,lubuskie
65-010,Zielona,Zielona,Góra,lubuskie
65-437,Zielona,Zielona,Góra,lubuskie
65-002,Zielona,Zielona,Góra,lubuskie
65-388,Zielona,Zielona,Góra,lubuskie
65-510,Zielona,Zielona,Góra,lubuskie
65-220,Zielona,Zielona,Góra,lubuskie
65-507,Zielona,Zielona,Góra,lubuskie
65-419,Zielona,Zielona,Góra,lubuskie
65-045,Zielona,Zielona,Góra,lubuskie
65-177,Zielona,Zielona,Góra,lubuskie
65-082,Zielona,Zielona,Góra,lubuskie
65-436,Zielona,Zielona,Góra,lubuskie
65-067,Zielona,Zielona,Góra,lubuskie
65-175,Zielona,Zielona,Góra,lubuskie
65-176,Zielona,Zielona,Góra,lubuskie
65-084,Zielona,Zielona,Góra,lubuskie
65-083,Zielona,Zielona,Góra,lubuskie
65-735,Zielona,Zielona,Góra,lubuskie
65-442,Zielona,Zielona,Góra,lubuskie
65-101,Zielona,Zielona,Góra,lubuskie
65-452,Zielona,Zielona,Góra,lubuskie
65-562,Zielona,Zielona,Góra,lubuskie
65-022,Zielona,Zielona,Góra,lubuskie
65-318,Zielona,Zielona,Góra,lubuskie
65-247,Zielona,Zielona,Góra,lubuskie
65-414,Zielona,Zielona,Góra,lubuskie
65-097,Zielona,Zielona,Góra,lubuskie
65-089,Zielona,Zielona,Góra,lubuskie
65-115,Zielona,Zielona,Góra,lubuskie
65-222,Zielona,Zielona,Góra,lubuskie
65-114,Zielona,Zielona,Góra,lubuskie
65-025,Zielona,Zielona,Góra,lubuskie
65-129,Zielona,Zielona,Góra,lubuskie
65-441,Zielona,Zielona,Góra,lubuskie
65-418,Zielona,Zielona,Góra,lubuskie
65-413,Zielona,Zielona,Góra,lubuskie
65-033,Zielona,Zielona,Góra,lubuskie
65-980,Zielona,Zielona,Góra,lubuskie
65-342,Zielona,Zielona,Góra,lubuskie
65-095,Zielona,Zielona,Góra,lubuskie
65-182,Zielona,Zielona,Góra,lubuskie
65-377,Zielona,Zielona,Góra,lubuskie
65-044,Zielona,Zielona,Góra,lubuskie
65-191,Zielona,Zielona,Góra,lubuskie
65-432,Zielona,Zielona,Góra,lubuskie
65-405,Zielona,Zielona,Góra,lubuskie
65-007,Zielona,Zielona,Góra,lubuskie
65-766,Zielona,Zielona,Góra,lubuskie
65-609,Zielona,Zielona,Góra,lubuskie
65-760,Zielona,Zielona,Góra,lubuskie
65-376,Zielona,Zielona,Góra,lubuskie
65-238,Zielona,Zielona,Góra,lubuskie
65-366,Zielona,Zielona,Góra,lubuskie
65-517,Zielona,Zielona,Góra,lubuskie
65-540,Zielona,Zielona,Góra,lubuskie
65-229,Zielona,Zielona,Góra,lubuskie
65-221,Zielona,Zielona,Góra,lubuskie
65-335,Zielona,Zielona,Góra,lubuskie
65-427,Zielona,Zielona,Góra,lubuskie
65-218,Zielona,Zielona,Góra,lubuskie
65-380,Zielona,Zielona,Góra,lubuskie
65-519,Zielona,Zielona,Góra,lubuskie
65-036,Zielona,Zielona,Góra,lubuskie
65-536,Zielona,Zielona,Góra,lubuskie
65-775,Zielona,Zielona,Góra,lubuskie
65-792,Zielona,Zielona,Góra,lubuskie
65-167,Zielona,Zielona,Góra,lubuskie
65-179,Zielona,Zielona,Góra,lubuskie
65-186,Zielona,Zielona,Góra,lubuskie
65-086,Zielona,Zielona,Góra,lubuskie
65-255,Zielona,Zielona,Góra,lubuskie
65-530,Zielona,Zielona,Góra,lubuskie
65-528,Zielona,Zielona,Góra,lubuskie
65-387,Zielona,Zielona,Góra,lubuskie
65-375,Zielona,Zielona,Góra,lubuskie
65-142,Zielona,Zielona,Góra,lubuskie
65-421,Zielona,Zielona,Góra,lubuskie
65-256,Zielona,Zielona,Góra,lubuskie
65-253,Zielona,Zielona,Góra,lubuskie
65-707,Zielona,Zielona,Góra,lubuskie
65-109,Zielona,Zielona,Góra,lubuskie
65-046,Zielona,Zielona,Góra,lubuskie
65-106,Zielona,Zielona,Góra,lubuskie
65-158,Zielona,Zielona,Góra,lubuskie
65-066,Zielona,Zielona,Góra,lubuskie
65-936,Zielona,Zielona,Góra,lubuskie
65-506,Zielona,Zielona,Góra,lubuskie
65-368,Zielona,Zielona,Góra,lubuskie
05-220,Zielonka,Zielonka,wołomiński,mazowieckie
32-859,Złota,Czchów,brzeski,małopolskie
34-484,Zubrzyca,Jabłonka,nowotarski,małopolskie
48-145,Zubrzyce,Głubczyce,głubczycki,opolskie
87-516,Żałe,Brzuze,rypiński,kujawsko-pomorskie
32-593,Żarki,Libiąż,chrzanowski,małopolskie
44-240,Żory,Żory,Żory,śląskie
44-244,Żory,Żory,Żory,śląskie
44-247,Żory,Żory,Żory,śląskie
44-245,Żory,Żory,Żory,śląskie
44-241,Żory,Żory,Żory,śląskie
06-522,Żurominek,Wiśniewo,mławski,mazowieckie
00-923,Bank,Bydgoszcz,Jagiellońska,17
40-159,Biuro,,"""ENERGOPROJEKT-KATOWICE""",S.A.
00-980,Centrala,,w,Warszawie
40-273,ENERGOAPARATURA,(Praga-Północ),Jagiellońska,88
00-939,Media,Ludwika,Kondratowicza,20
20-950,Perła-Browary,Dolna,Wilda,80
22-411,PKO,Henryka,Sienkiewicza,12
50-901,PKO,Stefana,Żeromskiego,116
00-977,Polskie,i,Wigury,1
00-937,Spółdzielnia,Rakowiecka,4,A
00-988,Świat,(Śródmieście),Świętokrzyska,3
15-425,Telekomunikacja,Tadeusza,Kościuszki,77
00-999,Telewizja,Krakowskie,Przedmieście,26/28
90-926,Urząd,Armii,Krajowej,1
60-918,Wielkopolska,,,NOT
60-908,Zakład,Józefa,Piłsudskiego,12
90-930,Zakład,,w,Łodzi
00-917,Zakład,,w,Warszawie
00-982,Zakład,,w,Warszawie
15-951,Zakład,,w,Białymstoku
43-350,Zakład,,w,Bielsku-Białej
41-530,Zakład,w,"Chorzowie,",Inspektorat
42-294,Zakład,,w,Częstochowie
25-960,Zakład,,w,Kielcach
75-840,Zakład,,w,Koszalinie
10-570,Zakład,,w,Olsztynie
70-769,Zakład,,w,Szczecinie
70-520,Zakład,,w,Szczecinie
50-930,Zakład,,we,Wrocławiu
00-992,ZOMIS,Józefa,Piłsudskiego,12
87-722,FUP,św.,Prokopa,48
95-069,FUP,Rąbień,Pańska,14
34-121,AP,Wysocka,1,A
16-302,FUP,Kościelny,Tysiąclecia,2
14-245,AP,Baciuty,Wygoda,8
14-243,AP,Baranowo,Baranowo,18
11-043,AP,Świętego,Wojciecha,5/1
11-201,FUP,Bema,16,B
11-204,FUP,Bartoszyce,Warszawska,23
11-206,FUP,pl.,Wolności,2
97-408,FUP,Bełchatów,Energetyków,12
97-406,FUP,Kleszczów,Główna,112
97-411,FUP,Rogowiec,Montażowa,2
24-205,FUP,Bełżyce,Bychawska,22
42-505,FUP,Wigury,24,A
21-301,AP,Terebelska,57,A
21-508,FUP,Podlaska,Orzechowa,34
21-506,FUP,Czesława,Wroczyńskiego,11
21-501,FUP,Józefa,Piłsudskiego,13
21-510,FUP,Stefana,Wyszyńskiego,1
21-531,FUP,1,Rokitno,55
85-901,FUP,Szosa,Nakielska,8
86-016,FUP,Tatrzańska,Środkowa,179
26-802,AP,Białobrzegi,67,A
26-808,FUP,Błotnica,46,A
78-201,FUP,Rogowo,4,A
15-001,UP,Białystok,1,skrytki/przegródki
15-026,FUP,Białystok,Wrocławska,20/32A
15-900,UP,Białystok,2,skrytki/przegródki
15-566,FUP,Jana,Kilińskiego,1
15-530,FUP,Stoczni,Gdańskiej,76
15-219,FUP,Białystok,Lipowa,32
15-447,FUP,Białystok,Ciepła,15
15-436,FUP,Białystok,Stołeczna,25
15-280,FUP,Zagórna,2,B
15-807,FUP,Hugo,Kołłątaja,7
15-775,FUP,Witolda,Pietkuna,5
15-050,FUP,Pułku,Piechoty,127/U1
15-148,UP,Białystok,Białostoczek,21
15-100,FUP,Białystok,Łąkowa,3/6
15-154,FUP,Supraśl,Cieliczańska,2
15-664,FUP,Białystok,Nowosielska,34
15-675,FUP,Białystok,Kawaleryjska,34
15-601,FUP,Białystok,Wesoła,18
58-263,FUP,Stefana,Żeromskiego,21
58-261,FUP,Bielice,80,B
17-101,AP,Adama,Mickiewicza,20
43-307,FUP,Bielsko-Biała,Mostowa,5
43-319,FUP,pl.,Ratuszowy,6
43-304,FUP,Bielsko-Biała,Legionów,47
43-311,FUP,Bielsko-Biała,Komorowicka,235
43-345,FUP,Bielsko-Biała,Żywiecka,302
72-213,AP,Bierdzany,Starowiejska,31
43-156,FUP,Bierutów,Wrocławska,21
62-651,AP,Bierzwnica,Bierzwnica,49
23-409,FUP,Biłgoraj,Włosiankarska,5
23-401,FUP,1,Biszcza,79
23-411,FUP,1,Obsza,36
23-427,FUP,Tarnogród,Rynek,20
63-452,AP,Bińcze,10,A
42-214,FUP,Ignacego,Mościckiego,12
48-141,AP,Blizanów,Drugi,31
05-872,FUP,Fryderyka,Chopina,1
19-336,AP,Boby-Kolonia,Boby-Kolonia,93
32-701,FUP,Bochnia,Drwinia,57
32-705,AP,Józefa,Poniatowskiego,22/A
09-441,FUP,Bodzentyn,Suchedniowska,1
58-375,AP,Romualda,Traugutta,21
59-703,FUP,11,Listopada,31
59-722,FUP,Bolestraszyce,182,C
09-203,AP,3,Maja,82
88-401,AP,Braniewo,Hozjusza,1
87-302,FUP,1,Brzozie,35
87-336,FUP,Szosa,Brodnicka,52
64-031,AP,Brulino-Piwki,Brulino-Piwki,2
49-301,AP,Brzeg,Piastowska,7
32-810,FUP,Partyzantów,1,A
95-065,AP,Adama,Mickiewicza,22
47-227,AP,Brzeźnica,Dębicka,6
28-137,AP,Brzoza,Brzoza,63
36-232,FUP,Brzozów,Dydnia,222
36-214,FUP,Jasienica,Rosielna,293
64-236,AP,Bucze,Okulicka,5
32-203,AP,Burgrabice,Burgrabice,105
28-101,FUP,Władysława,Sikorskiego,10
23-146,FUP,Bychawa,Zakrzew,26
85-857,AP,Piotra,Skargi,12
85-001,UP,Bydgoszcz,Bernardyńska,15
85-537,FUP,Bydgoszcz,Dworcowa,100
85-169,FUP,Mariana,Rejewskiego,3
85-202,FUP,Bydgoszcz,Toruńska,101
85-128,FUP,Bydgoszcz,Warszawska,2
85-455,FUP,Bydgoszcz,Grunwaldzka,30
85-508,FUP,Bydgoszcz,Lubostrońska,7
85-810,UP,Bydgoszcz,Sandomierska,20
85-816,FUP,Polskiego,65,A
85-609,FUP,Bydgoszcz,Gdańska,123
85-003,FUP,Bydgoszcz,Świętojańska,18
85-799,UP,Władysława,Broniewskiego,8
85-242,FUP,Bydgoszcz,Wysoka,36
85-099,UP,Curie,Skłodowskiej,26
85-123,UP,Bydgoszcz,Połczyńska,3
85-849,FUP,Bydgoszcz,Przyjazna,13
85-443,UP,Marii,Konopnickiej,30
85-195,FUP,Marcina,Szancera,1
85-395,UP,Jana,Maciaszka,115
85-798,UP,Ogon,Pocztowa,12
57-501,AP,Henryka,Sienkiewicza,4
41-927,FUP,,,PAWILO
41-925,FUP,Karola,Miarki,6
41-908,FUP,Maurycego,Mochnackiego,65
41-926,FUP,Kazimierza,Pułaskiego,13
41-901,FUP,Strzelców,Bytomskich,96
41-939,FUP,Strzelców,Bytomskich,157
77-102,AP,Bytów,Dworcowa,36
98-203,AP,Charłupia,Wielka,64
22-177,FUP,Józefa,Piłsudskiego,32
22-103,FUP,Henryka,Sienkiewicza,3
22-116,FUP,Chełm,Wolności,3
22-109,FUP,Rynek,18,A
22-115,FUP,Politówka,19,B
22-362,FUP,Ludwika,Hirszfelda,6/1
22-173,FUP,Ruda-Huta,Niepodległości,37
22-118,FUP,Śląski,Śląska,68
32-662,AP,Chełmno,Rybacka,2
86-203,FUP,Chełmno,Młyńska,7
86-231,FUP,1,Podwiesk,29
87-153,FUP,Chęciny,Małogoska,1
28-115,FUP,Pierzchnica,Urzędnicza,6
39-443,AP,rynek,Rynek,7
09-146,AP,Chocznia,Główna,53
24-342,FUP,Tadeusza,Kościuszki,17
98-209,AP,Kolejarzy,1,D
89-602,AP,Chojnice,Towarowa,6
89-604,FUP,Stary,Rynek,8
59-228,AP,Jarosława,Dąbrowskiego,20
41-509,AP,Chorzów,Odrodzenia,36
41-501,AP,Strzelców,Bytomskich,20
41-507,FUP,Chorzów,Parkowa,20
73-201,AP,Choszczno,Wolności,34
09-318,AP,Chrośnica,Chrośnica,92
14-527,AP,Piłsudskiego,2,A
32-503,FUP,Jana,Pęckowskiego,5
96-508,AP,Chwaliszew,Ostrowska,46
63-841,AP,Chwałkowo,Kościelne,45
06-414,AP,Pułtuska,18,F
06-401,AP,Stefana,Żeromskiego,4
06-402,FUP,Jana,Reutta,13
06-417,FUP,Borowe,Długa,2
06-462,FUP,Karniewo,Pułtuska,5
62-403,AP,Ciepłowody,Ząbkowicka,8
86-106,AP,Sienkiewicza,1,C
16-022,AP,Łańcuta,Czarna,260
26-661,AP,Czarnylas,Czarnylas,15
83-306,AP,Czeladź,Nowopogońska,228
42-206,AP,Częstochowa,Sabinowska,209/1
42-201,UP,Armii,Krajowej,68
42-232,FUP,Częstochowa,Katedralna,6
42-225,FUP,Częstochowa,Księżycowa,14
42-213,FUP,Józefa,Mireckiego,31
42-205,FUP,św.,Rocha,250
42-210,FUP,Źródlana,8,A
42-237,FUP,Mstów,Gminna,14
18-222,AP,Czyżówka,Długa,17
26-007,FUP,Dalewo,Dalewo,41
87-889,AP,Dąbrowa,Kolejowa,2
63-104,AP,Tadeusza,Kościuszki,5
41-304,FUP,Górnicza,Warszawska,54
41-306,FUP,Dąbrowa,89,A
23-402,AP,Dąbrówka,Warszawska,42
77-312,AP,Deszczno,Lubuska,110
39-202,AP,Księdza,Konarskiego,39
39-214,AP,1685,/,1769
39-210,UP,Czarna,Konarskiego,13
08-531,AP,Armii,Krajowej,6
32-857,AP,Domaniów,Domaniów,16
78-541,FUP,Pomorskie,Ostrowice,6
78-501,AP,Drągowina,Lipowa,4
26-343,AP,Drzonowo,Drzonowo,2
05-206,AP,Duczymin,Duczymin,11
13-201,FUP,Wyzwolenia,2,A
13-214,FUP,Marii,Skłodowskiej-Curie,41
56-502,AP,Piłsudskiego,28,D
58-201,AP,Dzierżoniów,Rynek,38
58-204,FUP,Mikołaja,Kopernika,2
96-202,AP,Dzwonowo,Dzwonowo,61
82-309,AP,Aleja,Grunwaldzka,2
82-315,FUP,Fromborska,27,A
82-302,FUP,Gdyńskich,54,A/1
82-314,FUP,Szucha,3,A
82-310,UP,Józefa,Bema,29
82-301,FUP,Stefana,Żeromskiego,2
19-302,AP,Ełk,Suwalska,84/LOK.1
19-303,FUP,Ełk,Suwalska,19
49-202,AP,Garbacz,34,B
16-425,AP,Garbno,Garbno,33
08-401,AP,Janusza,Korczaka,13
12-106,AP,Gąbin,Płocka,1
80-182,AP,Cieszyńskiego,38/34,D
80-295,AP,Stanisława,Wyspiańskiego,32/1
80-800,UP,Rynek,Oliwski,18
80-953,UP,Aleja,Grunwaldzka,611
80-327,FUP,Piastowska,90,E
80-206,UP,Gdańsk,6,skrytki/przegródki
80-411,FUP,Gdańsk,Pilotów,3
80-473,FUP,Racławicka,7,A
80-212,FUP,Aleja,Zwycięstwa,47
80-472,FUP,Wilhelma,Stryjewskiego,19
80-791,FUP,Gdańsk,Nadwiślańska,24
80-009,UP,Królowej,Jadwigi,137
80-097,FUP,św.,Wojciecha,434
80-190,UP,Budowlanych,31,D
80-962,UP,Gdańsk,Kielnieńska,125
83-009,FUP,Konrada,Guderskiego,2
80-183,FUP,Gdańsk,Warszawska,100/U7
80-250,UP,Gdańsk,Bulońska,16/8
80-958,UP,Tytusa,Chałubińskiego,25
80-792,FUP,Gdańsk,Kartuska,94
80-715,FUP,Nowe,Ogrody,8/12
80-810,FUP,Podwale,Grodzkie,2
80-825,FUP,Targ,Rakowy,7/8
80-223,UP,Gdańsk,Kołobrzeska,5-7
80-325,FUP,Obrońców,Wybrzeża,2
80-326,FUP,Gdańsk,53,skrytki/przegródki
83-002,PP,Gdynia,Chylońska,130
81-301,UP,Gdynia,1,skrytki/przegródki
81-607,FUP,Plac,Konstytucji,1
81-624,FUP,Gdynia,Narcyzowa,1/10
81-188,FUP,J.,Unruga,39
81-308,FUP,Hieronima,Derdowskiego,73/2
81-320,UP,Gdynia,Podchorążych,10
81-192,FUP,Gdynia,Ikara,9
81-004,UP,Bławatna,11,A/1U
81-510,UP,Plac,Górnośląski,8/1
81-414,UP,Starówki,Warszawskiej,6
81-516,UP,Pomorskiego,56/UB,/2
59-631,AP,Giedlarowa,Giedlarowa,339
23-147,AP,Gierałtów,Gierałtów,44
11-504,AP,Giżycko,Pocztowa,2
77-302,AP,Ględy,Ględy,27
44-116,AP,Gliwice,Mikołowska,4/U8
44-108,AP,Gliwice,Zwycięstwa,28
44-125,FUP,1689,/,1769
76-204,AP,Głogoczów,Głogoczów,918
67-201,AP,Głogów,Garncarska,7
67-207,AP,Głogów,Saturna,34
67-203,FUP,Gwiaździsta,27,A
67-206,FUP,Gustawa,Morcinka,8
95-017,AP,Głowno,Zgierska,6
95-016,FUP,Głubczyce,Pocztowa,4
62-206,FUP,Władysława,Sikorskiego,6
62-210,UP,Szkolna,24,A
55-206,AP,Godziszewo,Tczewska,11
72-102,FUP,Wielkie,Szczecińska,24
63-201,AP,Golina,Wielka,104/A
87-401,FUP,Pomorskie,Szkolna,9
38-320,FUP,Józefa,Hallera,2
38-301,FUP,Gorlice,Węgierska,2
38-308,FUP,1,Łużna,1
09-503,AP,Gorzkowice,Szkolna,2
66-414,AP,Wielkopolski,Pomorska,71
66-412,AP,Kazimierza,Jagiellończyka,4
66-407,FUP,Londyńska,9,A-F/4B
66-403,FUP,Wielkopolski,Przemysłowa,2
66-405,FUP,Wincentego,Witosa,50/BOX
66-406,FUP,Lubiszyn,Pocztowa,1
66-413,FUP,Wielkopolski,Okólna,25
66-408,FUP,Wielkopolski,Strzelecka,25
66-401,FUP,Kłodawa,Gorzowska,43
09-502,AP,Wojska,Polskiego,55
63-802,AP,Gostyń,Kolejowa,30
63-815,FUP,Władysława,Łokietka,2
56-203,AP,Góra,Zaleska,3
46-062,AP,Górne,Górne,19
78-427,AP,Kościerskie,Osiedlowa,1
15-524,AP,Gracze,Niemodlińska,42
19-208,AP,Józefa,Piłsudskiego,12
19-203,FUP,Plac,500-lecia,2
37-720,AP,Grochowy,Grochowy,25
05-321,AP,J.,Montwiłła,47
05-826,FUP,Wola,Główna,18
32-591,AP,Gromnik,Pogórze,2
33-165,FUP,Grzegorza,Chodkiewiczów,63
05-601,FUP,Józefa,Piłsudskiego,47
05-602,AP,Grudziądz,Sienkiewicza,20
86-311,FUP,Grudziądz,Legionów,50
86-306,FUP,Grudziądz,Śniadeckich,23
86-327,FUP,1,Mełno,228
86-307,UP,Grudziądz,Chełmińska,68
86-305,FUP,Grudziądz,Królewska,7
86-312,FUP,Łasin,Radzyńska,19
86-309,UP,Grudziądz,Podhalańska,12
14-110,AP,Gruszczyce,Gruszczyce,43
33-201,AP,Grybów,Kościuszki,8
33-337,AP,Gryfice,Szewska,15
72-302,FUP,Karnice,Szkolna,1
74-101,FUP,Łużycka,125/2,U
74-108,FUP,Widuchowa,Grunwaldzka,8
11-035,AP,Grzebienisko,Szkolna,3
83-301,AP,Grzymałków,Kościelna,11
17-203,AP,Harasiuki,Długa,11
11-132,AP,Stefana,Platonoffa,26
22-555,FUP,Uchanie,Staszica,4
14-201,FUP,Dworcowa,1,A
68-122,AP,Kolejowa,3,A
88-103,FUP,Bolesława,Krzywoustego,23
88-104,FUP,Inowrocław,Poznańska,97
88-108,FUP,Inowrocław,Solankowa,77
88-105,FUP,Kujawskie,Dworcowa,5
88-109,FUP,Janikowo,Dworcowa,9
38-442,AP,Jabłonka,Sobieskiego,30
23-311,FUP,Potok,Wielki,106
37-501,FUP,Mikołaja,Kopernika,5
37-505,FUP,1,Pawłosiów,10
38-208,FUP,Mariana,Stelmaszczyka,7
44-339,FUP,Ruchu,Oporu,2
59-426,FUP,1,Paszowice,260
43-606,AP,Jaworzno,Granitowa,6
43-609,AP,Sucharskiego,7,C
55-222,AP,Józefa,Bożka,15
58-504,AP,Góra,Pocztowa,9/10
58-588,FUP,Adama,Mickiewicza,7
58-501,FUP,Sudecki,Długa,30
56-212,AP,3,Maja,1
12-142,AP,Jeruzal,Jeruzal,74
28-301,AP,Stanisława,Reymonta,11/17A
28-310,FUP,Jędrzejów,Partyzantów,14
95-064,AP,Jurgów,Jurgów,125
59-421,AP,Kadłub,Wodna,2
18-422,AP,Kalisz,Barska,7
62-804,FUP,Kalisz,Częstochowska,177
62-810,FUP,Górnośląska,36,A
62-809,FUP,Kościuszki,1,A
62-802,FUP,Wyszyńskiego,7,A
78-543,AP,Kalników,Kalników,62
58-402,AP,Ludwika,Waryńskiego,4
72-406,FUP,Jedności,Narodowej,21
11-227,AP,Kamionek,Kamionek,37
16-031,AP,Kargowa,Sulechowska,8
40-610,AP,Ks.,Ściegiennego,45
40-337,UP,Al.,Niepodległości,5
40-227,FUP,Aleksandra,Fredry,28
40-561,FUP,Katowice,Józefowska,100
40-210,FUP,Miła,3,B
40-762,FUP,Katowice,Saska,1
40-714,FUP,Roździeńskiego,88,A
40-157,FUP,Plac,Wyzwolenia,4
40-556,FUP,Katowice,Chorzowska,107
40-105,FUP,Katowice,Francuska,70
40-200,FUP,Katowice,Gawronów,20
40-856,FUP,Józefa,Reńców,30
40-001,FUP,Katowice,Mikołowska,117
40-125,FUP,Mościckiego,1,A
40-927,FUP,Wita,Stwosza,31
40-100,FUP,Katowice,Tysiąclecia,90
40-874,FUP,Bolesława,Prusa,42
55-083,AP,rynek,Rynek,4
47-222,UP,Doktora,Judyma,2
19-223,AP,Władysława,Sikorskiego,15
11-401,AP,Kętrzyn,Pocztowa,1
32-654,AP,Nowe,Osiedle,5
25-001,UP,Kielce,Bukowa,10
25-013,FUP,Kielce,Karczówkowska,20
25-113,UP,Kielce,Petyhorska,15
25-359,FUP,Henryka,Sienkiewicza,7
25-030,FUP,Kielce,Planty,13/2
25-820,FUP,1,Maja,154
25-602,FUP,al.,Solidarności,24
34-101,AP,Niewodnicka,19,A
77-415,AP,Klewki,3,A
57-303,FUP,Kłodzkie,Kłodzka,48
42-238,FUP,Witosa,1,B
42-281,FUP,Mykanów,Samorządowa,1
44-191,AP,Knurów,Dworcowa,12
55-076,FUP,Wrocławskie,Francuska,6
64-521,AP,Koce-Basie,3,A
36-101,FUP,Kolbuszowa,Lipnica,83
62-602,FUP,Adama,Mickiewicza,15
78-107,AP,Armii,Krajowej,1
78-105,FUP,Cicha,6,B
78-103,FUP,Kołobrzeg,Tarnopolska,1
78-106,FUP,Kołobrzeg,Urocza,3
63-912,AP,Konarzyny,74,A
62-505,AP,Konin,Kasztanowa,39
62-507,AP,Konin,Zakole,2
62-501,FUP,Konin,Margaretkowa,1
26-201,AP,mjr.,Hubala,13
26-202,FUP,Radoszyce,Żeromskiego,28
83-231,AP,Korfantów,Wyzwolenia,1
82-507,AP,Korzeniste,Korzeniste,43
55-141,AP,Kosakowo,Żeromskiego,59
66-472,AP,Koszalin,Gnieźnieńska,41
75-345,AP,Władysława,Andersa,22
75-030,FUP,Koszalin,Zwycięstwa,153
75-617,FUP,Zwycięstwa,1,A
75-950,UP,Armii,Krajowej,5
75-238,FUP,Koszalin,Łużycka,34
75-350,UP,9,Biesiekierz,18
75-455,FUP,Koszalin,Bukowa,23
83-405,AP,Kościerzyna,Rynek,8
83-402,AP,3,Maja,3
83-401,FUP,Liniewo,Dworcowa,27
89-201,AP,Kowalów,Rzepińska,5
09-138,AP,,,DZIAŁKA
62-029,AP,Kozienice,Ciekawa,17
26-901,FUP,Magnuszew,Saperów,26
67-129,FUP,Kórnica,Główna,1
31-200,AP,,,Krowodrza)
31-973,AP,,,Huta)
30-813,AP,(Kraków-Podgórze),Dąbrowskiego,23
31-850,AP,,,Śródmieście)
31-045,UP,,,Śródmieście)
30-960,UP,(Kraków-,Grochowska,2
30-902,UP,(Kraków-Podgórze),Aleksandry,11
30-634,FUP,(Kraków-Podgórze),Bieżanowska,309
30-671,FUP,(Kraków-Podgórze),Myśliwska,78
30-681,FUP,Leonida,Teligi,24
30-639,FUP,Ignacego,Daszyńskiego,16
31-037,FUP,,,Śródmieście)
30-041,UP,,,Krowodrza)
30-024,FUP,,,Krowodrza)
31-132,FUP,,,Śródmieście)
31-151,FUP,,,Śródmieście)
30-961,FUP,(Kraków-,Bronowicka,44
30-950,UP,(Kraków-,Astronautów,5
30-220,FUP,,,Krowodrza)
30-952,FUP,Błonie,13,E
31-274,FUP,,,Krowodrza)
31-300,FUP,,,Krowodrza)
31-330,FUP,,,Krowodrza)
30-963,FUP,(Kraków-,Senatorska,26
31-313,FUP,,,Krowodrza)
31-903,UP,,,Huta)
30-969,UP,Mieczysława,Medweckiego,2
31-816,FUP,,,Huta)
30-968,FUP,Osiedle,Kazimierzowskie,18
31-967,FUP,,,Huta)
31-865,FUP,,,Huta)
31-955,FUP,,,Huta)
31-557,UP,,,Śródmieście)
30-965,UP,(Kraków-,Łąkowa,27
30-309,FUP,(Kraków-Podgórze),Chmieleniec,39
30-500,FUP,Kraków,55,skrytki/przegródki
30-300,FUP,(Kraków-Podgórze),Zakopiańska,97
31-705,UP,,,Huta)
30-967,UP,Leopolda,Okulickiego,51
31-628,FUP,,,Huta)
31-420,UP,,,Śródmieście)
31-220,FUP,,,Krowodrza)
31-210,FUP,,,Krowodrza)
31-233,FUP,,,Krowodrza)
31-634,FUP,,,Huta)
31-163,FUP,,,Śródmieście)
31-075,FUP,,,Śródmieście)
31-000,FUP,,,Śródmieście)
31-076,FUP,,,Śródmieście)
23-201,AP,Plac,Wolności,15
23-202,FUP,Stefana,Wyszyńskiego,3
23-214,FUP,Krępcewo,Krępcewo,29
14-403,AP,Krosno,Podwale,38
38-411,FUP,Stanisława,Magurów,3
38-424,FUP,Romualda,Mielczarskiego,9
66-601,FUP,1,Maszewo,68
88-153,FUP,Kruszyny,Kruszyny,16
22-531,AP,Krynica-Zdrój,Zdrojowa,28
34-202,AP,Krzeszyce,Skwierzyńska,3
99-305,AP,Stanisława,Konarskiego,1
99-308,AP,Zdrojowa,1,B
99-310,FUP,Władysława,Łokietka,1/11
99-302,FUP,Strzelce,Leśna,1
32-311,AP,Kwidzyn,Malborska,120/1
82-501,FUP,Kasprowicza,20,C
82-505,FUP,Prabuty,Warszawska,1
88-112,AP,Śląskie,Kościuszki,41
57-543,FUP,Lechów,Lechów,88
05-122,FUP,Legionowo,Zegrzyńska,17
05-118,FUP,Serock,Rynek,12
05-125,FUP,Wieliszew,Krótka,4
59-200,UP,Legnica,Fabryczna,3
59-212,FUP,Legnica,Izerska,36
59-204,FUP,Legnica,Neptuna,15
59-213,FUP,Józefa,Piłsudskiego,84
59-211,FUP,Legnica,Złotoryjska,1
59-206,FUP,Legnica,Wrocławska,56
26-064,AP,Lesko,Parkowa,8
17-323,AP,Pawła,II,16
64-101,FUP,Kazimierza,1,A
64-105,FUP,Ludwika,Zamenhofa,18
64-110,UP,Krzemieniewo,Wiejska,164
64-107,FUP,Powstańców,Wielkopolskich,53
37-308,FUP,Leżajsk,Kuryłówka,528
84-310,FUP,Armii,Krajowej,11
84-301,FUP,Lębork,Czołgistów,6
84-303,FUP,Lębork,Olimpijczyków,18
84-305,FUP,Łęczyce,Długa,8
84-354,FUP,Grunwaldzka,1,A
67-401,AP,9,Maja,2
11-101,FUP,Polska,4,A
34-601,FUP,Piłsudskiego,84,C
13-333,AP,Górne-Borowina,54,A
87-621,FUP,3,Maja,16
87-604,FUP,1,Zbójno,35
12-103,AP,Lipowina,Lipowina,7
16-314,AP,Zamościa,Lipsko,140
62-572,AP,Liski,Liski,4
18-113,AP,Lniska,Lniska,21
37-601,AP,Lubań,Mostowa,BN
59-801,FUP,Olszyna,Kolejowa,11
21-137,FUP,Kamionka,Rynek,16
21-105,FUP,Serniki,76,A
21-111,FUP,Lubawa,Gdańska,13
14-261,AP,Jasła,Lubcza,494
95-013,AP,Górny,Widokowa,8
59-337,FUP,Lubin,Jastrzębia,6
59-304,FUP,Lubin,Krucza,30
59-334,FUP,LGOM,24,B
59-338,FUP,Kamila,Norwida,57
59-301,FUP,Powstańców,39,A
20-001,FUP,Witolda,Chodźki,14
20-125,FUP,Lublin,Lubartowska,6/8
20-098,FUP,Stanisława,Leszczyńskiego,14
20-400,UP,Dominów,Rynek,4
20-312,FUP,Lublin,Bukowa,15
20-324,FUP,Lublin,Krężnicka,167
20-284,FUP,Lublin,Nałkowskich,230
20-490,FUP,Lublin,Pogodna,36
20-372,FUP,Seweryna,Sierpińskiego,26
20-290,FUP,Wolska,8,A
20-042,UP,aleje,Racławickie,31
20-014,FUP,Popiełuszki,35,A
20-634,UP,Lublin,Grażyny,18
20-550,FUP,Lublin,Ametystowa,1
20-578,FUP,Lublin,Koralowa,10/U2
20-540,FUP,Lublin,Roztocze,12
20-549,FUP,Lublin,Tatarakowa,28
20-600,FUP,Koryznowej,2,C
20-156,FUP,Daszyńskiego,4,A
20-216,FUP,Stefana,Okrzei,2
20-206,FUP,Turka,Bukowa,2
20-845,UP,Lublin,Gorczańska,1
20-859,FUP,Wojciecha,Żywnego,8
20-990,PP,Powstańców,Śląskich,54
89-211,AP,Lubosz,Wąska,1
66-303,AP,Lutomia,Górna,172
26-003,FUP,Łankiejmy,Łankiejmy,11/1
18-104,FUP,Kościelna,Białostocka,7
18-102,AP,Stefana,Żeromskiego,11/15
08-461,FUP,Pilczyn,20,A
38-206,AP,Maja,19,A
99-101,FUP,Rynek,Pl.,26
99-102,AP,Probostwo,14,B
18-407,AP,Plac,Pocztowy,1
18-404,FUP,Adama,Mickiewicza,19
18-402,FUP,Poznańska,148,B
08-211,FUP,Listopada,5,B
49-331,AP,Łososina,Dolna,400/3
33-319,FUP,Łowczów,81,C
99-404,FUP,1,Chąśno,55
99-401,FUP,Łyszkowice,Wolności,11
91-359,AP,(Łódź-Bałuty),Wici,44
90-001,UP,Łódź,1,skrytki/przegródki
90-110,FUP,Gabriela,Narutowicza,40
90-140,FUP,Józefa,Piłsudskiego,52
90-435,FUP,Łódź,1,skrytki/przegródki
90-449,FUP,Księży,Młyn,1
90-421,UP,Łódź,4,skrytki/przegródki
91-044,FUP,(Łódź-Górna),Wólczańska,149
94-201,FUP,Michała,Ossowskiego,4
90-951,FUP,Lucjana,Żeligowskiego,22/24
90-973,FUP,(Łódź-Widzew),Głęboka,4/12
90-972,UP,(Łódź-Widzew),Brzezińska,27/29
92-001,FUP,Łódź,6,skrytki/przegródki
92-700,FUP,(Łódź-Górna),Piotrkowska,311/313
90-980,UP,Aleje,Politechniki,37
93-546,FUP,Pawła,II,30
93-525,FUP,(Łódź-Bałuty),Wspólna,8
90-964,UP,(Łódź-Bałuty),Gdyńska,38
91-489,FUP,Łódź,9,skrytki/przegródki
91-499,FUP,Wojska,Polskiego,6
90-960,UP,(Łódź-Bałuty),Łagiewnicka,99
91-801,FUP,Łódź,11,skrytki/przegródki
93-401,UP,Łódź,12,skrytki/przegródki
92-401,FUP,Łódź,27,skrytki/przegródki
94-015,UP,Łódź,40,skrytki/przegródki
94-001,FUP,(Łódź-Śródmieście),Piotrkowska,17
90-054,FUP,Łódź,40,skrytki/przegródki
90-979,FUP,Lipiec,Reymontowskich,7
90-961,UP,(Łódź-Bałuty),Aleksandrowska,149
91-333,FUP,Limanowskiego,196,A
91-159,FUP,Romanowska,55,F
91-023,FUP,Jarosława,Dąbrowskiego,91
90-982,UP,(Łódź-Górna),Lodowa,101
93-223,FUP,Kazimierza,Tetmajera,2/12
90-989,FUP,(Łódź-Polesie),Obywatelska,121/129
94-037,FUP,Łódź,71,skrytki/przegródki
94-060,FUP,Stefana,Wyszyńskiego,107
90-990,FUP,Andrzeja,Sacharowa,63
90-975,UP,Jarosława,Haśka,12
92-307,FUP,Andrzeja,Sacharowa,16
90-971,FUP,Andrzeja,Niemojewskiego,25
90-967,UP,Boya,Żeleńskiego,12
90-987,FUP,Wycieczkowa,82,A
90-234,FUP,(Łódź-Górna),Chóralna,2
90-983,UP,(Łódź-Górna),Kolumny,6/36
93-159,FUP,(Łódź-Górna),Rzgowska,281/289
93-315,FUP,(Łódź-Górna),Żywotna,66/68
90-958,FUP,al.,Włókniarzy,227
77-144,AP,Łubowo,Kościuszki,35
32-832,AP,Łukawiec,207,D
21-451,FUP,Trzebieszów,Drugi,32
21-423,FUP,Wola,Mysłowska,57
34-219,AP,17,Marca,38
82-203,FUP,Lichnowy,Tczewska,6
82-204,FUP,Nogatowa,95,A
83-114,AP,Kościelne,55,A
55-084,AP,Małowice,Małowice,22
55-204,AP,Marcinowice,Marcinowice,29
05-273,AP,Józefa,Piłsudskiego,119
05-272,FUP,Struga),Legionowa,1
05-261,FUP,Józefa,Piłsudskiego,139
14-402,AP,Marzęcice,Nowomiejska,9
22-501,AP,Masłowice,144,B
32-201,AP,Miechów,Podzamcze,40
39-309,AP,Mielec,Jadernych,2
39-302,FUP,Powstańców,Warszawy,4
39-313,FUP,Szafera,6,A
39-314,FUP,Narodowa,Rynek,15
21-561,FUP,Międzyrzecz,Krasińskiego,7
05-301,AP,Mazowiecki,Warszawska,149
05-303,UP,Wielkie,Strażacka,3
05-308,FUP,Pawła,II,30
55-090,FUP,Kiełczów,Wilczycka,14
06-523,FUP,Konopki,Kwiatowa,14
06-562,FUP,Szydłowo,Mazowiecka,74
64-237,AP,Modlnica,Jurajska,5
16-311,AP,Mogilno,Rynek,15
88-301,FUP,Mokre,Mokre,229
14-302,AP,Mickiewicza,11,C
74-504,AP,Mosina,Kolejowa,1
48-204,AP,Mrągowo,Królewiecka,39
11-702,FUP,Piaskowa,1,C
19-214,AP,Mściszewice,Kaszubska,1
13-114,AP,Mysłowice,Mikołowska,29
41-402,AP,Stawowa,1,A
32-441,FUP,Mikołaja,Reja,6
32-446,FUP,Pawła,II,98
32-443,FUP,Jana,Dunin-Brzezińskiego,7/11
32-403,AP,Juliusza,Słowackiego,45
89-104,FUP,Wzgórze,3,A
24-151,AP,Namysłów,Pocztowa,13
83-141,AP,1,Maja,6
13-103,AP,Niebieszczany,111,A
19-231,AP,Duża,Krótka,12
76-143,AP,Niemodlin,Rynek,5
49-121,FUP,Tułowice,Pocztowa,2/3
30-900,PP,Niestachów,Niestachów,100
83-339,AP,Niezabitów,Niezabitów,76
18-501,AP,Adama,Mickiewicza,6
37-401,AP,Nisko,Sandomierska,14
98-333,AP,Niwna,Niwna,24
39-461,AP,Góra,Płocka,20
67-103,FUP,Sól,Staszica,6
36-102,AP,Ełcka,Sportowa,7
86-171,AP,Nowe,Bydgoska,11
46-031,AP,Czarnowo,9,A
09-163,AP,Leśne,Bohatery,4
13-302,AP,Pilicą,Szeroka,4
26-423,AP,Pilicą,Tomaszowska,40
16-012,AP,Nowodwory,Nowodwory,43
72-203,FUP,1,Osina,37
82-101,AP,Chemików,6,A
38-544,AP,Piłsudskiego,104,B
33-308,AP,Sącz,Nawojowska,364
33-310,AP,Antoniego,Dunajewskiego,10
33-304,FUP,Sącz,Lwowska,80
33-307,FUP,1,Wielogłowy,45
33-306,FUP,Janusza,Kusocińskiego,4/2
33-303,FUP,Romualda,Traugutta,44
34-402,FUP,Targ,Składowa,2
77-117,AP,Nurzec-Stacja,Leśna,2
26-626,AP,Pawła,II,34
66-503,AP,Ogorzeliny,Pocztowa,2
19-401,FUP,Olecko,Świętajno,19
56-404,AP,Paderewskiego,4,I
56-405,AP,3,Maja,50-52
32-302,FUP,Batalionów,Chłopskich,2
32-301,FUP,Krasińskiego,2,C
10-001,UP,Olsztyn,1,skrytki/przegródki
10-900,UP,Olsztyn,2,skrytki/przegródki
11-039,FUP,Olsztyn,Szczytnowska,4
10-422,FUP,Olsztyn,Wilgi,2
10-344,UP,Olsztyn,3,skrytki/przegródki
10-143,FUP,Pana,Tadeusza,6
10-677,FUP,Edwarda,Abramowskiego,7
10-694,FUP,Immanuela,Kanta,1/34
10-718,FUP,Panasa,1,A
55-201,FUP,Ołpiny,Ołpiny,676
63-646,AP,Henryka,Sienkiewicza,44
26-301,FUP,Józefa,Piłsudskiego,31
45-076,UP,Józefa,Buhla,11
45-921,FUP,Janiny,Kłopockiej,1
45-845,FUP,Ozimska,72,A
24-314,FUP,Oporów,16,A
18-201,AP,Osobnica,1000,A
27-639,AP,Ostra,Góra,17
32-066,AP,Mikołaja,Kopernika,9
07-412,FUP,Ostrołęka,Graniczna,8
07-413,FUP,Ostrołęka,Targowa,24
27-403,AP,3,Maja,12
27-408,FUP,Waśniów,Ostrowiecka,7
27-405,UP,11,Listopada,6
27-401,FUP,os.,Ogrody,28
27-404,FUP,Henryka,Sienkiewicza,82
14-104,FUP,Stefana,Jaracza,20
07-301,AP,Mazowiecka,Pocztowa,6
63-402,AP,Wielkopolski,Grabowska,87
63-501,AP,Ostrzeszów,Przemysłowa,15
32-643,FUP,Tadeusza,Kościuszki,1
33-252,AP,Otmuchów,Krakowska,6
05-404,AP,Armii,Krajowej,1
95-034,AP,Stefana,Wyszyńskiego,12
95-036,FUP,Tadeusza,Kościuszki,23
95-207,AP,Pułaskiego,11,A
95-205,FUP,Pabianice,Zamkowa,42
48-371,AP,Wiejska,61,A
21-221,FUP,Wojska,Polskiego,108
88-308,AP,Parlinek,21,A
78-405,AP,Władysława,Jagiełły,13
17-121,AP,Pawłowice,Mielżyńskich,58
27-330,AP,Pawłów,Kościelna,7
11-604,AP,Petrykozy,Petrykozy,72
05-519,FUP,Magdalenka,Leśna,42
05-554,FUP,Mysiadło,Topolowa,2
05-511,FUP,Rubinowa,55,A
05-508,FUP,Orzechowa,16,A
05-819,FUP,Powstańców,Warszawy,1
18-425,AP,1938,r.,35
58-574,AP,Piecki,Zwycięstwa,28/2
41-951,FUP,Pawła,II,65
41-944,FUP,Śląskie,Tarnogórska,61
64-900,PP,Piłka,Piłka,45
26-635,FUP,1,Jastrzębia,110
97-305,AP,Juliusza,Słowackiego,17
97-302,FUP,Marii,Konopnickiej,4
97-307,FUP,Trybunalski,Łódzka,50/52B
97-308,FUP,Trybunalski,Szkolna,28
97-309,FUP,Pisanica,Pisanica,89
12-201,FUP,Ruciane-Nida,Kolejowa,2
63-301,AP,I,2,D
05-861,AP,,,Osiedle)
09-420,AP,Bielska,14,B
09-404,FUP,Płock,Medyczna,19
09-405,FUP,Płock,Tysiąclecia,10
09-418,FUP,Płock,Wyszogrodzka,161
09-231,FUP,Płock,Czwartaków,16
09-417,UP,Płock,Przemysłowa,19
09-102,AP,Płońsk,Przejazd,2/1
09-101,FUP,Sochocin,Płońska,30
09-103,FUP,Załuski,Gminna,17
99-201,AP,Poddubówek,Poddubówek,20
05-305,AP,Podrzewie,Poznańska,9/A
34-724,AP,Pogorzałki,Pogorzałki,148/1
86-123,AP,Police,Grunwaldzka,16
72-009,FUP,(Jasienica),Piastów,5
32-426,AP,Fryderyka,Chopina,1
82-403,AP,Postoliska,Zaciszna,26
60-160,AP,(Poznań-Grunwald),Swoboda,25
61-530,AP,Tadeusza,Kościuszki,77
60-972,UP,Henryka,Dąbrowskiego,9/11
60-700,UP,Poznań,2,skrytki/przegródki
60-870,FUP,(Poznań-Jeżyce),Poznańska,27
61-740,UP,,,Miasto)
60-967,UP,Ignacego,Paderewskiego,11
61-870,FUP,,,Miasto)
60-988,FUP,Wiosny,Ludów,2
61-780,FUP,,,Miasto)
60-460,UP,(Poznań-Jeżyce),Chojnicka,51/11
60-995,UP,(Poznań-Wilda),Bukowa,4
60-964,UP,(Poznań-Grunwald),Górecka,30
60-989,FUP,1956,r.,309
61-440,FUP,Poznań,33,skrytki/przegródki
60-580,UP,Poznań,37,skrytki/przegródki
60-953,UP,(Poznań-Grunwald),Bukowska,156
61-360,UP,,,Miasto)
60-963,UP,(Poznań-Nowe,Głuszyna,136
61-370,UP,,,Miasto)
60-977,UP,os.,Jagiellońskie,120
61-250,FUP,,,Miasto)
60-956,FUP,os.,Oświecenia,59
60-983,FUP,1728,/,1769
61-310,FUP,,,Miasto)
60-260,FUP,Poznań,47,skrytki/przegródki
60-951,FUP,Piotra,Ściegiennego,50
60-979,FUP,Złotowska,11,B
61-280,UP,,,Miasto)
60-974,UP,Katowicka,79,B
60-954,FUP,(Poznań-Nowe,Kórnicka,3
60-985,FUP,os.,Lecha,43
60-982,FUP,os.,Piastowskie,76
60-961,FUP,(Poznań-Nowe,Pleszewska,1
61-240,FUP,,,Miasto)
60-990,FUP,os.,Tysiąclecia,30
60-971,FUP,Piątkowska,123,A
60-970,UP,(Poznań-Jeżyce),Wołyńska,6
60-987,FUP,Pod,Lipami,104
61-640,FUP,,,Miasto)
61-670,FUP,,,Miasto)
61-630,FUP,,,Miasto)
61-665,FUP,,,Miasto)
60-966,FUP,Bolesława,Śmiałego,104
60-969,UP,Literacka,45,B
60-993,FUP,Szarych,Szeregów,12/13
60-946,FUP,Bolesława,Chrobrego,101/15
60-670,FUP,,,Miasto)
60-991,FUP,III,Sobieskiego,52
61-620,FUP,,,Miasto)
61-610,FUP,,,Miasto)
60-975,FUP,Zygmunta,Wojciechowskiego,3/5
61-043,UP,,,Miasto)
61-010,FUP,,,Miasto)
60-960,FUP,(Poznań-Nowe,Mogileńska,8
60-958,FUP,(Poznań-Nowe,Mścibora,67
60-976,FUP,Przemysława,8,C
60-962,FUP,Półczno,Bytowska,2
82-551,AP,Pracze,Pracze,36
48-203,FUP,Łangowskiego,1,B
83-005,FUP,Tczewska,2,A
05-811,FUP,Przasnysz,Magnolii,28
37-701,FUP,rynek,Rynek,20
37-708,FUP,Juliusza,Słowackiego,63
37-711,FUP,Przemyśl,2,skrytki/przegródki
57-131,AP,Przeworsk,Sienkiewicza,15
37-208,AP,Przeworsk,Jagiellońska,2
62-079,FUP,Ogrodowa,16,A
37-422,AP,Przybiernówko,9,A
62-606,AP,Przybysławice,Przybysławice,23
26-801,AP,Przybyszyn,Przybyszyn,75
43-203,FUP,Suszec,Wyzwolenia,2
17-133,AP,Puławy,Lubelska,3
24-140,FUP,Hugona,Kołłątaja,20
24-112,FUP,Ursyna,Niemcewicza,9
24-161,FUP,Powstania,Styczniowego,15
06-101,AP,17,Sierpnia,35
06-151,FUP,Winnica,Szkolna,2
07-218,FUP,Pustków,Ozimska,19
44-123,AP,Raba,Niżna,22
34-701,AP,Raciąż,Kilińskiego,22
47-404,FUP,Serafina,Myśliwca,9
47-406,FUP,Racibórz,Rybnicka,97
47-402,AP,Śląskie,Zwycięstwa,50
66-521,AP,Radom,Młodzianowska,154
26-607,AP,Radom,Wośnicka,28
26-600,UP,Bolesława,Chrobrego,1
26-608,FUP,Józefa,Piłsudskiego,17
26-602,FUP,Kusocińskiego,16,D
26-621,FUP,Radom,Wiejska,24
97-501,FUP,Leszka,Czarnego,23
87-876,FUP,Knosały,61,A
11-611,AP,Pawła,II,6
05-127,FUP,Ciemne,Logistyczna,12
05-258,FUP,Chłodna,1,A
21-315,FUP,1,Stok,7
19-207,AP,Rakoniewice,Pocztowa,16
55-303,AP,Kwidzyńska,29,A
87-819,AP,Ramsowo,28,A
12-123,AP,Rasząg,Rasząg,16
63-211,AP,Świętej,Anny,86
96-201,FUP,Sadkowice,129,A
63-903,AP,Józefa,Piłsudskiego,9
84-355,AP,Regielnica,Regielnica,9
72-403,AP,Polskiego,66,E
08-411,AP,Osiedle,Tygrysie,26
62-091,AP,Rokity,Rokity,B/N
09-206,AP,Rościszów,Rościszów,60
41-715,AP,Śląska,Wyzwolenia,16
41-714,FUP,Rudawica,Rudawica,40
16-327,AP,Rudka,Wola,17
35-900,PP,Rudnik,Centralna,205
84-232,FUP,Rumia,Starowiejska,17
14-304,AP,Rutki,Nowe,23
44-201,UP,Gaszowice,Rydułtowska,6
44-209,FUP,Rybnik,Gminna,8
44-212,FUP,Rybnik,Pocztowa,4
44-281,FUP,św.,Jacka,6
06-454,AP,Ryglice,Rynek,9
08-532,FUP,Jerzego,Rogowskiego,1
08-521,FUP,Dęblin,Wiślana,6/26
08-551,FUP,Nowodwór,71,A
08-501,AP,Rylsk,Rylsk,53
69-107,FUP,11,Listopada,2
35-070,FUP,Rzeszów,Hetmańska,14
35-208,FUP,Adama,Krzyżanowskiego,6
35-124,FUP,Stanisława,Moniuszki,1
35-224,FUP,Józefa,Piłsudskiego,44
35-316,FUP,Wincentego,Witosa,21
35-042,FUP,Sebastiana,Pelczara,6
35-410,FUP,Powstańców,Wielkopolskich,4
26-501,AP,Sadlno,Sadlno,15
14-108,AP,Samogoszcz,Samogoszcz,19
27-610,FUP,Sandomierz,Rynek,6
38-502,AP,Sanok,Kościuszki,26
38-501,FUP,Tyrawa,Wołoska,50
16-507,FUP,Puńsk,Szkolna,3
76-005,AP,Siedlce,Młynarska,15
08-100,UP,Armii,Krajowej,13
08-102,FUP,Siedlce,Geodetów,7
08-133,FUP,Józefa,Piłsudskiego,74/1/L.4
08-131,FUP,Siedlce,Kaszubska,1
08-121,FUP,Unitów,Podlaskich,7
08-127,FUP,Siedlce,Warszawska,93
08-129,FUP,Aleksandry,Ogińskiej,11
99-103,AP,Siedliska,123,A
76-217,AP,Śląskie,Powstańców,19
98-202,FUP,Września,61,B
98-216,FUP,Józefa,Dalaka,4
09-202,AP,Władysława,Reymonta,32
09-201,AP,Stanisława,Staszica,4
09-205,AP,Sietesz,Sietesz,265
12-232,AP,1,Maja,8
26-114,AP,(Bór),Zwycięzców,5
26-100,FUP,Skarżysko-Kamienna,Legionów,89
26-113,FUP,Józefa,Piłsudskiego,28
96-103,FUP,Batorego,45,A
96-102,UP,Aleja,Klonowa,3
43-247,FUP,Chybie,Bielska,61
43-434,FUP,Strumień,Pocztowa,9
43-433,AP,Skoczów,Osiedlowa,6/1
69-101,FUP,Słupca,Browarna,7
62-421,FUP,Słupca,1,skrytki/przegródki
77-311,AP,Kępnem,Szeroka,29
76-208,AP,Słupsk,Garncarska,7/56
76-222,AP,Słupsk,Kołłątaja,31
76-224,FUP,Kobylnica,Główna,44
76-234,FUP,Darżyńska,4,B
76-216,FUP,Mikołaja,Kopernika,37
76-215,FUP,Ignacego,Łukasiewicza,3
76-205,FUP,Stefana,Starzyńskiego,3
76-206,UP,Redzikowo,20,A
76-202,FUP,Piłsudskiego,5,C
55-051,AP,Sobótka,Sobótka,86
27-531,AP,Sobótka,Świdnicka,8
96-506,FUP,Żeromskiego,39,A
08-323,FUP,Lacka,Targowa,2
08-332,FUP,Repki,Parkowa,9
08-301,FUP,Wojska,Polskiego,11
16-102,FUP,Os.,Zielone,4
81-701,FUP,Sopot,Grunwaldzka,78/80
81-806,FUP,Sosnowiec,Harcerska,6
41-225,FUP,Sosnowiec,Gospodarcza,32
41-206,FUP,Ignacego,Mościckiego,14
41-211,FUP,Sosnowiec,Ostrogórska,31
41-221,FUP,Bolesława,Krzywoustego,1
41-220,FUP,Jana,Matejki,37
41-207,FUP,Zapolskiej,10,B
58-565,AP,Sosnówka,24,C
99-419,AP,Leopolda,Okulickiego,108/2
37-452,AP,Jerzego,Popiełuszki,18
37-462,FUP,Pawła,II,25
37-463,FUP,Marcelego,Siedlanowskiego,3
37-464,FUP,Melchiora,Wańkowicza,69
83-327,AP,Kolbuszowska,9,A
27-204,AP,Starachowice,Murarska,11
27-206,AP,Stanisława,Staszica,7
27-231,FUP,Mirzec,Majorat,4
27-202,FUP,Starachowice,Miodowa,10
27-205,FUP,Wąchock,Kolejowa,19
64-040,AP,Stare,Borne,16
07-307,AP,Stare,Strącze,32
73-117,FUP,Stefana,Okrzei,16
73-106,FUP,Stargard,Pogodna,8
73-100,FUP,Czesława,Tańskiego,22
73-103,FUP,Suchań,Pomorska,43
83-205,AP,Marii,Skłodowskiej-Curie,8
83-203,FUP,Zblewska,10,B
26-036,FUP,Armii,Krajowej,8
28-203,FUP,Szydłów,Szkolna,5
87-701,AP,Stega,Mała,12
06-123,AP,Tadeusza,Kościuszki,12
58-151,AP,Krajeńskie,Gorzowska,1
57-103,AP,św.,Ducha,32
16-011,AP,Styrzyniec,Słoneczna,100
34-203,AP,Mickiewicza,36,A
26-131,AP,Plac,Kościuszki,27
32-856,AP,Aleja,Wielkopolska,4
97-332,AP,3,Maja,5
66-236,FUP,Sulęcin,Wędrzyn,1
55-052,AP,Suliszewo,Suliszewo,78
56-301,AP,Sumin,Sumin,23
16-431,FUP,Teofila,Noniewicza,10
16-433,FUP,Północna,27,A
16-401,FUP,Swarzędz,Średzka,2
62-017,UP,Poznańska,4,B
62-019,FUP,Swarzędz,1,skrytki/przegródki
56-501,AP,Sypniewo,Mickiewicza,57
71-686,AP,Szczecin,Bogurodzicy,1
71-071,FUP,Aleja,Niepodległości,43
70-334,FUP,Wojska,Polskiego,35
70-428,FUP,Szczecin,Pocztowa,5
70-950,UP,Wyzwolenia,44,A
70-662,FUP,Krzysztofa,Kolumba,1
70-137,FUP,Narutowicza,13,E/6
71-507,UP,Szczecin,5,skrytki/przegródki
71-545,FUP,Jana,Matejki,22
70-961,UP,Jodłowa,23,C
71-141,FUP,Łukasińskiego,38,C
71-119,FUP,Stanisława,Dubois,9
70-966,UP,Szczecin,Krakowska,19
70-765,UP,Andre,Citroena,2
70-745,FUP,Szczecin,Seledynowa,20
71-661,FUP,Szczecin,Ogrodnicza,90
71-611,FUP,Szczecin,Strzałowska,46
70-779,FUP,Emilii,Gierczak,32
70-838,FUP,Iwaszkiewicza,86,B
70-894,FUP,Szczecin,Swojska,4
71-449,UP,Jana,Dzierżonia,51
71-250,UP,Bezrzecze,Koralowa,86
78-402,FUP,Zesłańców,Sybiru,1
78-410,UP,Szczekociny,Senatorska,2
12-107,AP,Zbigniewa,Sobieszczańskiego,22
12-101,FUP,Świętajno,Dworcowa,17
18-213,AP,Szerzyny,Szerzyny,521
48-254,AP,Komuny,Paryskiej,2
67-311,FUP,Szropy,Szropy,B/N
82-402,AP,Sztum,Młyńska,10
89-205,FUP,Szudziałowo,Centralna,25
14-331,AP,Ściechów,115,A
63-101,FUP,Artura,Grottgera,48
55-333,FUP,1,Maja,60
63-002,AP,Wyszyńskiego,6,B/34
63-001,FUP,Zaniemyśl,Poznańska,27
58-102,AP,Bolka,Świdnickiego,16
21-009,FUP,Świdnik,Niepodległości,13
21-046,FUP,Świdnik,Szkolna,4
58-161,AP,Świebodzice,Świdnicka,10
42-665,FUP,Święcany,Święcany,240
11-442,AP,Świętochłowice,Pocztowa,12
27-671,AP,Stare,35,C
72-611,FUP,Juliusza,Słowackiego,18
72-610,FUP,Tabędz,16,B
12-124,AP,Warszawska,2,A
39-406,AP,Jana,Matejki,6
39-407,AP,Józefa,Bema,108
39-401,FUP,Tarnobrzeg,Zwierzyniecka,18
33-118,AP,Tarnów,Klikowska,12/3
33-103,AP,Nowy,Świat,5
33-110,FUP,Romana,Sanguszki,4
33-109,FUP,Ducha,Świętego,7
33-104,FUP,Tarnów,Gumniska,11
33-108,FUP,Tarnów,Krzyska,116
33-102,FUP,Kazimierza,Pułaskiego,91
33-101,FUP,Zgłobice,Zgłobicka,7
83-101,AP,Jarosława,Dąbrowskiego,7
83-102,FUP,Tczew,Pomorska,1
05-241,AP,Lubelski,Piekarska,5
22-605,AP,i,Wigury,4
22-671,FUP,3,Maja,24
22-602,FUP,Gabriela,Narutowicza,119
97-201,FUP,Konstantego,Koplina,1
97-204,FUP,Plac,Wolności,17
63-309,AP,Topiłówka,Topiłówka,54
63-422,AP,Toporzysko,Toporzysko,687
87-129,AP,Kaszowniku,25,A
87-121,AP,Toruń,Ugory,4
87-109,FUP,Jana,Matejki,94-96
87-117,FUP,Adama,Mickiewicza,61/1
87-118,FUP,Szosa,Chełmińska,140
87-122,FUP,Handlowa,2,A
87-101,UP,Władysława,Dziewulskiego,12
87-113,FUP,Toruń,Koszalińska,16
87-120,FUP,Toruń,Łódzka,35
87-115,UP,Antoniego,Antczaka,25
44-192,FUP,Trąbczyn,Trąbczyn,18
13-222,AP,Trypucie,Trypucie,54
32-541,AP,Osiedle,Widokowe,PRZY
32-542,AP,Wawrzyńca,Bochenka,7
55-101,AP,Adama,Mickiewicza,6
22-547,AP,Tursko,Wielkie,38
83-100,AP,Turznica,23,A
56-417,AP,Tworóg,Zamkowa,5
43-101,AP,Tychy,Budowlanych,59/8
43-105,FUP,Tychy,Harcerska,24
43-108,FUP,Towarowa,2,C
43-104,FUP,Rudolfa,Zaręby,32
36-026,FUP,Tyczyn,Lubenia,123
67-403,AP,Osiedle,Rzeka,412
09-136,AP,Unisław,Parkowa,20
76-272,FUP,Reja,5,A
43-454,FUP,Ustroń,Skoczowska,137
43-453,FUP,Bogumiła,Hoffa,1
43-463,FUP,Wańkowska,2,G
34-104,FUP,Kopernika,10,B
58-314,AP,Juliusza,Słowackiego,9
58-313,FUP,1,Maja,146
58-318,FUP,Ludwika,Hirszfelda,8
78-601,AP,Wałcz,Kilińszczaków,30
05-661,AP,Warlubie,Dworcowa,3
02-810,AP,Aleja,Krakowska,264
00-950,UP,Plac,Defilad,1
00-111,FUP,(Śródmieście),Dobra,18/20
00-959,FUP,Aleje,Jerozolimskie,54/H21
00-001,FUP,Warszawa,1,skrytki/przegródki
00-987,UP,Zamoyskiego,47,A
03-483,FUP,(Praga-Północ),Jagiellońska,59
03-370,UP,Warszawa,9,skrytki/przegródki
03-333,FUP,(Targówek),Głębocka,15/79
03-200,FUP,Warszawa,9,skrytki/przegródki
00-956,UP,Armii,Ludowej,26
00-577,FUP,(Mokotów),Kazimierzowska,53/55
02-523,FUP,(Mokotów),Dworkowa,9
02-588,FUP,Rakowiecka,2,A
02-600,UP,Warszawa,13,skrytki/przegródki
02-671,FUP,Aleja,Niepodległości,77/85
00-504,UP,Warszawa,15,skrytki/przegródki
00-965,UP,(Wola),Pańska,96
00-888,FUP,(Targówek),Radzymińska,105
03-573,FUP,(Targówek),Radzymińska,234/236
03-537,FUP,Wincentego,44,A
04-358,UP,,,Południe)
01-380,UP,(Bemowo),Człuchowska,25
01-393,FUP,Ludomiła,Rayskiego,11/11U
00-905,FUP,(Wola),Okocimska,2/3
01-421,UP,Jerzego,Waszyngtona,26
00-989,UP,Francuska,11,A
00-726,UP,Warszawa,36,skrytki/przegródki
00-729,FUP,(Mokotów),Melomanów,10
00-365,UP,(Bemowo),Rozłogi,10
00-951,UP,Pawła,II,61
01-133,UP,Warszawa,42,skrytki/przegródki
01-260,FUP,Jana,Kazimierza,15
01-379,FUP,Siedmiogrodzka,3,A
04-141,UP,,,Południe)
00-991,UP,(Praga-,Grochowska,23/31
04-340,FUP,,,Południe)
00-968,UP,"""Żywiciela""",2,C/104
01-888,FUP,Stefana,Żeromskiego,1
01-499,UP,Babice,Rynek,11
00-908,FUP,Gustawa,Morcinka,5/14
01-837,FUP,(Bemowo),Wrocławska,18
04-043,FUP,,,Południe)
00-800,UP,Warszawa,66,skrytki/przegródki
04-400,FUP,(Mokotów),Burgaska,2/4
02-906,FUP,(Mokotów),Gołkowska,17
02-944,FUP,Augusta,Hlonda,2/U-4
02-931,FUP,(Wilanów),Przyczółkowa,219/221/
02-975,FUP,Zygmunta,Vogla,62/22
00-973,UP,1752,/,1769
02-035,FUP,Aleje,Jerozolimskie,144
02-363,FUP,Aleje,Jerozolimskie,179
02-218,FUP,Pruszkowska,4,D
02-105,FUP,Warszawa,79,skrytki/przegródki
00-922,FUP,Włodarzewska,58,D/E
00-912,FUP,(Śródmieście),Nowogrodzka,45
00-963,UP,Tytusa,Chałubińskiego,4
00-694,FUP,Warszawa,81,skrytki/przegródki
00-954,UP,Krakowskie,Przedmieście,26/28
00-273,FUP,(Śródmieście),Senatorska,16
01-906,UP,Władysława,Broniewskiego,2
00-967,UP,Broniewskiego,59,A
01-680,FUP,(Śródmieście),Dzika,4
01-547,FUP,Marii,Kazimiery,1
00-996,UP,(Wawer),Lucerny,77
04-612,FUP,(Wawer),Bystrzycka,55
04-951,FUP,(Białołęka),Myśliborska,102
00-981,UP,(Białołęka),Atutowa,11
03-023,FUP,(Białołęka),Kłosowa,6
03-189,FUP,(Białołęka),Modlińska,351
03-100,FUP,Pasłęcka,8,D
04-737,UP,Warszawa,92,skrytki/przegródki
04-777,FUP,(Ursynów),Puławska,424
00-978,UP,(Ursynów),Łączyny,8
00-998,UP,Panny,Wodnej,43
02-474,UP,Warszawa,97,skrytki/przegródki
02-500,FUP,(Wola),Płocka,34
01-125,UP,Jana,Olbrachta,46
04-520,UP,Rodziny,Hiszpańskich,8
00-972,UP,Stefana,Baleya,9
02-200,FUP,Aleja,Krakowska,110/114
00-909,FUP,i,Wigury,1
02-741,UP,(Mokotów),Bełdan,2
02-498,UP,Warszawy,27,A
02-770,UP,(Ursynów),Alternatywy,6/UD-4
02-783,FUP,(Ursynów),Nugat,9/U10
02-782,FUP,Wawrzyńca,Surowieckiego,8
02-788,FUP,(Praga-,Samolotowa,4
03-998,FUP,,,Południe)
03-979,FUP,,,Południe)
03-996,FUP,,,Południe)
00-587,FUP,(Śródmieście),Ludna,4
00-930,FUP,(Śródmieście),Wspólna,4
03-148,UP,Adama,Ciołkosza,4
03-150,FUP,(Białołęka),Światowida,51/U7
05-078,FUP,(Wesoła),Wilanowska,3
03-295,UP,Leona,Berensona,12/U16
00-903,PP,Wawrzeńczyce,Wawrzeńczyce,160
84-201,AP,Pomorska,3,A
84-209,AP,III,Sobieskiego,219
84-204,FUP,Dynowa,Wesoła,55
11-603,AP,Górka,Zielona,41
28-364,AP,Węglin,Węglin,46
07-121,FUP,Miedzna,Bednarska,7
07-101,AP,Węgrzce,Wielkie,197
64-631,AP,Wiartel,12,A
64-732,AP,Wielunia,Wielgie,47
32-021,AP,Wieś,Krakowska,53
87-314,AP,Wielkie,Zajączkowo,42
98-302,AP,Jana,Stanki,7
98-305,FUP,Stefana,21,A/5
34-384,AP,Wierciochy,Wierciochy,6
62-408,AP,Wierzbowo,Wierzbowo,25
48-252,AP,Wierzchlesie,Wierzchlesie,89
77-301,AP,Wierzchuca,Nagórna,68
83-232,AP,Wilamowice,Rynek,1
11-501,AP,Wilkowice,Wiśniowa,4
64-116,AP,Wilkowo,Wilkowo,28
21-534,FUP,Rossosz,Lubelska,8
21-524,FUP,Wiszniów,36,A
59-612,AP,Władysławowo,Towarowa,4
87-808,AP,Włocławek,Jodłowa,2
87-812,FUP,Włocławek,Leśna,51
87-818,FUP,Stefana,Okrzei,63
87-805,FUP,Pawła,II,27
87-804,FUP,Włocławek,Żurawia,22
87-802,FUP,Włocławek,Polna,7/9
87-801,FUP,Włocławek,Płocka,137
22-221,FUP,Pierwszy,Osiedlowa,8
22-233,FUP,Pawła,II,27/43
22-231,FUP,1,Wyryki-Adampol,110
18-517,AP,Włostów,Włostów,246
21-481,AP,Wola,Krótka,3
88-325,AP,Tadeusza,Kościuszki,4
09-521,AP,Wola,Mielecka,373
95-206,AP,Wolbórz,Modrzewskiego,83
32-344,AP,PKS,Pl.,4
83-222,AP,Wolibórz,111,A
64-202,AP,5,Stycznia,4
64-201,FUP,1,Maja,29
05-202,FUP,Wołomin,Teligi,1
56-122,FUP,Dolny,Zwycięstwa,9
56-101,FUP,pl.,Wolności,13
08-105,AP,Woźnawieś,Woźnawieś,57
16-151,AP,Gonciarska,36,A
26-705,AP,Wólka,Nieliska,70
21-402,AP,Twarogowa,25,A
87-402,AP,Siny,Awicenny,18/1/2
50-065,AP,,,Miasto)
50-388,AP,,,Śródmieście)
50-415,UP,Wrocław,1,skrytki/przegródki
50-131,UP,,,Miasto)
50-951,UP,Władysława,Skoczylasa,19
50-990,UP,(Wrocław-,Partyzantów,17
50-966,UP,(Wrocław-Psie,Strachocińska,172
50-965,FUP,Karola,Olszewskiego,69
50-963,UP,(Wrocław-Psie,Inflancka,4
53-316,UP,Wrocław,14,skrytki/przegródki
54-623,FUP,,,Fabryczna)
53-350,UP,Wrocław,15,skrytki/przegródki
53-408,FUP,Wrocław,15,skrytki/przegródki
54-137,UP,,,Fabryczna)
50-991,UP,rynek,Rynek,28
50-211,UP,,,Pole)
50-936,UP,(Wrocław-Psie,Osobowicka,146
50-255,FUP,,,Śródmieście)
53-432,UP,,,Fabryczna)
50-984,UP,(Wrocław-Krzyki),Krzycka,11
50-050,UP,(Wrocław-Krzyki),Czekoladowa,61
50-973,FUP,Henryka,Sienkiewicza,36
50-953,UP,pl.,Uniwersytecki,1
50-342,FUP,,,Śródmieście)
50-399,FUP,,,Śródmieście)
50-300,FUP,,,Śródmieście)
50-259,FUP,,,Śródmieście)
50-385,FUP,,,Śródmieście)
51-603,FUP,,,Śródmieście)
50-386,FUP,,,Śródmieście)
51-188,UP,,,Pole)
51-161,FUP,,,Pole)
50-961,FUP,Michała,Kamieńskiego,92
51-121,FUP,,,Pole)
52-011,FUP,Wrocław,52,skrytki/przegródki
50-567,UP,(Wrocław-Krzyki),Krynicka,68
53-638,UP,,,Miasto)
50-986,UP,(Wrocław-,Bobrza,2
53-675,FUP,,,Miasto)
54-160,UP,,,Fabryczna)
54-120,FUP,,,Fabryczna)
50-994,UP,(Wrocław-,Graniczna,190
54-612,FUP,,,Fabryczna)
50-995,FUP,(Wrocław-,Sarbinowska,23-25
53-245,UP,,,Fabryczna)
50-982,UP,(Wrocław-,Giełdowa,6
52-412,FUP,,,Fabryczna)
50-090,UP,,,Miasto)
50-580,UP,(Wrocław-Krzyki),Buforowa,115
50-522,FUP,(Wrocław-Krzyki),Semaforowa,14
50-971,FUP,Stanisława,Małachowskiego,1-9
50-950,UP,Siny,Awicenny,21
98-162,AP,Wygoda,Leśna,2
59-731,AP,Wyrzysk,Pocztowa,7
18-202,AP,Mazowieckie,Zambrowska,8
29-106,AP,Wyszembork,Wyszembork,31
56-304,AP,Zabierzów,Śląska,216
41-824,AP,1760,/,1769
41-804,AP,Rogera,3,A
41-812,AP,Zabrze,Wolności,345/1A
41-822,AP,Plac,Dworcowy,1
41-827,FUP,3,Maja,60
41-816,FUP,Franklina,Roosevelta,104
41-815,FUP,Józefa,Rymera,16
41-851,PP,Zaburze,92,A
26-921,AP,Zajęczniki,5,A
34-503,FUP,Osiedle,Pardałówka,1
34-504,FUP,Zamoyskiego,1,C
18-302,AP,Tadeusza,Kościuszki,39
22-449,FUP,1,Wierzba,22/22
22-402,FUP,Zamość,Lwowska,25/37-38
22-412,FUP,Elizy,Orzeszkowej,17
22-401,FUP,Zamość,Szczebrzeska,35
22-406,FUP,Bydgoska,31,C
39-222,AP,Zawieprzyce-Kolonia,Zawieprzyce-Kolonia,7
42-401,AP,Józefa,Piłsudskiego,13
42-404,FUP,Powstańców,Śląskich,1
05-096,AP,Ząbki,Szwoleżerów,129
57-202,AP,Bolesława,Prusa,8
57-201,FUP,Ząbrowo,Szkolna,1
98-231,FUP,Spółdzielcza,22,A
47-331,FUP,Zdziwój,Stary,44
97-428,AP,Św.,Jana,30
95-103,FUP,Zgierz,Parzęczewska,32
95-101,FUP,Zgierz,Kolejowa,5
59-902,FUP,Wyspiańskiego,49,A
65-901,UP,Góra,Kokosowa,2
65-061,FUP,Osiedle,Pomorskie,13
65-913,FUP,Góra,Przylep-Solidarności,39
65-514,FUP,Góra,Racula-Głogowska,103
65-118,FUP,Truskawkowa,17,A
65-613,FUP,1,Maja,15
63-906,AP,Zielonka,Jagiellońska,11
09-305,AP,Ziębice,Kolejowa,15
46-063,AP,Zimnowoda,Zimnowoda,1
16-071,AP,Złotoryja,Basztowa,21
59-501,AP,Jana,Matejki,7
57-252,AP,Wojska,Polskiego,23
22-443,FUP,3,Maja,28
33-242,AP,Konopnickiej,2,G
68-104,AP,Szprotawska,43,B
68-105,FUP,Górce,46,A
68-101,FUP,Żarnowiec,Warszawska,13
68-214,FUP,pl.,Inwalidów,9
68-203,FUP,Żegocin,Żegocin,10
08-456,FUP,Żelechy,Żelechy,3
88-402,FUP,Żnin,Tysiąclecia,3
44-243,AP,Żory,Boryńska,4
06-542,FUP,Władysława,Reymonta,3
06-551,FUP,Żuromin,Lidzbarska,22/34H
96-303,AP,Żyrardów,Jaktorowska,23
96-302,FUP,Szarych,Szeregów,1
96-304,FUP,Marii,Konopnickiej,1
34-302,AP,Żywiec,Zielona,3
00-940,Poczta,,,Centrala
40-940,Centrum,Rodziny,Hiszpańskich,8
15-959,Region,Targ,Rakowy,7/8
20-900,Region,T.,Kościuszki,5/7
60-943,Region,Aleja,Niepodległości,41/42
00-941,Region,Powstańców,Śląskich,134
30-945,Region,Kraków,Prokocimska,6
85-900,POL,Białystok,Kolejowa,26
85-700,Wydział,Suwalska,4,B
80-900,Wydział,w,Pruszczu,Gdańskim
81-900,Dział,Szarych,Szeregów,20
42-200,Wydział,Katowice,Rolna,7
43-302,Dział,Stanisława,Orzechowskiego,7
40-950,Dział,Wspólna,1,N
25-900,Wydział,,w,Kielcach
90-900,Region,Łódź,Obywatelska,121/129
97-303,Dział,,,Trybunalski
60-900,POL,Kazimierza,Jagiellończyka,4
62-808,Dział,,w,Kaliszu
65-900,Dział,w,Zielonej,Górze
00-900,Region,Gostkowska,39,A
05-900,Wydział,Ciemne,Logistyczna,10
50-900,Region,1767,/,1769
58-319,Dział,Pion,Sprzedaży,(PS)
80-940,Region,Kazimierza,Jagiellończyka,4
30-940,Region,Krakowskie,Przedmieście,50
35-959,Region,Aleja,Niepodległości,41/42
50-945,Region,jednostki,Poczty,Polskiej
85-940,Centrum,Karola,Miarki,4
00-935,Centrum,,,999
95-042,Dział,1768,/,1769
